cleaned_question,predicted_label,classification_confidence,source,reason
How do you prioritize technical debt against high-priority user-facing product features when sprint capacity is constrained?,Communication,0.5667,PublicBehavioralCorpus,Moderate confidence review queue (0.50-0.75)
Tell me about a time you had to step in and take ownership of an abandoned microservice to keep customer SLAs intact.,Communication,0.3705,PublicBehavioralCorpus,Low semantic confidence (<0.50)
Describe how you drove engineering culture and automated testing standards across your development organization.,Leadership,0.6245,PublicBehavioralCorpus,Moderate confidence review queue (0.50-0.75)
Tell me about a time you had to push back on executive leadership regarding an unrealistic product launch deadline.,Leadership,0.526,PublicBehavioralCorpus,Moderate confidence review queue (0.50-0.75)
Tell me about a time you advocated for retiring a legacy system despite resistance from business teams who relied on it.,Leadership,0.5785,PublicBehavioralCorpus,Moderate confidence review queue (0.50-0.75)
Describe a situation where a critical dependency was delayed by a partner team. How did you unblock your engineering squad?,Leadership,0.4981,PublicBehavioralCorpus,Low semantic confidence (<0.50)
How do you balance delegating technical implementation to junior engineers while ensuring architectural correctness?,Leadership,0.5731,PublicBehavioralCorpus,Moderate confidence review queue (0.50-0.75)
Tell me about a time you designed an incident management rotation and post-mortem review process from scratch.,Communication,0.4731,PublicBehavioralCorpus,Low semantic confidence (<0.50)
Describe a scenario where you identified a security vulnerability in production and rallied multiple teams to patch it within 24 hours.,Communication,0.6437,PublicBehavioralCorpus,Moderate confidence review queue (0.50-0.75)
How do you evaluate engineering candidates during technical interviews to ensure objective evaluation and eliminate unconscious bias?,Communication,0.6549,PublicBehavioralCorpus,Moderate confidence review queue (0.50-0.75)
Describe how you managed scope creep when product managers repeatedly introduced new feature requests midway through a sprint.,Communication,0.587,PublicBehavioralCorpus,Moderate confidence review queue (0.50-0.75)
How do you foster an engineering culture that encourages rapid experimentation without compromising system reliability?,Leadership,0.5536,PublicBehavioralCorpus,Moderate confidence review queue (0.50-0.75)
Tell me about a time when an engineer on your team made a catastrophic production mistake. How did you conduct a blameless post-mortem?,Communication,0.6394,PublicBehavioralCorpus,Moderate confidence review queue (0.50-0.75)
Describe how you negotiated service level objectives (SLOs) and error budgets with product and operations teams.,Leadership,0.541,PublicBehavioralCorpus,Moderate confidence review queue (0.50-0.75)
Describe a situation where you had to present an incident post-mortem and root cause analysis to C-level executives.,Problem Solving,0.6862,PublicBehavioralCorpus,Moderate confidence review queue (0.50-0.75)
"Describe a time you translated high-level business goals into precise, testable technical requirements for your engineering squad.",Leadership,0.701,PublicBehavioralCorpus,Moderate confidence review queue (0.50-0.75)
"How do you run effective, inclusive daily stand-up meetings that do not devolve into micromanagement or status reports?",Leadership,0.6421,PublicBehavioralCorpus,Moderate confidence review queue (0.50-0.75)
Describe a time you had to make a tough architectural trade-off as a backend engineer during a high-traffic Black Friday deployment.,Communication,0.6325,PublicBehavioralCorpus,Moderate confidence review queue (0.50-0.75)
Tell me about a time you led a post-mortem discussion as a backend engineer after a critical failure during a high-traffic Black Friday deployment.,Communication,0.6514,PublicBehavioralCorpus,Moderate confidence review queue (0.50-0.75)
Tell me about a time you championed code quality and testing rigor as a backend engineer during a high-traffic Black Friday deployment.,Leadership,0.5483,PublicBehavioralCorpus,Moderate confidence review queue (0.50-0.75)
How do you approach knowledge sharing and technical documentation within your engineering squad as a backend engineer?,Leadership,0.5156,PublicBehavioralCorpus,Moderate confidence review queue (0.50-0.75)
Tell me about a time you advocated for engineering resources to retire technical debt as a backend engineer during a high-traffic Black Friday deployment.,Communication,0.6425,PublicBehavioralCorpus,Moderate confidence review queue (0.50-0.75)
Tell me about a time you had to negotiate API contracts with another engineering squad during a high-traffic Black Friday deployment.,Communication,0.4571,PublicBehavioralCorpus,Low semantic confidence (<0.50)
How do you explain the latency impact of database queries to marketing and product teams as a backend engineer?,Technical Knowledge,0.5238,PublicBehavioralCorpus,Moderate confidence review queue (0.50-0.75)
How do you communicate breaking API changes across multiple client applications as a backend engineer during a high-traffic Black Friday deployment?,Communication,0.5443,PublicBehavioralCorpus,Moderate confidence review queue (0.50-0.75)
How do you facilitate cross-team architectural reviews when squads have conflicting design philosophies as a backend engineer?,Communication,0.6392,PublicBehavioralCorpus,Moderate confidence review queue (0.50-0.75)
"As a backend engineer, tell me about a time you took initiative to resolve a complex technical bottleneck while migrating a monolithic database to microservices.",Problem Solving,0.4373,PublicBehavioralCorpus,Low semantic confidence (<0.50)
Tell me about a time you led a post-mortem discussion as a backend engineer after a critical failure while migrating a monolithic database to microservices.,Leadership,0.5502,PublicBehavioralCorpus,Moderate confidence review queue (0.50-0.75)
Tell me about a time you championed code quality and testing rigor as a backend engineer while migrating a monolithic database to microservices.,Role-Specific Skills,0.4206,PublicBehavioralCorpus,Low semantic confidence (<0.50)
"As a backend engineer, how do you balance long-term engineering excellence with immediate business delivery while migrating a monolithic database to microservices?",Role-Specific Skills,0.623,PublicBehavioralCorpus,Moderate confidence review queue (0.50-0.75)
Tell me about a time you advocated for engineering resources to retire technical debt as a backend engineer while migrating a monolithic database to microservices.,Communication,0.3646,PublicBehavioralCorpus,Low semantic confidence (<0.50)
"As a backend engineer, how do you articulate complex architectural trade-offs to non-technical business partners while migrating a monolithic database to microservices?",Role-Specific Skills,0.5178,PublicBehavioralCorpus,Moderate confidence review queue (0.50-0.75)
Tell me about a time you had to deliver unexpected bad news regarding project timelines as a backend engineer while migrating a monolithic database to microservices.,Role-Specific Skills,0.4582,PublicBehavioralCorpus,Low semantic confidence (<0.50)
"How do you foster transparent, blameless technical communication across distributed engineering squads while migrating a monolithic database to microservices?",Communication,0.6939,PublicBehavioralCorpus,Moderate confidence review queue (0.50-0.75)
Describe a time you presented the post-mortem of a production outage to cross-functional stakeholders while migrating a monolithic database to microservices.,Communication,0.6476,PublicBehavioralCorpus,Moderate confidence review queue (0.50-0.75)
"As a backend engineer, tell me about a time you took initiative to resolve a complex technical bottleneck in a high-growth startup environment with rapid feature turnover.",Problem Solving,0.6811,PublicBehavioralCorpus,Moderate confidence review queue (0.50-0.75)
"As a backend engineer, how do you articulate complex architectural trade-offs to non-technical business partners in a high-growth startup environment with rapid feature turnover?",Communication,0.723,PublicBehavioralCorpus,Moderate confidence review queue (0.50-0.75)
Tell me about a time you had to deliver unexpected bad news regarding project timelines as a backend engineer in a high-growth startup environment with rapid feature turnover.,Communication,0.5168,PublicBehavioralCorpus,Moderate confidence review queue (0.50-0.75)
"How do you foster transparent, blameless technical communication across distributed engineering squads in a high-growth startup environment with rapid feature turnover?",Communication,0.5691,PublicBehavioralCorpus,Moderate confidence review queue (0.50-0.75)
Tell me about a time you had to negotiate API contracts with another engineering squad in a high-growth startup environment with rapid feature turnover.,Leadership,0.7409,PublicBehavioralCorpus,Moderate confidence review queue (0.50-0.75)
How do you give constructive architectural feedback to a developer who is resistant to critique in a high-growth startup environment with rapid feature turnover?,Communication,0.7452,PublicBehavioralCorpus,Moderate confidence review queue (0.50-0.75)
Describe a time you presented the post-mortem of a production outage to cross-functional stakeholders in a high-growth startup environment with rapid feature turnover.,Communication,0.7315,PublicBehavioralCorpus,Moderate confidence review queue (0.50-0.75)
How do you communicate breaking API changes across multiple client applications as a backend engineer in a high-growth startup environment with rapid feature turnover?,Communication,0.5083,PublicBehavioralCorpus,Moderate confidence review queue (0.50-0.75)
Describe a time you had to make a tough architectural trade-off as a backend engineer under strict SOC2 and GDPR compliance audits.,Communication,0.5427,PublicBehavioralCorpus,Moderate confidence review queue (0.50-0.75)
Tell me about a time you led a post-mortem discussion as a backend engineer after a critical failure under strict SOC2 and GDPR compliance audits.,Leadership,0.524,PublicBehavioralCorpus,Moderate confidence review queue (0.50-0.75)
Tell me about a time you championed code quality and testing rigor as a backend engineer under strict SOC2 and GDPR compliance audits.,Leadership,0.5968,PublicBehavioralCorpus,Moderate confidence review queue (0.50-0.75)
Tell me about a time you advocated for engineering resources to retire technical debt as a backend engineer under strict SOC2 and GDPR compliance audits.,Communication,0.57,PublicBehavioralCorpus,Moderate confidence review queue (0.50-0.75)
Tell me about a time you had to deliver unexpected bad news regarding project timelines as a backend engineer under strict SOC2 and GDPR compliance audits.,Communication,0.745,PublicBehavioralCorpus,Moderate confidence review queue (0.50-0.75)
Tell me about a time you had to negotiate API contracts with another engineering squad under strict SOC2 and GDPR compliance audits.,Communication,0.3594,PublicBehavioralCorpus,Low semantic confidence (<0.50)
How do you communicate breaking API changes across multiple client applications as a backend engineer under strict SOC2 and GDPR compliance audits?,Role-Specific Skills,0.5499,PublicBehavioralCorpus,Moderate confidence review queue (0.50-0.75)
Describe a time you had to make a tough architectural trade-off as a backend engineer when facing unexpected cloud provider infrastructure outages.,Problem Solving,0.4323,PublicBehavioralCorpus,Low semantic confidence (<0.50)
Tell me about a time you led a post-mortem discussion as a backend engineer after a critical failure when facing unexpected cloud provider infrastructure outages.,Communication,0.5047,PublicBehavioralCorpus,Moderate confidence review queue (0.50-0.75)
Give an example of how you motivated your squad as a backend engineer to deliver a challenging milestone when facing unexpected cloud provider infrastructure outages.,Leadership,0.7303,PublicBehavioralCorpus,Moderate confidence review queue (0.50-0.75)
Tell me about a time you championed code quality and testing rigor as a backend engineer when facing unexpected cloud provider infrastructure outages.,Communication,0.4121,PublicBehavioralCorpus,Low semantic confidence (<0.50)
"As a backend engineer, how do you balance long-term engineering excellence with immediate business delivery when facing unexpected cloud provider infrastructure outages?",Leadership,0.5323,PublicBehavioralCorpus,Moderate confidence review queue (0.50-0.75)
Tell me about a time you advocated for engineering resources to retire technical debt as a backend engineer when facing unexpected cloud provider infrastructure outages.,Communication,0.6667,PublicBehavioralCorpus,Moderate confidence review queue (0.50-0.75)
Tell me about a time you had to deliver unexpected bad news regarding project timelines as a backend engineer when facing unexpected cloud provider infrastructure outages.,Communication,0.5363,PublicBehavioralCorpus,Moderate confidence review queue (0.50-0.75)
"As a backend engineer, how do you explain the risks of technical debt to executive leadership when facing unexpected cloud provider infrastructure outages?",Leadership,0.6913,PublicBehavioralCorpus,Moderate confidence review queue (0.50-0.75)
Tell me about a time you had to negotiate API contracts with another engineering squad when facing unexpected cloud provider infrastructure outages.,Role-Specific Skills,0.4072,PublicBehavioralCorpus,Low semantic confidence (<0.50)
How do you communicate breaking API changes across multiple client applications as a backend engineer when facing unexpected cloud provider infrastructure outages?,Role-Specific Skills,0.6229,PublicBehavioralCorpus,Moderate confidence review queue (0.50-0.75)
Tell me about a time you advocated for engineering resources to retire technical debt as a backend engineer while onboarding three new remote team members simultaneously.,Leadership,0.7126,PublicBehavioralCorpus,Moderate confidence review queue (0.50-0.75)
Tell me about a time you had to deliver unexpected bad news regarding project timelines as a backend engineer while onboarding three new remote team members simultaneously.,Communication,0.5555,PublicBehavioralCorpus,Moderate confidence review queue (0.50-0.75)
"How do you foster transparent, blameless technical communication across distributed engineering squads while onboarding three new remote team members simultaneously?",Communication,0.7356,PublicBehavioralCorpus,Moderate confidence review queue (0.50-0.75)
Tell me about a time you had to negotiate API contracts with another engineering squad while onboarding three new remote team members simultaneously.,Leadership,0.6737,PublicBehavioralCorpus,Moderate confidence review queue (0.50-0.75)
How do you communicate breaking API changes across multiple client applications as a backend engineer while onboarding three new remote team members simultaneously?,Communication,0.6403,PublicBehavioralCorpus,Moderate confidence review queue (0.50-0.75)
"As a backend engineer, tell me about a time you took initiative to resolve a complex technical bottleneck during an enterprise customer escalation.",Problem Solving,0.4178,PublicBehavioralCorpus,Low semantic confidence (<0.50)
Describe a time you had to make a tough architectural trade-off as a backend engineer during an enterprise customer escalation.,Communication,0.7248,PublicBehavioralCorpus,Moderate confidence review queue (0.50-0.75)
Tell me about a time you led a post-mortem discussion as a backend engineer after a critical failure during an enterprise customer escalation.,Communication,0.6296,PublicBehavioralCorpus,Moderate confidence review queue (0.50-0.75)
Tell me about a time you championed code quality and testing rigor as a backend engineer during an enterprise customer escalation.,Leadership,0.5486,PublicBehavioralCorpus,Moderate confidence review queue (0.50-0.75)
Tell me about a time you had to negotiate API contracts with another engineering squad during an enterprise customer escalation.,Communication,0.6946,PublicBehavioralCorpus,Moderate confidence review queue (0.50-0.75)
"As a backend engineer, tell me about a time you took initiative to resolve a complex technical bottleneck when refactoring legacy technical debt under tight sprint constraints.",Problem Solving,0.4473,PublicBehavioralCorpus,Low semantic confidence (<0.50)
Describe a time you had to make a tough architectural trade-off as a backend engineer when refactoring legacy technical debt under tight sprint constraints.,Communication,0.5599,PublicBehavioralCorpus,Moderate confidence review queue (0.50-0.75)
Tell me about a time you led a post-mortem discussion as a backend engineer after a critical failure when refactoring legacy technical debt under tight sprint constraints.,Leadership,0.5772,PublicBehavioralCorpus,Moderate confidence review queue (0.50-0.75)
Tell me about a time you championed code quality and testing rigor as a backend engineer when refactoring legacy technical debt under tight sprint constraints.,Leadership,0.6189,PublicBehavioralCorpus,Moderate confidence review queue (0.50-0.75)
Tell me about a time you advocated for engineering resources to retire technical debt as a backend engineer when refactoring legacy technical debt under tight sprint constraints.,Communication,0.5536,PublicBehavioralCorpus,Moderate confidence review queue (0.50-0.75)
Tell me about a time you had to negotiate API contracts with another engineering squad when refactoring legacy technical debt under tight sprint constraints.,Communication,0.5258,PublicBehavioralCorpus,Moderate confidence review queue (0.50-0.75)
"As a backend engineer, tell me about a time you took initiative to resolve a complex technical bottleneck while establishing continuous integration and automated deployment pipelines.",Problem Solving,0.6586,PublicBehavioralCorpus,Moderate confidence review queue (0.50-0.75)
Describe a time you had to make a tough architectural trade-off as a backend engineer while establishing continuous integration and automated deployment pipelines.,Communication,0.4145,PublicBehavioralCorpus,Low semantic confidence (<0.50)
Tell me about a time you led a post-mortem discussion as a backend engineer after a critical failure while establishing continuous integration and automated deployment pipelines.,Leadership,0.6068,PublicBehavioralCorpus,Moderate confidence review queue (0.50-0.75)
Tell me about a time you championed code quality and testing rigor as a backend engineer while establishing continuous integration and automated deployment pipelines.,Leadership,0.6945,PublicBehavioralCorpus,Moderate confidence review queue (0.50-0.75)
Tell me about a time you had to deliver unexpected bad news regarding project timelines as a backend engineer while establishing continuous integration and automated deployment pipelines.,Communication,0.73,PublicBehavioralCorpus,Moderate confidence review queue (0.50-0.75)
Tell me about a time you had to negotiate API contracts with another engineering squad while establishing continuous integration and automated deployment pipelines.,Role-Specific Skills,0.6178,PublicBehavioralCorpus,Moderate confidence review queue (0.50-0.75)
"As a backend engineer, tell me about a time you took initiative to resolve a complex technical bottleneck during an end-to-end zero-trust architecture transition.",Problem Solving,0.717,PublicBehavioralCorpus,Moderate confidence review queue (0.50-0.75)
Describe a time you had to make a tough architectural trade-off as a backend engineer during an end-to-end zero-trust architecture transition.,Communication,0.6388,PublicBehavioralCorpus,Moderate confidence review queue (0.50-0.75)
Tell me about a time you led a post-mortem discussion as a backend engineer after a critical failure during an end-to-end zero-trust architecture transition.,Communication,0.5067,PublicBehavioralCorpus,Moderate confidence review queue (0.50-0.75)
Tell me about a time you championed code quality and testing rigor as a backend engineer during an end-to-end zero-trust architecture transition.,Leadership,0.4845,PublicBehavioralCorpus,Low semantic confidence (<0.50)
Tell me about a time you advocated for engineering resources to retire technical debt as a backend engineer during an end-to-end zero-trust architecture transition.,Communication,0.6008,PublicBehavioralCorpus,Moderate confidence review queue (0.50-0.75)
Tell me about a time you had to negotiate API contracts with another engineering squad during an end-to-end zero-trust architecture transition.,Communication,0.3832,PublicBehavioralCorpus,Low semantic confidence (<0.50)
How do you communicate breaking API changes across multiple client applications as a backend engineer during an end-to-end zero-trust architecture transition?,Communication,0.5499,PublicBehavioralCorpus,Moderate confidence review queue (0.50-0.75)
Give an example of how you motivated your squad as a backend engineer to deliver a challenging milestone while troubleshooting cascading microservice latency spikes.,Leadership,0.6465,PublicBehavioralCorpus,Moderate confidence review queue (0.50-0.75)
"As a backend engineer, how do you balance long-term engineering excellence with immediate business delivery while troubleshooting cascading microservice latency spikes?",Problem Solving,0.6327,PublicBehavioralCorpus,Moderate confidence review queue (0.50-0.75)
Tell me about a time as a backend engineer you coached an engineer struggling with production reliability standards while troubleshooting cascading microservice latency spikes.,Leadership,0.473,PublicBehavioralCorpus,Low semantic confidence (<0.50)
Tell me about a time you advocated for engineering resources to retire technical debt as a backend engineer while troubleshooting cascading microservice latency spikes.,Problem Solving,0.6414,PublicBehavioralCorpus,Moderate confidence review queue (0.50-0.75)
"How do you foster transparent, blameless technical communication across distributed engineering squads while troubleshooting cascading microservice latency spikes?",Communication,0.7455,PublicBehavioralCorpus,Moderate confidence review queue (0.50-0.75)
"As a backend engineer, how do you explain the risks of technical debt to executive leadership while troubleshooting cascading microservice latency spikes?",Leadership,0.7404,PublicBehavioralCorpus,Moderate confidence review queue (0.50-0.75)
How do you give constructive architectural feedback to a developer who is resistant to critique while troubleshooting cascading microservice latency spikes?,Communication,0.7494,PublicBehavioralCorpus,Moderate confidence review queue (0.50-0.75)
How do you communicate breaking API changes across multiple client applications as a backend engineer while troubleshooting cascading microservice latency spikes?,Problem Solving,0.6644,PublicBehavioralCorpus,Moderate confidence review queue (0.50-0.75)
Describe a time you had to make a tough architectural trade-off as a backend engineer during a critical multi-region database failover drill.,Communication,0.386,PublicBehavioralCorpus,Low semantic confidence (<0.50)
Tell me about a time you led a post-mortem discussion as a backend engineer after a critical failure during a critical multi-region database failover drill.,Communication,0.4134,PublicBehavioralCorpus,Low semantic confidence (<0.50)
Tell me about a time you championed code quality and testing rigor as a backend engineer during a critical multi-region database failover drill.,Communication,0.4123,PublicBehavioralCorpus,Low semantic confidence (<0.50)
"As a backend engineer, how do you balance long-term engineering excellence with immediate business delivery during a critical multi-region database failover drill?",Leadership,0.6079,PublicBehavioralCorpus,Moderate confidence review queue (0.50-0.75)
Tell me about a time you advocated for engineering resources to retire technical debt as a backend engineer during a critical multi-region database failover drill.,Communication,0.5879,PublicBehavioralCorpus,Moderate confidence review queue (0.50-0.75)
Tell me about a time you had to deliver unexpected bad news regarding project timelines as a backend engineer during a critical multi-region database failover drill.,Communication,0.5949,PublicBehavioralCorpus,Moderate confidence review queue (0.50-0.75)
Tell me about a time you had to negotiate API contracts with another engineering squad during a critical multi-region database failover drill.,Role-Specific Skills,0.4258,PublicBehavioralCorpus,Low semantic confidence (<0.50)
How do you communicate breaking API changes across multiple client applications as a backend engineer during a critical multi-region database failover drill?,Role-Specific Skills,0.5605,PublicBehavioralCorpus,Moderate confidence review queue (0.50-0.75)
Tell me about a time you advocated for engineering resources to retire technical debt as a frontend engineer in a high-growth startup environment with rapid feature turnover.,Leadership,0.6744,PublicBehavioralCorpus,Moderate confidence review queue (0.50-0.75)
"Describe a situation where, as a full-stack developer, you had to influence technical decisions without having formal management authority.",Communication,0.7353,PublicBehavioralCorpus,Moderate confidence review queue (0.50-0.75)
Describe a time you had to make a tough architectural trade-off as a full-stack developer during a high-traffic Black Friday deployment.,Communication,0.3834,PublicBehavioralCorpus,Low semantic confidence (<0.50)
Describe a time you had to make a tough architectural trade-off as a full-stack developer in a high-growth startup environment with rapid feature turnover.,Leadership,0.6788,PublicBehavioralCorpus,Moderate confidence review queue (0.50-0.75)
Tell me about a time you led a post-mortem discussion as a full-stack developer after a critical failure in a high-growth startup environment with rapid feature turnover.,Leadership,0.7424,PublicBehavioralCorpus,Moderate confidence review queue (0.50-0.75)
Describe a time you had to make a tough architectural trade-off as a full-stack developer during an enterprise customer escalation.,Communication,0.6112,PublicBehavioralCorpus,Moderate confidence review queue (0.50-0.75)
Tell me about a time you advocated for engineering resources to retire technical debt as a full-stack developer during an enterprise customer escalation.,Communication,0.6513,PublicBehavioralCorpus,Moderate confidence review queue (0.50-0.75)
Describe a time you had to make a tough architectural trade-off as a full-stack developer while establishing continuous integration and automated deployment pipelines.,Role-Specific Skills,0.4147,PublicBehavioralCorpus,Low semantic confidence (<0.50)
Tell me about a time you led a post-mortem discussion as a full-stack developer after a critical failure while establishing continuous integration and automated deployment pipelines.,Leadership,0.6648,PublicBehavioralCorpus,Moderate confidence review queue (0.50-0.75)
Describe a time you had to make a tough architectural trade-off as a full-stack developer during an end-to-end zero-trust architecture transition.,Communication,0.4101,PublicBehavioralCorpus,Low semantic confidence (<0.50)
Tell me about a time as a full-stack developer you coached an engineer struggling with production reliability standards while troubleshooting cascading microservice latency spikes.,Problem Solving,0.6839,PublicBehavioralCorpus,Moderate confidence review queue (0.50-0.75)
"Describe a situation where, as a DevOps engineer, you had to influence technical decisions without having formal management authority.",Communication,0.5468,PublicBehavioralCorpus,Moderate confidence review queue (0.50-0.75)
How do you handle setting technical direction as a DevOps engineer when there is significant ambiguity in requirements?,Communication,0.6024,PublicBehavioralCorpus,Moderate confidence review queue (0.50-0.75)
How do you approach knowledge sharing and technical documentation within your engineering squad as a DevOps engineer?,Leadership,0.7122,PublicBehavioralCorpus,Moderate confidence review queue (0.50-0.75)
Describe a time you had to make a tough architectural trade-off as a DevOps engineer under strict SOC2 and GDPR compliance audits.,Leadership,0.4549,PublicBehavioralCorpus,Low semantic confidence (<0.50)
Tell me about a time you led a post-mortem discussion as a DevOps engineer after a critical failure under strict SOC2 and GDPR compliance audits.,Leadership,0.7215,PublicBehavioralCorpus,Moderate confidence review queue (0.50-0.75)
Describe a time you had to make a tough architectural trade-off as a DevOps engineer during an enterprise customer escalation.,Communication,0.4756,PublicBehavioralCorpus,Low semantic confidence (<0.50)
Tell me about a time you led a post-mortem discussion as a DevOps engineer after a critical failure during an enterprise customer escalation.,Leadership,0.6093,PublicBehavioralCorpus,Moderate confidence review queue (0.50-0.75)
Describe a time you had to make a tough architectural trade-off as a DevOps engineer when refactoring legacy technical debt under tight sprint constraints.,Leadership,0.5315,PublicBehavioralCorpus,Moderate confidence review queue (0.50-0.75)
Tell me about a time you led a post-mortem discussion as a DevOps engineer after a critical failure when refactoring legacy technical debt under tight sprint constraints.,Leadership,0.7418,PublicBehavioralCorpus,Moderate confidence review queue (0.50-0.75)
Describe a time you had to make a tough architectural trade-off as a DevOps engineer while establishing continuous integration and automated deployment pipelines.,Role-Specific Skills,0.4329,PublicBehavioralCorpus,Low semantic confidence (<0.50)
Tell me about a time you advocated for engineering resources to retire technical debt as a DevOps engineer while establishing continuous integration and automated deployment pipelines.,Leadership,0.5842,PublicBehavioralCorpus,Moderate confidence review queue (0.50-0.75)
Describe a time you had to make a tough architectural trade-off as a DevOps engineer during an end-to-end zero-trust architecture transition.,Leadership,0.4039,PublicBehavioralCorpus,Low semantic confidence (<0.50)
Tell me about an experience as a cloud infrastructure engineer where you identified a team-wide process inefficiency and successfully overhauled it.,Leadership,0.6834,PublicBehavioralCorpus,Moderate confidence review queue (0.50-0.75)
Describe a time you had to make a tough architectural trade-off as a cloud infrastructure engineer during a high-traffic Black Friday deployment.,Communication,0.5147,PublicBehavioralCorpus,Moderate confidence review queue (0.50-0.75)
How do you handle setting technical direction as a cloud infrastructure engineer when there is significant ambiguity in requirements?,Communication,0.6968,PublicBehavioralCorpus,Moderate confidence review queue (0.50-0.75)
How do you approach knowledge sharing and technical documentation within your engineering squad as a cloud infrastructure engineer?,Leadership,0.5262,PublicBehavioralCorpus,Moderate confidence review queue (0.50-0.75)
"As a cloud infrastructure engineer, tell me about a time you took initiative to resolve a complex technical bottleneck in a high-growth startup environment with rapid feature turnover.",Problem Solving,0.7426,PublicBehavioralCorpus,Moderate confidence review queue (0.50-0.75)
Describe a time you had to make a tough architectural trade-off as a cloud infrastructure engineer in a high-growth startup environment with rapid feature turnover.,Leadership,0.6067,PublicBehavioralCorpus,Moderate confidence review queue (0.50-0.75)
Tell me about a time you led a post-mortem discussion as a cloud infrastructure engineer after a critical failure in a high-growth startup environment with rapid feature turnover.,Leadership,0.7492,PublicBehavioralCorpus,Moderate confidence review queue (0.50-0.75)
Tell me about a time you had to deliver unexpected bad news regarding project timelines as a cloud infrastructure engineer in a high-growth startup environment with rapid feature turnover.,Communication,0.5345,PublicBehavioralCorpus,Moderate confidence review queue (0.50-0.75)
Describe a time you had to make a tough architectural trade-off as a cloud infrastructure engineer under strict SOC2 and GDPR compliance audits.,Communication,0.4706,PublicBehavioralCorpus,Low semantic confidence (<0.50)
Describe a time you had to make a tough architectural trade-off as a cloud infrastructure engineer while onboarding three new remote team members simultaneously.,Leadership,0.7124,PublicBehavioralCorpus,Moderate confidence review queue (0.50-0.75)
"As a cloud infrastructure engineer, tell me about a time you took initiative to resolve a complex technical bottleneck during an enterprise customer escalation.",Problem Solving,0.6141,PublicBehavioralCorpus,Moderate confidence review queue (0.50-0.75)
Describe a time you had to make a tough architectural trade-off as a cloud infrastructure engineer during an enterprise customer escalation.,Communication,0.6612,PublicBehavioralCorpus,Moderate confidence review queue (0.50-0.75)
Describe a time you had to make a tough architectural trade-off as a cloud infrastructure engineer when refactoring legacy technical debt under tight sprint constraints.,Communication,0.5613,PublicBehavioralCorpus,Moderate confidence review queue (0.50-0.75)
Tell me about a time you led a post-mortem discussion as a cloud infrastructure engineer after a critical failure when refactoring legacy technical debt under tight sprint constraints.,Leadership,0.5827,PublicBehavioralCorpus,Moderate confidence review queue (0.50-0.75)
Describe a time you had to make a tough architectural trade-off as a cloud infrastructure engineer while establishing continuous integration and automated deployment pipelines.,Role-Specific Skills,0.6466,PublicBehavioralCorpus,Moderate confidence review queue (0.50-0.75)
Tell me about a time you led a post-mortem discussion as a cloud infrastructure engineer after a critical failure while establishing continuous integration and automated deployment pipelines.,Leadership,0.5968,PublicBehavioralCorpus,Moderate confidence review queue (0.50-0.75)
Describe a time you had to make a tough architectural trade-off as a cloud infrastructure engineer during an end-to-end zero-trust architecture transition.,Communication,0.4654,PublicBehavioralCorpus,Low semantic confidence (<0.50)
Tell me about a time you led a post-mortem discussion as a cloud infrastructure engineer after a critical failure during an end-to-end zero-trust architecture transition.,Leadership,0.4638,PublicBehavioralCorpus,Low semantic confidence (<0.50)
Tell me about a time as a cloud infrastructure engineer you coached an engineer struggling with production reliability standards while troubleshooting cascading microservice latency spikes.,Leadership,0.5706,PublicBehavioralCorpus,Moderate confidence review queue (0.50-0.75)
Tell me about an experience as a data engineer where you identified a team-wide process inefficiency and successfully overhauled it.,Leadership,0.697,PublicBehavioralCorpus,Moderate confidence review queue (0.50-0.75)
Describe a time you had to make a tough architectural trade-off as a machine learning engineer during a high-traffic Black Friday deployment.,Communication,0.5954,PublicBehavioralCorpus,Moderate confidence review queue (0.50-0.75)
Tell me about a time you led a post-mortem discussion as a machine learning engineer after a critical failure during a high-traffic Black Friday deployment.,Communication,0.5998,PublicBehavioralCorpus,Moderate confidence review queue (0.50-0.75)
How do you approach knowledge sharing and technical documentation within your engineering squad as a machine learning engineer?,Communication,0.54,PublicBehavioralCorpus,Moderate confidence review queue (0.50-0.75)
Describe a time you had to make a tough architectural trade-off as a machine learning engineer while migrating a monolithic database to microservices.,Role-Specific Skills,0.4937,PublicBehavioralCorpus,Low semantic confidence (<0.50)
Tell me about a time you led a post-mortem discussion as a machine learning engineer after a critical failure while migrating a monolithic database to microservices.,Leadership,0.6587,PublicBehavioralCorpus,Moderate confidence review queue (0.50-0.75)
Tell me about a time you championed code quality and testing rigor as a machine learning engineer while migrating a monolithic database to microservices.,Leadership,0.5761,PublicBehavioralCorpus,Moderate confidence review queue (0.50-0.75)
Describe a time you had to make a tough architectural trade-off as a machine learning engineer in a high-growth startup environment with rapid feature turnover.,Leadership,0.6955,PublicBehavioralCorpus,Moderate confidence review queue (0.50-0.75)
Describe a time you had to make a tough architectural trade-off as a machine learning engineer under strict SOC2 and GDPR compliance audits.,Communication,0.5401,PublicBehavioralCorpus,Moderate confidence review queue (0.50-0.75)
Tell me about a time you led a post-mortem discussion as a machine learning engineer after a critical failure under strict SOC2 and GDPR compliance audits.,Leadership,0.4714,PublicBehavioralCorpus,Low semantic confidence (<0.50)
Describe a time you had to make a tough architectural trade-off as a machine learning engineer when facing unexpected cloud provider infrastructure outages.,Problem Solving,0.4806,PublicBehavioralCorpus,Low semantic confidence (<0.50)
Tell me about a time you led a post-mortem discussion as a machine learning engineer after a critical failure when facing unexpected cloud provider infrastructure outages.,Communication,0.457,PublicBehavioralCorpus,Low semantic confidence (<0.50)
Give an example of how you motivated your squad as a machine learning engineer to deliver a challenging milestone when facing unexpected cloud provider infrastructure outages.,Leadership,0.7032,PublicBehavioralCorpus,Moderate confidence review queue (0.50-0.75)
"As a machine learning engineer, how do you balance long-term engineering excellence with immediate business delivery when facing unexpected cloud provider infrastructure outages?",Leadership,0.5744,PublicBehavioralCorpus,Moderate confidence review queue (0.50-0.75)
"As a machine learning engineer, tell me about a time you took initiative to resolve a complex technical bottleneck during an enterprise customer escalation.",Problem Solving,0.5541,PublicBehavioralCorpus,Moderate confidence review queue (0.50-0.75)
Describe a time you had to make a tough architectural trade-off as a machine learning engineer during an enterprise customer escalation.,Communication,0.7326,PublicBehavioralCorpus,Moderate confidence review queue (0.50-0.75)
Tell me about a time you led a post-mortem discussion as a machine learning engineer after a critical failure during an enterprise customer escalation.,Communication,0.6252,PublicBehavioralCorpus,Moderate confidence review queue (0.50-0.75)
Tell me about a time you championed code quality and testing rigor as a machine learning engineer during an enterprise customer escalation.,Communication,0.494,PublicBehavioralCorpus,Low semantic confidence (<0.50)
Describe a time you had to make a tough architectural trade-off as a machine learning engineer when refactoring legacy technical debt under tight sprint constraints.,Communication,0.5459,PublicBehavioralCorpus,Moderate confidence review queue (0.50-0.75)
Tell me about a time you led a post-mortem discussion as a machine learning engineer after a critical failure when refactoring legacy technical debt under tight sprint constraints.,Leadership,0.5896,PublicBehavioralCorpus,Moderate confidence review queue (0.50-0.75)
"As a machine learning engineer, tell me about a time you took initiative to resolve a complex technical bottleneck while establishing continuous integration and automated deployment pipelines.",Problem Solving,0.709,PublicBehavioralCorpus,Moderate confidence review queue (0.50-0.75)
Describe a time you had to make a tough architectural trade-off as a machine learning engineer while establishing continuous integration and automated deployment pipelines.,Leadership,0.44,PublicBehavioralCorpus,Low semantic confidence (<0.50)
Tell me about a time you led a post-mortem discussion as a machine learning engineer after a critical failure while establishing continuous integration and automated deployment pipelines.,Leadership,0.6531,PublicBehavioralCorpus,Moderate confidence review queue (0.50-0.75)
Tell me about a time you championed code quality and testing rigor as a machine learning engineer while establishing continuous integration and automated deployment pipelines.,Leadership,0.7054,PublicBehavioralCorpus,Moderate confidence review queue (0.50-0.75)
Tell me about a time you advocated for engineering resources to retire technical debt as a machine learning engineer while establishing continuous integration and automated deployment pipelines.,Leadership,0.5037,PublicBehavioralCorpus,Moderate confidence review queue (0.50-0.75)
Tell me about a time you had to deliver unexpected bad news regarding project timelines as a machine learning engineer while establishing continuous integration and automated deployment pipelines.,Communication,0.703,PublicBehavioralCorpus,Moderate confidence review queue (0.50-0.75)
Describe a time you had to make a tough architectural trade-off as a machine learning engineer during an end-to-end zero-trust architecture transition.,Communication,0.6024,PublicBehavioralCorpus,Moderate confidence review queue (0.50-0.75)
Tell me about a time you led a post-mortem discussion as a machine learning engineer after a critical failure during an end-to-end zero-trust architecture transition.,Communication,0.4618,PublicBehavioralCorpus,Low semantic confidence (<0.50)
Tell me about a time you championed code quality and testing rigor as a machine learning engineer during an end-to-end zero-trust architecture transition.,Leadership,0.4813,PublicBehavioralCorpus,Low semantic confidence (<0.50)
Give an example of how you motivated your squad as a machine learning engineer to deliver a challenging milestone while troubleshooting cascading microservice latency spikes.,Leadership,0.5819,PublicBehavioralCorpus,Moderate confidence review queue (0.50-0.75)
Tell me about a time as a machine learning engineer you coached an engineer struggling with production reliability standards while troubleshooting cascading microservice latency spikes.,Problem Solving,0.5403,PublicBehavioralCorpus,Moderate confidence review queue (0.50-0.75)
Describe a time you had to make a tough architectural trade-off as a machine learning engineer during a critical multi-region database failover drill.,Problem Solving,0.389,PublicBehavioralCorpus,Low semantic confidence (<0.50)
Tell me about a time you led a post-mortem discussion as a machine learning engineer after a critical failure during a critical multi-region database failover drill.,Leadership,0.4064,PublicBehavioralCorpus,Low semantic confidence (<0.50)
Describe a time you had to make a tough architectural trade-off as a site reliability engineer during a high-traffic Black Friday deployment.,Communication,0.513,PublicBehavioralCorpus,Moderate confidence review queue (0.50-0.75)
"As a site reliability engineer, how do you balance long-term engineering excellence with immediate business delivery during a high-traffic Black Friday deployment?",Leadership,0.7189,PublicBehavioralCorpus,Moderate confidence review queue (0.50-0.75)
How do you approach knowledge sharing and technical documentation within your engineering squad as a site reliability engineer?,Leadership,0.5381,PublicBehavioralCorpus,Moderate confidence review queue (0.50-0.75)
How do you explain the latency impact of database queries to marketing and product teams as a site reliability engineer?,Problem Solving,0.3816,PublicBehavioralCorpus,Low semantic confidence (<0.50)
"As a site reliability engineer, tell me about a time you took initiative to resolve a complex technical bottleneck while migrating a monolithic database to microservices.",Problem Solving,0.7046,PublicBehavioralCorpus,Moderate confidence review queue (0.50-0.75)
Describe a time you had to make a tough architectural trade-off as a site reliability engineer while migrating a monolithic database to microservices.,Role-Specific Skills,0.6538,PublicBehavioralCorpus,Moderate confidence review queue (0.50-0.75)
"As a site reliability engineer, how do you articulate complex architectural trade-offs to non-technical business partners while migrating a monolithic database to microservices?",Communication,0.5499,PublicBehavioralCorpus,Moderate confidence review queue (0.50-0.75)
Describe a time you had to make a tough architectural trade-off as a site reliability engineer in a high-growth startup environment with rapid feature turnover.,Leadership,0.7493,PublicBehavioralCorpus,Moderate confidence review queue (0.50-0.75)
"As a site reliability engineer, how do you articulate complex architectural trade-offs to non-technical business partners in a high-growth startup environment with rapid feature turnover?",Communication,0.7241,PublicBehavioralCorpus,Moderate confidence review queue (0.50-0.75)
"As a site reliability engineer, tell me about a time you took initiative to resolve a complex technical bottleneck while onboarding three new remote team members simultaneously.",Leadership,0.6656,PublicBehavioralCorpus,Moderate confidence review queue (0.50-0.75)
"As a site reliability engineer, tell me about a time you took initiative to resolve a complex technical bottleneck during an enterprise customer escalation.",Problem Solving,0.6423,PublicBehavioralCorpus,Moderate confidence review queue (0.50-0.75)
Describe a time you had to make a tough architectural trade-off as a site reliability engineer during an enterprise customer escalation.,Communication,0.6431,PublicBehavioralCorpus,Moderate confidence review queue (0.50-0.75)
Tell me about a time you championed code quality and testing rigor as a site reliability engineer during an enterprise customer escalation.,Leadership,0.5567,PublicBehavioralCorpus,Moderate confidence review queue (0.50-0.75)
Describe a time you had to make a tough architectural trade-off as a site reliability engineer when refactoring legacy technical debt under tight sprint constraints.,Leadership,0.4665,PublicBehavioralCorpus,Low semantic confidence (<0.50)
Describe a time you had to make a tough architectural trade-off as a site reliability engineer while establishing continuous integration and automated deployment pipelines.,Leadership,0.4307,PublicBehavioralCorpus,Low semantic confidence (<0.50)
Tell me about a time you led a post-mortem discussion as a site reliability engineer after a critical failure while establishing continuous integration and automated deployment pipelines.,Leadership,0.7008,PublicBehavioralCorpus,Moderate confidence review queue (0.50-0.75)
Tell me about a time you championed code quality and testing rigor as a site reliability engineer while establishing continuous integration and automated deployment pipelines.,Leadership,0.7036,PublicBehavioralCorpus,Moderate confidence review queue (0.50-0.75)
Tell me about a time you had to deliver unexpected bad news regarding project timelines as a site reliability engineer while establishing continuous integration and automated deployment pipelines.,Communication,0.6721,PublicBehavioralCorpus,Moderate confidence review queue (0.50-0.75)
Describe a time you had to make a tough architectural trade-off as a site reliability engineer during an end-to-end zero-trust architecture transition.,Communication,0.4753,PublicBehavioralCorpus,Low semantic confidence (<0.50)
Give an example of how you motivated your squad as a site reliability engineer to deliver a challenging milestone while troubleshooting cascading microservice latency spikes.,Leadership,0.5733,PublicBehavioralCorpus,Moderate confidence review queue (0.50-0.75)
Tell me about an experience as a QA automation engineer where you identified a team-wide process inefficiency and successfully overhauled it.,Leadership,0.7216,PublicBehavioralCorpus,Moderate confidence review queue (0.50-0.75)
Describe a time you had to make a tough architectural trade-off as a QA automation engineer during a high-traffic Black Friday deployment.,Communication,0.6778,PublicBehavioralCorpus,Moderate confidence review queue (0.50-0.75)
Tell me about a time you led a post-mortem discussion as a QA automation engineer after a critical failure during a high-traffic Black Friday deployment.,Communication,0.632,PublicBehavioralCorpus,Moderate confidence review queue (0.50-0.75)
Tell me about a time you championed code quality and testing rigor as a QA automation engineer during a high-traffic Black Friday deployment.,Leadership,0.5089,PublicBehavioralCorpus,Moderate confidence review queue (0.50-0.75)
"As a QA automation engineer, how do you balance long-term engineering excellence with immediate business delivery during a high-traffic Black Friday deployment?",Leadership,0.7303,PublicBehavioralCorpus,Moderate confidence review queue (0.50-0.75)
How do you approach knowledge sharing and technical documentation within your engineering squad as a QA automation engineer?,Leadership,0.5099,PublicBehavioralCorpus,Moderate confidence review queue (0.50-0.75)
How do you explain the latency impact of database queries to marketing and product teams as a QA automation engineer?,Communication,0.5077,PublicBehavioralCorpus,Moderate confidence review queue (0.50-0.75)
How do you facilitate cross-team architectural reviews when squads have conflicting design philosophies as a QA automation engineer?,Communication,0.6775,PublicBehavioralCorpus,Moderate confidence review queue (0.50-0.75)
"As a QA automation engineer, tell me about a time you took initiative to resolve a complex technical bottleneck while migrating a monolithic database to microservices.",Role-Specific Skills,0.4596,PublicBehavioralCorpus,Low semantic confidence (<0.50)
Tell me about a time you led a post-mortem discussion as a QA automation engineer after a critical failure while migrating a monolithic database to microservices.,Leadership,0.6172,PublicBehavioralCorpus,Moderate confidence review queue (0.50-0.75)
Give an example of how you motivated your squad as a QA automation engineer to deliver a challenging milestone while migrating a monolithic database to microservices.,Leadership,0.7431,PublicBehavioralCorpus,Moderate confidence review queue (0.50-0.75)
Tell me about a time you championed code quality and testing rigor as a QA automation engineer while migrating a monolithic database to microservices.,Leadership,0.435,PublicBehavioralCorpus,Low semantic confidence (<0.50)
Tell me about a time you had to deliver unexpected bad news regarding project timelines as a QA automation engineer while migrating a monolithic database to microservices.,Communication,0.3966,PublicBehavioralCorpus,Low semantic confidence (<0.50)
"As a QA automation engineer, tell me about a time you took initiative to resolve a complex technical bottleneck in a high-growth startup environment with rapid feature turnover.",Problem Solving,0.5946,PublicBehavioralCorpus,Moderate confidence review queue (0.50-0.75)
Describe a time you had to make a tough architectural trade-off as a QA automation engineer in a high-growth startup environment with rapid feature turnover.,Leadership,0.6316,PublicBehavioralCorpus,Moderate confidence review queue (0.50-0.75)
Tell me about a time you advocated for engineering resources to retire technical debt as a QA automation engineer in a high-growth startup environment with rapid feature turnover.,Leadership,0.5583,PublicBehavioralCorpus,Moderate confidence review queue (0.50-0.75)
Tell me about a time you had to deliver unexpected bad news regarding project timelines as a QA automation engineer in a high-growth startup environment with rapid feature turnover.,Communication,0.6262,PublicBehavioralCorpus,Moderate confidence review queue (0.50-0.75)
How do you communicate breaking API changes across multiple client applications as a QA automation engineer in a high-growth startup environment with rapid feature turnover?,Role-Specific Skills,0.4932,PublicBehavioralCorpus,Low semantic confidence (<0.50)
"As a QA automation engineer, tell me about a time you took initiative to resolve a complex technical bottleneck under strict SOC2 and GDPR compliance audits.",Problem Solving,0.6964,PublicBehavioralCorpus,Moderate confidence review queue (0.50-0.75)
Describe a time you had to make a tough architectural trade-off as a QA automation engineer under strict SOC2 and GDPR compliance audits.,Communication,0.6163,PublicBehavioralCorpus,Moderate confidence review queue (0.50-0.75)
Tell me about a time you led a post-mortem discussion as a QA automation engineer after a critical failure under strict SOC2 and GDPR compliance audits.,Leadership,0.5323,PublicBehavioralCorpus,Moderate confidence review queue (0.50-0.75)
Tell me about a time you championed code quality and testing rigor as a QA automation engineer under strict SOC2 and GDPR compliance audits.,Leadership,0.5518,PublicBehavioralCorpus,Moderate confidence review queue (0.50-0.75)
"As a QA automation engineer, how do you balance long-term engineering excellence with immediate business delivery under strict SOC2 and GDPR compliance audits?",Leadership,0.7375,PublicBehavioralCorpus,Moderate confidence review queue (0.50-0.75)
Describe a time you had to make a tough architectural trade-off as a QA automation engineer when facing unexpected cloud provider infrastructure outages.,Communication,0.5818,PublicBehavioralCorpus,Moderate confidence review queue (0.50-0.75)
Give an example of how you motivated your squad as a QA automation engineer to deliver a challenging milestone when facing unexpected cloud provider infrastructure outages.,Leadership,0.6543,PublicBehavioralCorpus,Moderate confidence review queue (0.50-0.75)
Tell me about a time you championed code quality and testing rigor as a QA automation engineer when facing unexpected cloud provider infrastructure outages.,Communication,0.4752,PublicBehavioralCorpus,Low semantic confidence (<0.50)
"As a QA automation engineer, how do you balance long-term engineering excellence with immediate business delivery when facing unexpected cloud provider infrastructure outages?",Leadership,0.5243,PublicBehavioralCorpus,Moderate confidence review queue (0.50-0.75)
Tell me about a time you had to deliver unexpected bad news regarding project timelines as a QA automation engineer when facing unexpected cloud provider infrastructure outages.,Communication,0.6662,PublicBehavioralCorpus,Moderate confidence review queue (0.50-0.75)
How do you communicate breaking API changes across multiple client applications as a QA automation engineer when facing unexpected cloud provider infrastructure outages?,Role-Specific Skills,0.7097,PublicBehavioralCorpus,Moderate confidence review queue (0.50-0.75)
Describe a time you had to make a tough architectural trade-off as a QA automation engineer while onboarding three new remote team members simultaneously.,Leadership,0.6358,PublicBehavioralCorpus,Moderate confidence review queue (0.50-0.75)
Tell me about a time you had to deliver unexpected bad news regarding project timelines as a QA automation engineer while onboarding three new remote team members simultaneously.,Communication,0.6352,PublicBehavioralCorpus,Moderate confidence review queue (0.50-0.75)
How do you communicate breaking API changes across multiple client applications as a QA automation engineer while onboarding three new remote team members simultaneously?,Communication,0.5931,PublicBehavioralCorpus,Moderate confidence review queue (0.50-0.75)
"As a QA automation engineer, tell me about a time you took initiative to resolve a complex technical bottleneck during an enterprise customer escalation.",Problem Solving,0.3738,PublicBehavioralCorpus,Low semantic confidence (<0.50)
Describe a time you had to make a tough architectural trade-off as a QA automation engineer during an enterprise customer escalation.,Communication,0.7229,PublicBehavioralCorpus,Moderate confidence review queue (0.50-0.75)
"As a QA automation engineer, tell me about a time you took initiative to resolve a complex technical bottleneck when refactoring legacy technical debt under tight sprint constraints.",Leadership,0.4671,PublicBehavioralCorpus,Low semantic confidence (<0.50)
Describe a time you had to make a tough architectural trade-off as a QA automation engineer when refactoring legacy technical debt under tight sprint constraints.,Communication,0.6524,PublicBehavioralCorpus,Moderate confidence review queue (0.50-0.75)
Tell me about a time you led a post-mortem discussion as a QA automation engineer after a critical failure when refactoring legacy technical debt under tight sprint constraints.,Leadership,0.5728,PublicBehavioralCorpus,Moderate confidence review queue (0.50-0.75)
Tell me about a time you championed code quality and testing rigor as a QA automation engineer when refactoring legacy technical debt under tight sprint constraints.,Leadership,0.5784,PublicBehavioralCorpus,Moderate confidence review queue (0.50-0.75)
"As a QA automation engineer, how do you balance long-term engineering excellence with immediate business delivery when refactoring legacy technical debt under tight sprint constraints?",Leadership,0.7312,PublicBehavioralCorpus,Moderate confidence review queue (0.50-0.75)
"As a QA automation engineer, tell me about a time you took initiative to resolve a complex technical bottleneck while establishing continuous integration and automated deployment pipelines.",Problem Solving,0.5113,PublicBehavioralCorpus,Moderate confidence review queue (0.50-0.75)
Describe a time you had to make a tough architectural trade-off as a QA automation engineer while establishing continuous integration and automated deployment pipelines.,Communication,0.4265,PublicBehavioralCorpus,Low semantic confidence (<0.50)
"As a QA automation engineer, tell me about a time you took initiative to resolve a complex technical bottleneck during an end-to-end zero-trust architecture transition.",Problem Solving,0.6016,PublicBehavioralCorpus,Moderate confidence review queue (0.50-0.75)
Describe a time you had to make a tough architectural trade-off as a QA automation engineer during an end-to-end zero-trust architecture transition.,Communication,0.637,PublicBehavioralCorpus,Moderate confidence review queue (0.50-0.75)
Tell me about a time you led a post-mortem discussion as a QA automation engineer after a critical failure during an end-to-end zero-trust architecture transition.,Leadership,0.499,PublicBehavioralCorpus,Low semantic confidence (<0.50)
Tell me about a time you championed code quality and testing rigor as a QA automation engineer during an end-to-end zero-trust architecture transition.,Leadership,0.5291,PublicBehavioralCorpus,Moderate confidence review queue (0.50-0.75)
How do you communicate breaking API changes across multiple client applications as a QA automation engineer during an end-to-end zero-trust architecture transition?,Role-Specific Skills,0.5493,PublicBehavioralCorpus,Moderate confidence review queue (0.50-0.75)
Give an example of how you motivated your squad as a QA automation engineer to deliver a challenging milestone while troubleshooting cascading microservice latency spikes.,Leadership,0.6122,PublicBehavioralCorpus,Moderate confidence review queue (0.50-0.75)
"As a QA automation engineer, how do you balance long-term engineering excellence with immediate business delivery while troubleshooting cascading microservice latency spikes?",Problem Solving,0.4809,PublicBehavioralCorpus,Low semantic confidence (<0.50)
Tell me about a time as a QA automation engineer you coached an engineer struggling with production reliability standards while troubleshooting cascading microservice latency spikes.,Leadership,0.6053,PublicBehavioralCorpus,Moderate confidence review queue (0.50-0.75)
Describe a time you had to make a tough architectural trade-off as a QA automation engineer during a critical multi-region database failover drill.,Communication,0.5118,PublicBehavioralCorpus,Moderate confidence review queue (0.50-0.75)
Tell me about a time you led a post-mortem discussion as a QA automation engineer after a critical failure during a critical multi-region database failover drill.,Leadership,0.4803,PublicBehavioralCorpus,Low semantic confidence (<0.50)
Tell me about a time you championed code quality and testing rigor as a QA automation engineer during a critical multi-region database failover drill.,Leadership,0.5159,PublicBehavioralCorpus,Moderate confidence review queue (0.50-0.75)
Tell me about an experience as a security engineer where you identified a team-wide process inefficiency and successfully overhauled it.,Leadership,0.7377,PublicBehavioralCorpus,Moderate confidence review queue (0.50-0.75)
How do you approach knowledge sharing and technical documentation within your engineering squad as a security engineer?,Communication,0.5436,PublicBehavioralCorpus,Moderate confidence review queue (0.50-0.75)
Tell me about a time you led a post-mortem discussion as a security engineer after a critical failure while migrating a monolithic database to microservices.,Leadership,0.5989,PublicBehavioralCorpus,Moderate confidence review queue (0.50-0.75)
"As a security engineer, tell me about a time you took initiative to resolve a complex technical bottleneck in a high-growth startup environment with rapid feature turnover.",Problem Solving,0.6128,PublicBehavioralCorpus,Moderate confidence review queue (0.50-0.75)
Describe a time you had to make a tough architectural trade-off as a security engineer in a high-growth startup environment with rapid feature turnover.,Leadership,0.7381,PublicBehavioralCorpus,Moderate confidence review queue (0.50-0.75)
Tell me about a time you had to deliver unexpected bad news regarding project timelines as a security engineer in a high-growth startup environment with rapid feature turnover.,Communication,0.5734,PublicBehavioralCorpus,Moderate confidence review queue (0.50-0.75)
Tell me about a time you championed code quality and testing rigor as a security engineer during an enterprise customer escalation.,Communication,0.5093,PublicBehavioralCorpus,Moderate confidence review queue (0.50-0.75)
"As a security engineer, tell me about a time you took initiative to resolve a complex technical bottleneck while establishing continuous integration and automated deployment pipelines.",Problem Solving,0.5348,PublicBehavioralCorpus,Moderate confidence review queue (0.50-0.75)
Describe a time you had to make a tough architectural trade-off as a security engineer while establishing continuous integration and automated deployment pipelines.,Communication,0.4593,PublicBehavioralCorpus,Low semantic confidence (<0.50)
Tell me about a time you led a post-mortem discussion as a security engineer after a critical failure while establishing continuous integration and automated deployment pipelines.,Leadership,0.5848,PublicBehavioralCorpus,Moderate confidence review queue (0.50-0.75)
Tell me about a time you championed code quality and testing rigor as a security engineer while establishing continuous integration and automated deployment pipelines.,Leadership,0.6765,PublicBehavioralCorpus,Moderate confidence review queue (0.50-0.75)
Give an example of how you motivated your squad as a security engineer to deliver a challenging milestone while troubleshooting cascading microservice latency spikes.,Leadership,0.6594,PublicBehavioralCorpus,Moderate confidence review queue (0.50-0.75)
Tell me about an experience as a mobile developer where you identified a team-wide process inefficiency and successfully overhauled it.,Leadership,0.6995,PublicBehavioralCorpus,Moderate confidence review queue (0.50-0.75)
Describe a time you had to make a tough architectural trade-off as a mobile developer during a high-traffic Black Friday deployment.,Communication,0.6167,PublicBehavioralCorpus,Moderate confidence review queue (0.50-0.75)
Tell me about a time you led a post-mortem discussion as a mobile developer after a critical failure during a high-traffic Black Friday deployment.,Communication,0.6212,PublicBehavioralCorpus,Moderate confidence review queue (0.50-0.75)
Tell me about a time you championed code quality and testing rigor as a mobile developer during a high-traffic Black Friday deployment.,Leadership,0.5616,PublicBehavioralCorpus,Moderate confidence review queue (0.50-0.75)
How do you approach knowledge sharing and technical documentation within your engineering squad as a mobile developer?,Leadership,0.5814,PublicBehavioralCorpus,Moderate confidence review queue (0.50-0.75)
How do you explain the latency impact of database queries to marketing and product teams as a mobile developer?,Technical Knowledge,0.3834,PublicBehavioralCorpus,Low semantic confidence (<0.50)
Describe a time you had to make a tough architectural trade-off as a mobile developer while migrating a monolithic database to microservices.,Role-Specific Skills,0.7155,PublicBehavioralCorpus,Moderate confidence review queue (0.50-0.75)
Tell me about a time you led a post-mortem discussion as a mobile developer after a critical failure while migrating a monolithic database to microservices.,Leadership,0.6485,PublicBehavioralCorpus,Moderate confidence review queue (0.50-0.75)
"As a mobile developer, tell me about a time you took initiative to resolve a complex technical bottleneck in a high-growth startup environment with rapid feature turnover.",Problem Solving,0.7025,PublicBehavioralCorpus,Moderate confidence review queue (0.50-0.75)
Describe a time you had to make a tough architectural trade-off as a mobile developer in a high-growth startup environment with rapid feature turnover.,Leadership,0.7277,PublicBehavioralCorpus,Moderate confidence review queue (0.50-0.75)
Tell me about a time you led a post-mortem discussion as a mobile developer after a critical failure in a high-growth startup environment with rapid feature turnover.,Leadership,0.7201,PublicBehavioralCorpus,Moderate confidence review queue (0.50-0.75)
Tell me about a time you advocated for engineering resources to retire technical debt as a mobile developer in a high-growth startup environment with rapid feature turnover.,Leadership,0.5611,PublicBehavioralCorpus,Moderate confidence review queue (0.50-0.75)
Tell me about a time you had to deliver unexpected bad news regarding project timelines as a mobile developer in a high-growth startup environment with rapid feature turnover.,Communication,0.5537,PublicBehavioralCorpus,Moderate confidence review queue (0.50-0.75)
Describe a time you had to make a tough architectural trade-off as a mobile developer under strict SOC2 and GDPR compliance audits.,Communication,0.603,PublicBehavioralCorpus,Moderate confidence review queue (0.50-0.75)
Tell me about a time you led a post-mortem discussion as a mobile developer after a critical failure under strict SOC2 and GDPR compliance audits.,Communication,0.4508,PublicBehavioralCorpus,Low semantic confidence (<0.50)
Describe a time you had to make a tough architectural trade-off as a mobile developer when facing unexpected cloud provider infrastructure outages.,Communication,0.4343,PublicBehavioralCorpus,Low semantic confidence (<0.50)
Tell me about a time you led a post-mortem discussion as a mobile developer after a critical failure when facing unexpected cloud provider infrastructure outages.,Communication,0.5116,PublicBehavioralCorpus,Moderate confidence review queue (0.50-0.75)
Give an example of how you motivated your squad as a mobile developer to deliver a challenging milestone when facing unexpected cloud provider infrastructure outages.,Leadership,0.7451,PublicBehavioralCorpus,Moderate confidence review queue (0.50-0.75)
Tell me about a time you championed code quality and testing rigor as a mobile developer when facing unexpected cloud provider infrastructure outages.,Communication,0.4084,PublicBehavioralCorpus,Low semantic confidence (<0.50)
"As a mobile developer, how do you balance long-term engineering excellence with immediate business delivery when facing unexpected cloud provider infrastructure outages?",Leadership,0.6475,PublicBehavioralCorpus,Moderate confidence review queue (0.50-0.75)
Tell me about a time you had to deliver unexpected bad news regarding project timelines as a mobile developer while onboarding three new remote team members simultaneously.,Communication,0.5474,PublicBehavioralCorpus,Moderate confidence review queue (0.50-0.75)
"As a mobile developer, tell me about a time you took initiative to resolve a complex technical bottleneck during an enterprise customer escalation.",Problem Solving,0.4507,PublicBehavioralCorpus,Low semantic confidence (<0.50)
Describe a time you had to make a tough architectural trade-off as a mobile developer during an enterprise customer escalation.,Communication,0.7327,PublicBehavioralCorpus,Moderate confidence review queue (0.50-0.75)
Tell me about a time you led a post-mortem discussion as a mobile developer after a critical failure during an enterprise customer escalation.,Communication,0.6448,PublicBehavioralCorpus,Moderate confidence review queue (0.50-0.75)
Tell me about a time you championed code quality and testing rigor as a mobile developer during an enterprise customer escalation.,Leadership,0.5557,PublicBehavioralCorpus,Moderate confidence review queue (0.50-0.75)
Describe a time you had to make a tough architectural trade-off as a mobile developer when refactoring legacy technical debt under tight sprint constraints.,Communication,0.6074,PublicBehavioralCorpus,Moderate confidence review queue (0.50-0.75)
Tell me about a time you led a post-mortem discussion as a mobile developer after a critical failure when refactoring legacy technical debt under tight sprint constraints.,Leadership,0.5606,PublicBehavioralCorpus,Moderate confidence review queue (0.50-0.75)
Tell me about a time you championed code quality and testing rigor as a mobile developer when refactoring legacy technical debt under tight sprint constraints.,Leadership,0.5557,PublicBehavioralCorpus,Moderate confidence review queue (0.50-0.75)
"As a mobile developer, tell me about a time you took initiative to resolve a complex technical bottleneck while establishing continuous integration and automated deployment pipelines.",Problem Solving,0.5933,PublicBehavioralCorpus,Moderate confidence review queue (0.50-0.75)
Describe a time you had to make a tough architectural trade-off as a mobile developer while establishing continuous integration and automated deployment pipelines.,Communication,0.4589,PublicBehavioralCorpus,Low semantic confidence (<0.50)
Tell me about a time you led a post-mortem discussion as a mobile developer after a critical failure while establishing continuous integration and automated deployment pipelines.,Leadership,0.6271,PublicBehavioralCorpus,Moderate confidence review queue (0.50-0.75)
Tell me about a time you championed code quality and testing rigor as a mobile developer while establishing continuous integration and automated deployment pipelines.,Leadership,0.6999,PublicBehavioralCorpus,Moderate confidence review queue (0.50-0.75)
Tell me about a time you had to deliver unexpected bad news regarding project timelines as a mobile developer while establishing continuous integration and automated deployment pipelines.,Communication,0.7336,PublicBehavioralCorpus,Moderate confidence review queue (0.50-0.75)
How do you communicate breaking API changes across multiple client applications as a mobile developer while establishing continuous integration and automated deployment pipelines?,Role-Specific Skills,0.7061,PublicBehavioralCorpus,Moderate confidence review queue (0.50-0.75)
"As a mobile developer, tell me about a time you took initiative to resolve a complex technical bottleneck during an end-to-end zero-trust architecture transition.",Problem Solving,0.7346,PublicBehavioralCorpus,Moderate confidence review queue (0.50-0.75)
Describe a time you had to make a tough architectural trade-off as a mobile developer during an end-to-end zero-trust architecture transition.,Communication,0.6319,PublicBehavioralCorpus,Moderate confidence review queue (0.50-0.75)
Tell me about a time you led a post-mortem discussion as a mobile developer after a critical failure during an end-to-end zero-trust architecture transition.,Communication,0.4942,PublicBehavioralCorpus,Low semantic confidence (<0.50)
Tell me about a time you championed code quality and testing rigor as a mobile developer during an end-to-end zero-trust architecture transition.,Leadership,0.5015,PublicBehavioralCorpus,Moderate confidence review queue (0.50-0.75)
Give an example of how you motivated your squad as a mobile developer to deliver a challenging milestone while troubleshooting cascading microservice latency spikes.,Leadership,0.6477,PublicBehavioralCorpus,Moderate confidence review queue (0.50-0.75)
Tell me about a time as a mobile developer you coached an engineer struggling with production reliability standards while troubleshooting cascading microservice latency spikes.,Problem Solving,0.4664,PublicBehavioralCorpus,Low semantic confidence (<0.50)
Tell me about a time you led a post-mortem discussion as a mobile developer after a critical failure during a critical multi-region database failover drill.,Communication,0.4258,PublicBehavioralCorpus,Low semantic confidence (<0.50)
Tell me about a time you championed code quality and testing rigor as a mobile developer during a critical multi-region database failover drill.,Leadership,0.4322,PublicBehavioralCorpus,Low semantic confidence (<0.50)
"Describe a situation where, as a engineering lead, you had to influence technical decisions without having formal management authority.",Communication,0.5842,PublicBehavioralCorpus,Moderate confidence review queue (0.50-0.75)
"Describe a situation where, as a staff architect, you had to influence technical decisions without having formal management authority.",Communication,0.5546,PublicBehavioralCorpus,Moderate confidence review queue (0.50-0.75)
How do you handle setting technical direction as a staff architect when there is significant ambiguity in requirements?,Communication,0.6365,PublicBehavioralCorpus,Moderate confidence review queue (0.50-0.75)
Describe a time you had to make a tough architectural trade-off as a staff architect during an end-to-end zero-trust architecture transition.,Leadership,0.7101,PublicBehavioralCorpus,Moderate confidence review queue (0.50-0.75)
"Describe a situation where, as a principal systems engineer, you had to influence technical decisions without having formal management authority.",Communication,0.6913,PublicBehavioralCorpus,Moderate confidence review queue (0.50-0.75)
How do you approach knowledge sharing and technical documentation within your engineering squad as a principal systems engineer?,Leadership,0.5677,PublicBehavioralCorpus,Moderate confidence review queue (0.50-0.75)
Describe a time you had to make a tough architectural trade-off as a principal systems engineer while establishing continuous integration and automated deployment pipelines.,Leadership,0.5744,PublicBehavioralCorpus,Moderate confidence review queue (0.50-0.75)
How would you solve and implement the 'Binary Tree Level Order Traversal' problem efficiently?,Problem Solving,0.7077,CodingInterviewSFT,Moderate confidence review queue (0.50-0.75)
How would you solve and implement the 'Design a Notification System' problem efficiently?,Communication,0.6907,CodingInterviewSFT,Moderate confidence review queue (0.50-0.75)
How would you solve and implement the 'Reverse a Linked List' problem efficiently?,Problem Solving,0.7159,CodingInterviewSFT,Moderate confidence review queue (0.50-0.75)
What does HTTP status code 500 indicate in a REST API response?,Role-Specific Skills,0.3498,SoftwareEngineeringInterview,Low semantic confidence (<0.50)
What is technical debt in software engineering?,Communication,0.7211,SoftwareEngineeringInterview,Moderate confidence review queue (0.50-0.75)
What is the time complexity for searching a word in a trie?,Problem Solving,0.6728,SoftwareEngineeringInterview,Moderate confidence review queue (0.50-0.75)
How do Feature Toggles help in continuous integration?,Role-Specific Skills,0.6993,SoftwareEngineeringInterview,Moderate confidence review queue (0.50-0.75)
In what scenarios is vertical scaling preferred over horizontal scaling?,Role-Specific Skills,0.7396,SoftwareEngineeringInterview,Moderate confidence review queue (0.50-0.75)
What is Ansible used for in configuration management?,Role-Specific Skills,0.6946,SoftwareEngineeringInterview,Moderate confidence review queue (0.50-0.75)
What role does feature selection play in machine learning for software fault prediction?,Problem Solving,0.7312,SoftwareEngineeringInterview,Moderate confidence review queue (0.50-0.75)
What role does refactoring play in TDD?,Technical Knowledge,0.4936,SoftwareEngineeringInterview,Low semantic confidence (<0.50)
What is the best-case time complexity for searching an element in an unsorted array?,Technical Knowledge,0.5391,SoftwareEngineeringInterview,Moderate confidence review queue (0.50-0.75)
How does a hybrid cloud model offer flexibility in terms of workload distribution?,Role-Specific Skills,0.5623,SoftwareEngineeringInterview,Moderate confidence review queue (0.50-0.75)
What are the main differences between Flux and Mono in Reactor?,Technical Knowledge,0.7344,SoftwareEngineeringInterview,Moderate confidence review queue (0.50-0.75)
What is a good value for Cyclomatic Complexity?,Technical Knowledge,0.5239,SoftwareEngineeringInterview,Moderate confidence review queue (0.50-0.75)
What is AWS Lambda and what makes it different from traditional compute services?,Technical Knowledge,0.587,SoftwareEngineeringInterview,Moderate confidence review queue (0.50-0.75)
How does Agile handle defects discovered during the sprint?,Leadership,0.5092,SoftwareEngineeringInterview,Moderate confidence review queue (0.50-0.75)
How does SIMD impact computational efficiency in parallel processing?,Technical Knowledge,0.6538,SoftwareEngineeringInterview,Moderate confidence review queue (0.50-0.75)
How does a multi-region setup help with service availability during a regional failure?,Role-Specific Skills,0.4341,SoftwareEngineeringInterview,Low semantic confidence (<0.50)
What is the goal of increasing test coverage?,Technical Knowledge,0.4091,SoftwareEngineeringInterview,Low semantic confidence (<0.50)
How does using version control for documentation help in maintaining it?,Technical Knowledge,0.2965,SoftwareEngineeringInterview,Low semantic confidence (<0.50)
In which scenario would denormalization be beneficial?,Technical Knowledge,0.606,SoftwareEngineeringInterview,Moderate confidence review queue (0.50-0.75)
How does secure coding contribute to the SDLC?,Technical Knowledge,0.5818,SoftwareEngineeringInterview,Moderate confidence review queue (0.50-0.75)
Which of the following tools is commonly used for load testing applications?,Problem Solving,0.5556,SoftwareEngineeringInterview,Moderate confidence review queue (0.50-0.75)
How does SMPC ensure privacy during collaborative computation?,Technical Knowledge,0.6431,SoftwareEngineeringInterview,Moderate confidence review queue (0.50-0.75)
How does CI/CD improve the software release cycle?,Communication,0.2804,SoftwareEngineeringInterview,Low semantic confidence (<0.50)
Why is it important to configure failure thresholds in circuit breakers?,Problem Solving,0.5358,SoftwareEngineeringInterview,Moderate confidence review queue (0.50-0.75)
What is the time complexity of Grover's Algorithm compared to classical search?,Problem Solving,0.6847,SoftwareEngineeringInterview,Moderate confidence review queue (0.50-0.75)
What are some common causes of technical debt?,Communication,0.5204,SoftwareEngineeringInterview,Moderate confidence review queue (0.50-0.75)
What happens during the 'Design' phase in the Waterfall model?,Role-Specific Skills,0.3458,SoftwareEngineeringInterview,Low semantic confidence (<0.50)
How does entanglement enhance Quantum Machine Learning?,Communication,0.4076,SoftwareEngineeringInterview,Low semantic confidence (<0.50)
How does AI impact software security?,Technical Knowledge,0.6781,SoftwareEngineeringInterview,Moderate confidence review queue (0.50-0.75)
What is a Blue/Green deployment strategy?,Role-Specific Skills,0.7157,SoftwareEngineeringInterview,Moderate confidence review queue (0.50-0.75)
How can data streaming at the edge support real-time analytics?,Technical Knowledge,0.7294,SoftwareEngineeringInterview,Moderate confidence review queue (0.50-0.75)
What is the time complexity of Bubble Sort in the worst case?,Problem Solving,0.5671,SoftwareEngineeringInterview,Moderate confidence review queue (0.50-0.75)
When is manual testing more suitable than automated testing?,Leadership,0.3973,SoftwareEngineeringInterview,Low semantic confidence (<0.50)
What is the time complexity of QuickSort in the average case?,Technical Knowledge,0.5208,SoftwareEngineeringInterview,Moderate confidence review queue (0.50-0.75)
What is the Round Robin load balancing algorithm?,Technical Knowledge,0.7467,SoftwareEngineeringInterview,Moderate confidence review queue (0.50-0.75)
How does a trie handle duplicate words?,Technical Knowledge,0.7323,SoftwareEngineeringInterview,Moderate confidence review queue (0.50-0.75)
What role does 'Extract Method' play in making code easier to test?,Technical Knowledge,0.6398,SoftwareEngineeringInterview,Moderate confidence review queue (0.50-0.75)
Why is it important to monitor API performance in a scalable system?,Technical Knowledge,0.5207,SoftwareEngineeringInterview,Moderate confidence review queue (0.50-0.75)
What is a common challenge when deploying applications across multiple regions?,Role-Specific Skills,0.6263,SoftwareEngineeringInterview,Moderate confidence review queue (0.50-0.75)
How does refactoring contribute to faster development cycles?,Leadership,0.4397,SoftwareEngineeringInterview,Low semantic confidence (<0.50)
How does OAuth 2.0 work in API authentication?,Role-Specific Skills,0.6076,SoftwareEngineeringInterview,Moderate confidence review queue (0.50-0.75)
What is the main disadvantage of the Round-Robin scheduling algorithm in real-time systems?,Technical Knowledge,0.6402,SoftwareEngineeringInterview,Moderate confidence review queue (0.50-0.75)
What is a key characteristic of testing in Agile?,Leadership,0.7389,SoftwareEngineeringInterview,Moderate confidence review queue (0.50-0.75)
What are some common sharding strategies?,Technical Knowledge,0.3694,SoftwareEngineeringInterview,Low semantic confidence (<0.50)
In which scenario would strong consistency be preferred over eventual consistency?,Communication,0.5284,SoftwareEngineeringInterview,Moderate confidence review queue (0.50-0.75)
What is the primary purpose of a circuit breaker in microservices?,Technical Knowledge,0.5023,SoftwareEngineeringInterview,Moderate confidence review queue (0.50-0.75)
How does elasticity help optimize resource usage in cloud environments?,Role-Specific Skills,0.6038,SoftwareEngineeringInterview,Moderate confidence review queue (0.50-0.75)
What type of profiling can be done with VisualVM?,Problem Solving,0.5723,SoftwareEngineeringInterview,Moderate confidence review queue (0.50-0.75)
What is a load balancer's health check?,Technical Knowledge,0.6003,SoftwareEngineeringInterview,Moderate confidence review queue (0.50-0.75)
What does the term 'test effectiveness' refer to?,Leadership,0.5449,SoftwareEngineeringInterview,Moderate confidence review queue (0.50-0.75)
How does Docker ensure application portability?,Role-Specific Skills,0.6152,SoftwareEngineeringInterview,Moderate confidence review queue (0.50-0.75)
What is the primary benefit of an RTM in project management?,Technical Knowledge,0.716,SoftwareEngineeringInterview,Moderate confidence review queue (0.50-0.75)
Why is logging and monitoring important for cloud security?,Technical Knowledge,0.6881,SoftwareEngineeringInterview,Moderate confidence review queue (0.50-0.75)
How do side effects work in Functional Programming?,Communication,0.5112,SoftwareEngineeringInterview,Moderate confidence review queue (0.50-0.75)
Which of the following is true about horizontal scaling?,Technical Knowledge,0.4886,SoftwareEngineeringInterview,Low semantic confidence (<0.50)
What makes PyTorch different from TensorFlow?,Technical Knowledge,0.5426,SoftwareEngineeringInterview,Moderate confidence review queue (0.50-0.75)
How does Prometheus handle time-series data?,Role-Specific Skills,0.732,SoftwareEngineeringInterview,Moderate confidence review queue (0.50-0.75)
What is a major disadvantage of vertical scaling?,Technical Knowledge,0.7061,SoftwareEngineeringInterview,Moderate confidence review queue (0.50-0.75)
What is the purpose of a CI/CD pipeline?,Technical Knowledge,0.6561,SoftwareEngineeringInterview,Moderate confidence review queue (0.50-0.75)
What are the different types of issues that JIRA tracks?,Problem Solving,0.4717,SoftwareEngineeringInterview,Low semantic confidence (<0.50)
How does Kong handle request routing and traffic management?,Technical Knowledge,0.6549,SoftwareEngineeringInterview,Moderate confidence review queue (0.50-0.75)
Which deployment model is most suitable for a company that needs to keep some data private but also requires scalability for other applications?,Role-Specific Skills,0.714,SoftwareEngineeringInterview,Moderate confidence review queue (0.50-0.75)
How does deployment work in a monolithic architecture?,Role-Specific Skills,0.4704,SoftwareEngineeringInterview,Low semantic confidence (<0.50)
What is a bad smell in code that might indicate the need for refactoring?,Technical Knowledge,0.4457,SoftwareEngineeringInterview,Low semantic confidence (<0.50)
How does parallel processing help improve software performance?,Problem Solving,0.5238,SoftwareEngineeringInterview,Moderate confidence review queue (0.50-0.75)
What is the difference between integration tests and unit tests in CI/CD?,Technical Knowledge,0.5695,SoftwareEngineeringInterview,Moderate confidence review queue (0.50-0.75)
Why is Post-Quantum Cryptography necessary?,Technical Knowledge,0.4916,SoftwareEngineeringInterview,Low semantic confidence (<0.50)
How does Agile measure software quality?,Leadership,0.6825,SoftwareEngineeringInterview,Moderate confidence review queue (0.50-0.75)
How do you implement autocomplete functionality using a trie?,Technical Knowledge,0.2864,SoftwareEngineeringInterview,Low semantic confidence (<0.50)
What is a test suite in the context of CI/CD?,Technical Knowledge,0.5349,SoftwareEngineeringInterview,Moderate confidence review queue (0.50-0.75)
How does PyTorch handle automatic differentiation?,Technical Knowledge,0.636,SoftwareEngineeringInterview,Moderate confidence review queue (0.50-0.75)
What is a Canary release?,Technical Knowledge,0.7327,SoftwareEngineeringInterview,Moderate confidence review queue (0.50-0.75)
What is a user story in Agile?,Leadership,0.4538,SoftwareEngineeringInterview,Low semantic confidence (<0.50)
What is the purpose of a feature toggle in deployment strategies?,Technical Knowledge,0.4915,SoftwareEngineeringInterview,Low semantic confidence (<0.50)
What type of data is typically used for software fault prediction?,Technical Knowledge,0.5595,SoftwareEngineeringInterview,Moderate confidence review queue (0.50-0.75)
How does AI help predict failures before they happen in predictive maintenance?,Problem Solving,0.4147,SoftwareEngineeringInterview,Low semantic confidence (<0.50)
How do refactoring tools assist with code safety?,Communication,0.4999,SoftwareEngineeringInterview,Low semantic confidence (<0.50)
What happens if a Raft leader fails during the consensus process?,Leadership,0.4539,SoftwareEngineeringInterview,Low semantic confidence (<0.50)
What is the role of reliability modeling in software maintenance?,Technical Knowledge,0.7034,SoftwareEngineeringInterview,Moderate confidence review queue (0.50-0.75)
How does documenting code logic contribute to maintainability?,Communication,0.6899,SoftwareEngineeringInterview,Moderate confidence review queue (0.50-0.75)
What is a rolling deployment?,Technical Knowledge,0.5172,SoftwareEngineeringInterview,Moderate confidence review queue (0.50-0.75)
How does VisualVM assist in Java performance monitoring?,Technical Knowledge,0.7036,SoftwareEngineeringInterview,Moderate confidence review queue (0.50-0.75)
What is an example of a refactoring technique?,Technical Knowledge,0.6281,SoftwareEngineeringInterview,Moderate confidence review queue (0.50-0.75)
What is the purpose of social engineering in penetration testing?,Technical Knowledge,0.403,SoftwareEngineeringInterview,Low semantic confidence (<0.50)
How does Redis handle pub/sub messaging?,Role-Specific Skills,0.6208,SoftwareEngineeringInterview,Moderate confidence review queue (0.50-0.75)
"What is an API Gateway, and what role does it play in a microservices architecture?",Role-Specific Skills,0.6154,SoftwareEngineeringInterview,Moderate confidence review queue (0.50-0.75)
"How does edge computing benefit industries with low latency requirements, such as healthcare?",Technical Knowledge,0.6151,SoftwareEngineeringInterview,Moderate confidence review queue (0.50-0.75)
Which of the following is an example of a PaaS provider?,Technical Knowledge,0.6206,SoftwareEngineeringInterview,Moderate confidence review queue (0.50-0.75)
What does CI/CD mean in the context of model deployment?,Role-Specific Skills,0.5964,SoftwareEngineeringInterview,Moderate confidence review queue (0.50-0.75)
How do event-driven systems handle failures in microservices?,Role-Specific Skills,0.5253,SoftwareEngineeringInterview,Moderate confidence review queue (0.50-0.75)
How would you delete a word from a trie?,Communication,0.3917,SoftwareEngineeringInterview,Low semantic confidence (<0.50)
How can Chrome DevTools aid in JavaScript performance optimization?,Role-Specific Skills,0.4457,SoftwareEngineeringInterview,Low semantic confidence (<0.50)
What is the role of a Service Proxy in microservices architecture?,Technical Knowledge,0.6219,SoftwareEngineeringInterview,Moderate confidence review queue (0.50-0.75)
How can Code Churn be used to predict software quality?,Leadership,0.4383,SoftwareEngineeringInterview,Low semantic confidence (<0.50)
How is Cyclomatic Complexity used to determine test coverage?,Problem Solving,0.7339,SoftwareEngineeringInterview,Moderate confidence review queue (0.50-0.75)
What are the key steps in the TDD cycle?,Technical Knowledge,0.5875,SoftwareEngineeringInterview,Moderate confidence review queue (0.50-0.75)
How does Memcached handle high availability?,Problem Solving,0.5517,SoftwareEngineeringInterview,Moderate confidence review queue (0.50-0.75)
What does the Maintainability Index measure?,Technical Knowledge,0.7448,SoftwareEngineeringInterview,Moderate confidence review queue (0.50-0.75)
What is the definition of MTBF (Mean Time Between Failures)?,Technical Knowledge,0.7253,SoftwareEngineeringInterview,Moderate confidence review queue (0.50-0.75)
What is a Scrum sprint in Agile methodology?,Leadership,0.4929,SoftwareEngineeringInterview,Low semantic confidence (<0.50)
How are serverless applications typically billed?,Technical Knowledge,0.7384,SoftwareEngineeringInterview,Moderate confidence review queue (0.50-0.75)
How does requirements validation ensure the success of a project?,Leadership,0.5855,SoftwareEngineeringInterview,Moderate confidence review queue (0.50-0.75)
How do chatbots contribute to software application scalability?,Technical Knowledge,0.4352,SoftwareEngineeringInterview,Low semantic confidence (<0.50)
How does the exploration-exploitation trade-off work in Reinforcement Learning?,Technical Knowledge,0.5461,SoftwareEngineeringInterview,Moderate confidence review queue (0.50-0.75)
How does Zero Trust Architecture enhance cloud security?,Technical Knowledge,0.5972,SoftwareEngineeringInterview,Moderate confidence review queue (0.50-0.75)
How does RabbitMQ ensure message delivery reliability?,Communication,0.6517,SoftwareEngineeringInterview,Moderate confidence review queue (0.50-0.75)
When should you refactor code during development?,Leadership,0.503,SoftwareEngineeringInterview,Moderate confidence review queue (0.50-0.75)
What are the main strengths of Scikit-learn?,Technical Knowledge,0.68,SoftwareEngineeringInterview,Moderate confidence review queue (0.50-0.75)
Which of these refactoring tools is specifically designed for Java?,Technical Knowledge,0.5835,SoftwareEngineeringInterview,Moderate confidence review queue (0.50-0.75)
How does Event Sourcing support auditability?,Communication,0.5282,SoftwareEngineeringInterview,Moderate confidence review queue (0.50-0.75)
What is the primary use of a Collaboration Diagram in UML?,Technical Knowledge,0.6454,SoftwareEngineeringInterview,Moderate confidence review queue (0.50-0.75)
How do you build a Segment Tree?,Technical Knowledge,0.5558,SoftwareEngineeringInterview,Moderate confidence review queue (0.50-0.75)
Why is model drift important to monitor after deployment?,Role-Specific Skills,0.4954,SoftwareEngineeringInterview,Low semantic confidence (<0.50)
How does CircleCI help improve CI/CD workflows?,Role-Specific Skills,0.4327,SoftwareEngineeringInterview,Low semantic confidence (<0.50)
What is the primary purpose of distributed tracing in microservices?,Technical Knowledge,0.5519,SoftwareEngineeringInterview,Moderate confidence review queue (0.50-0.75)
How does multi-region deployment contribute to disaster recovery?,Role-Specific Skills,0.63,SoftwareEngineeringInterview,Moderate confidence review queue (0.50-0.75)
What is branch coverage in testing?,Technical Knowledge,0.6814,SoftwareEngineeringInterview,Moderate confidence review queue (0.50-0.75)
How does multi-region deployment affect latency in a global application?,Role-Specific Skills,0.5047,SoftwareEngineeringInterview,Moderate confidence review queue (0.50-0.75)
How does HDFS ensure fault tolerance?,Technical Knowledge,0.5821,SoftwareEngineeringInterview,Moderate confidence review queue (0.50-0.75)
How can cloud providers help with securing data in the cloud?,Role-Specific Skills,0.4872,SoftwareEngineeringInterview,Low semantic confidence (<0.50)
What is the primary goal of requirements validation?,Technical Knowledge,0.4787,SoftwareEngineeringInterview,Low semantic confidence (<0.50)
What is a potential downside of sharding?,Technical Knowledge,0.4456,SoftwareEngineeringInterview,Low semantic confidence (<0.50)
Why is device authentication crucial in edge device management?,Technical Knowledge,0.5352,SoftwareEngineeringInterview,Moderate confidence review queue (0.50-0.75)
How does Apache Flink achieve fault tolerance in stream processing?,Problem Solving,0.4474,SoftwareEngineeringInterview,Low semantic confidence (<0.50)
Which refactoring technique is commonly supported by IDEs?,Role-Specific Skills,0.315,SoftwareEngineeringInterview,Low semantic confidence (<0.50)
How does RxJS differ from RxJava?,Technical Knowledge,0.6766,SoftwareEngineeringInterview,Moderate confidence review queue (0.50-0.75)
What is the significance of HTTP status code 401 in a REST API response?,Technical Knowledge,0.6259,SoftwareEngineeringInterview,Moderate confidence review queue (0.50-0.75)
What is the First-Come-First-Served (FCFS) scheduling algorithm?,Technical Knowledge,0.7073,SoftwareEngineeringInterview,Moderate confidence review queue (0.50-0.75)
How does AI-based code refactoring help in improving software quality?,Communication,0.3597,SoftwareEngineeringInterview,Low semantic confidence (<0.50)
How does Event Sourcing ensure data consistency?,Technical Knowledge,0.5849,SoftwareEngineeringInterview,Moderate confidence review queue (0.50-0.75)
What are the key benefits of using JWT for authentication?,Technical Knowledge,0.6188,SoftwareEngineeringInterview,Moderate confidence review queue (0.50-0.75)
How does the Round Robin algorithm handle varying server capacities?,Problem Solving,0.6054,SoftwareEngineeringInterview,Moderate confidence review queue (0.50-0.75)
How does model evaluation impact software fault prediction?,Problem Solving,0.7089,SoftwareEngineeringInterview,Moderate confidence review queue (0.50-0.75)
What is the Ambassador pattern in cloud-native architectures?,Role-Specific Skills,0.6587,SoftwareEngineeringInterview,Moderate confidence review queue (0.50-0.75)
What types of tests are best suited for automation?,Role-Specific Skills,0.2989,SoftwareEngineeringInterview,Low semantic confidence (<0.50)
What role does clarity play in maintaining documentation?,Communication,0.7017,SoftwareEngineeringInterview,Moderate confidence review queue (0.50-0.75)
How does Redis achieve persistence?,Technical Knowledge,0.7188,SoftwareEngineeringInterview,Moderate confidence review queue (0.50-0.75)
How does a quantum computer achieve parallelism that classical computers cannot?,Technical Knowledge,0.6145,SoftwareEngineeringInterview,Moderate confidence review queue (0.50-0.75)
How does Kafka handle scalability in distributed systems?,Role-Specific Skills,0.6115,SoftwareEngineeringInterview,Moderate confidence review queue (0.50-0.75)
Why is vulnerability management important in SDLC?,Technical Knowledge,0.5933,SoftwareEngineeringInterview,Moderate confidence review queue (0.50-0.75)
How can a suffix tree be used for efficient substring search?,Technical Knowledge,0.6905,SoftwareEngineeringInterview,Moderate confidence review queue (0.50-0.75)
What is Continuous Delivery (CD) in a CI/CD pipeline?,Role-Specific Skills,0.6609,SoftwareEngineeringInterview,Moderate confidence review queue (0.50-0.75)
What is the main benefit of using Apache Kafka in a Big Data ecosystem?,Technical Knowledge,0.5145,SoftwareEngineeringInterview,Moderate confidence review queue (0.50-0.75)
How does elasticity contribute to high availability?,Problem Solving,0.4752,SoftwareEngineeringInterview,Low semantic confidence (<0.50)
How does backward compatibility affect API versioning?,Role-Specific Skills,0.5347,SoftwareEngineeringInterview,Moderate confidence review queue (0.50-0.75)
Why is clear documentation crucial in software development?,Communication,0.7259,SoftwareEngineeringInterview,Moderate confidence review queue (0.50-0.75)
What is an error budget in Site Reliability Engineering?,Problem Solving,0.6414,SoftwareEngineeringInterview,Moderate confidence review queue (0.50-0.75)
Why is it important to keep documentation up to date?,Communication,0.546,SoftwareEngineeringInterview,Moderate confidence review queue (0.50-0.75)
How does acceptance testing fit into the overall software testing process?,Technical Knowledge,0.3091,SoftwareEngineeringInterview,Low semantic confidence (<0.50)
What is Continuous Integration (CI) in DevOps?,Technical Knowledge,0.5062,SoftwareEngineeringInterview,Moderate confidence review queue (0.50-0.75)
Can a system that uses eventual consistency ever guarantee immediate consistency?,Technical Knowledge,0.3538,SoftwareEngineeringInterview,Low semantic confidence (<0.50)
What is the most common method of API versioning?,Role-Specific Skills,0.595,SoftwareEngineeringInterview,Moderate confidence review queue (0.50-0.75)
Which component in distributed tracing is responsible for identifying a trace across services?,Technical Knowledge,0.452,SoftwareEngineeringInterview,Low semantic confidence (<0.50)
What benefit does CI/CD provide in terms of risk management?,Leadership,0.403,SoftwareEngineeringInterview,Low semantic confidence (<0.50)
How does Apache Pig handle large datasets in Hadoop?,Technical Knowledge,0.4944,SoftwareEngineeringInterview,Low semantic confidence (<0.50)
Which graph traversal technique guarantees the shortest path in an unweighted graph?,Technical Knowledge,0.5971,SoftwareEngineeringInterview,Moderate confidence review queue (0.50-0.75)
What are the risks of using default credentials in IoT devices?,Role-Specific Skills,0.5199,SoftwareEngineeringInterview,Moderate confidence review queue (0.50-0.75)
What are the main challenges faced by Secure Multi-Party Computation?,Technical Knowledge,0.745,SoftwareEngineeringInterview,Moderate confidence review queue (0.50-0.75)
What is the primary purpose of automated testing in a CI/CD pipeline?,Role-Specific Skills,0.6366,SoftwareEngineeringInterview,Moderate confidence review queue (0.50-0.75)
What is the primary goal of Test-Driven Development (TDD)?,Technical Knowledge,0.4515,SoftwareEngineeringInterview,Low semantic confidence (<0.50)
How does Monolithic Architecture affect testing?,Communication,0.3118,SoftwareEngineeringInterview,Low semantic confidence (<0.50)
What are the phases of the Software Development Life Cycle (SDLC)?,Technical Knowledge,0.7343,SoftwareEngineeringInterview,Moderate confidence review queue (0.50-0.75)
What is the primary goal of Site Reliability Engineering (SRE)?,Technical Knowledge,0.4179,SoftwareEngineeringInterview,Low semantic confidence (<0.50)
When should you update the README file in a project?,Communication,0.3202,SoftwareEngineeringInterview,Low semantic confidence (<0.50)
How does the 'open' state in a circuit breaker pattern help improve system reliability?,Technical Knowledge,0.4907,SoftwareEngineeringInterview,Low semantic confidence (<0.50)
How does Quantum Cryptography provide stronger security than classical cryptography?,Technical Knowledge,0.39,SoftwareEngineeringInterview,Low semantic confidence (<0.50)
How does horizontal scaling improve fault tolerance?,Problem Solving,0.3614,SoftwareEngineeringInterview,Low semantic confidence (<0.50)
What is Elasticsearch in the ELK stack?,Role-Specific Skills,0.634,SoftwareEngineeringInterview,Moderate confidence review queue (0.50-0.75)
When should 'Extract Method' be applied in refactoring?,Communication,0.3475,SoftwareEngineeringInterview,Low semantic confidence (<0.50)
How can deadlocks be avoided in thread synchronization?,Problem Solving,0.623,SoftwareEngineeringInterview,Moderate confidence review queue (0.50-0.75)
How does JIRA handle issue resolution workflows?,Communication,0.4917,SoftwareEngineeringInterview,Low semantic confidence (<0.50)
What does HTTP status code 404 indicate in a REST API response?,Role-Specific Skills,0.4197,SoftwareEngineeringInterview,Low semantic confidence (<0.50)
What is the effect of high latency on system throughput?,Technical Knowledge,0.6912,SoftwareEngineeringInterview,Moderate confidence review queue (0.50-0.75)
What is the best strategy when deciding between manual and automated testing for a project?,Leadership,0.4694,SoftwareEngineeringInterview,Low semantic confidence (<0.50)
Whata TMs the time complexity for accessing an element in a stack?,Technical Knowledge,0.6063,SoftwareEngineeringInterview,Moderate confidence review queue (0.50-0.75)
What is the difference between Agile and Waterfall methodologies?,Technical Knowledge,0.5028,SoftwareEngineeringInterview,Moderate confidence review queue (0.50-0.75)
What is the relationship between MTBF and failure rate?,Problem Solving,0.6334,SoftwareEngineeringInterview,Moderate confidence review queue (0.50-0.75)
Which of the following is an example of a functional requirement?,Technical Knowledge,0.5632,SoftwareEngineeringInterview,Moderate confidence review queue (0.50-0.75)
What is the role of testing in the Waterfall model?,Technical Knowledge,0.632,SoftwareEngineeringInterview,Moderate confidence review queue (0.50-0.75)
How does 'Remove Duplicate Code' help in reducing bugs?,Communication,0.4317,SoftwareEngineeringInterview,Low semantic confidence (<0.50)
What triggers the need to refactor code?,Technical Knowledge,0.3985,SoftwareEngineeringInterview,Low semantic confidence (<0.50)
What kind of applications typically use Octrees?,Technical Knowledge,0.6874,SoftwareEngineeringInterview,Moderate confidence review queue (0.50-0.75)
What is the primary goal of Software Quality Assurance (QA) in Agile?,Leadership,0.7069,SoftwareEngineeringInterview,Moderate confidence review queue (0.50-0.75)
What is a key challenge in software fault prediction using machine learning?,Problem Solving,0.7288,SoftwareEngineeringInterview,Moderate confidence review queue (0.50-0.75)
Which of the following is true about Dijkstraa TMs algorithm?,Technical Knowledge,0.707,SoftwareEngineeringInterview,Moderate confidence review queue (0.50-0.75)
What role does static code analysis play in secure software development?,Technical Knowledge,0.4212,SoftwareEngineeringInterview,Low semantic confidence (<0.50)
What happens when the circuit breaker is in the 'closed' state?,Technical Knowledge,0.6309,SoftwareEngineeringInterview,Moderate confidence review queue (0.50-0.75)
How does TDD contribute to better software design?,Communication,0.5067,SoftwareEngineeringInterview,Moderate confidence review queue (0.50-0.75)
How does clear documentation help during the debugging process?,Problem Solving,0.5323,SoftwareEngineeringInterview,Moderate confidence review queue (0.50-0.75)
How do you delete a record from a table in SQL?,Communication,0.3606,SoftwareEngineeringInterview,Low semantic confidence (<0.50)
What is the difference between the Waterfall model and the Agile model in SDLC?,Technical Knowledge,0.7386,SoftwareEngineeringInterview,Moderate confidence review queue (0.50-0.75)
How does AI-driven code completion improve the software development process?,Communication,0.4132,SoftwareEngineeringInterview,Low semantic confidence (<0.50)
What is a primary benefit of using a public cloud deployment model?,Technical Knowledge,0.5947,SoftwareEngineeringInterview,Moderate confidence review queue (0.50-0.75)
What is the key benefit of the Earliest Deadline First (EDF) scheduling algorithm?,Technical Knowledge,0.6349,SoftwareEngineeringInterview,Moderate confidence review queue (0.50-0.75)
How does HTTP compare to MQTT for IoT?,Technical Knowledge,0.7378,SoftwareEngineeringInterview,Moderate confidence review queue (0.50-0.75)
What is the role of Consul in ensuring service health in a microservices architecture?,Role-Specific Skills,0.5091,SoftwareEngineeringInterview,Moderate confidence review queue (0.50-0.75)
What type of data is typically used for predictive maintenance?,Technical Knowledge,0.5871,SoftwareEngineeringInterview,Moderate confidence review queue (0.50-0.75)
What role does Multi-Factor Authentication (MFA) play in Zero Trust Architecture?,Role-Specific Skills,0.6139,SoftwareEngineeringInterview,Moderate confidence review queue (0.50-0.75)
How does Simulated Annealing differ from Genetic Algorithms in solving optimization problems?,Technical Knowledge,0.7012,SoftwareEngineeringInterview,Moderate confidence review queue (0.50-0.75)
Which of the following is a disadvantage of recursion compared to iteration?,Technical Knowledge,0.7162,SoftwareEngineeringInterview,Moderate confidence review queue (0.50-0.75)
Why is it important to document system design decisions?,Technical Knowledge,0.4785,SoftwareEngineeringInterview,Low semantic confidence (<0.50)
How does MongoDB handle horizontal scaling?,Technical Knowledge,0.4923,SoftwareEngineeringInterview,Low semantic confidence (<0.50)
What is Event Sourcing?,Technical Knowledge,0.4808,SoftwareEngineeringInterview,Low semantic confidence (<0.50)
What is a key challenge in Post-Quantum Cryptography?,Technical Knowledge,0.429,SoftwareEngineeringInterview,Low semantic confidence (<0.50)
When is it the right time to refactor code?,Communication,0.5195,SoftwareEngineeringInterview,Moderate confidence review queue (0.50-0.75)
How do functional and non-functional requirements relate to system testing?,Technical Knowledge,0.5274,SoftwareEngineeringInterview,Moderate confidence review queue (0.50-0.75)
What tools are commonly used for refactoring?,Leadership,0.446,SoftwareEngineeringInterview,Low semantic confidence (<0.50)
Why is refactoring essential for maintaining code quality over time?,Leadership,0.3334,SoftwareEngineeringInterview,Low semantic confidence (<0.50)
What are some common deployment strategies for Monolithic Architecture?,Role-Specific Skills,0.3213,SoftwareEngineeringInterview,Low semantic confidence (<0.50)
Why is a Requirements Traceability Matrix important?,Technical Knowledge,0.7379,SoftwareEngineeringInterview,Moderate confidence review queue (0.50-0.75)
How does Raft handle log consistency across distributed nodes?,Role-Specific Skills,0.3715,SoftwareEngineeringInterview,Low semantic confidence (<0.50)
How do use cases contribute to requirements analysis?,Communication,0.4843,SoftwareEngineeringInterview,Low semantic confidence (<0.50)
How does CircleCI handle caching in builds?,Technical Knowledge,0.4533,SoftwareEngineeringInterview,Low semantic confidence (<0.50)
What is the role of anomaly detection in predictive maintenance?,Technical Knowledge,0.6167,SoftwareEngineeringInterview,Moderate confidence review queue (0.50-0.75)
What happens when you try to insert an element that is already in a Bloom Filter?,Technical Knowledge,0.5473,SoftwareEngineeringInterview,Moderate confidence review queue (0.50-0.75)
How does automated testing improve the speed of the testing process?,Problem Solving,0.7327,SoftwareEngineeringInterview,Moderate confidence review queue (0.50-0.75)
What is the significance of parallel test execution in CI/CD pipelines?,Role-Specific Skills,0.5966,SoftwareEngineeringInterview,Moderate confidence review queue (0.50-0.75)
What would happen if a stack tried to access an element that hasn't been added yet?,Problem Solving,0.5084,SoftwareEngineeringInterview,Moderate confidence review queue (0.50-0.75)
How does lazy loading help with performance optimization?,Problem Solving,0.7,SoftwareEngineeringInterview,Moderate confidence review queue (0.50-0.75)
How does Javadoc ensure code documentation remains consistent?,Role-Specific Skills,0.4651,SoftwareEngineeringInterview,Low semantic confidence (<0.50)
What type of test is used to evaluate the systema TMs response under maximum expected load?,Problem Solving,0.7203,SoftwareEngineeringInterview,Moderate confidence review queue (0.50-0.75)
What is the time complexity for building a suffix tree?,Technical Knowledge,0.6567,SoftwareEngineeringInterview,Moderate confidence review queue (0.50-0.75)
What role do quorum-based systems play in Paxos?,Technical Knowledge,0.6839,SoftwareEngineeringInterview,Moderate confidence review queue (0.50-0.75)
What does the hazard rate in reliability models represent?,Problem Solving,0.6636,SoftwareEngineeringInterview,Moderate confidence review queue (0.50-0.75)
Why is it important to run both unit and integration tests in the software development process?,Technical Knowledge,0.3137,SoftwareEngineeringInterview,Low semantic confidence (<0.50)
What is the primary focus of unit testing?,Technical Knowledge,0.6134,SoftwareEngineeringInterview,Moderate confidence review queue (0.50-0.75)
How does the refresh token work in OAuth 2.0?,Technical Knowledge,0.6432,SoftwareEngineeringInterview,Moderate confidence review queue (0.50-0.75)
What is the primary benefit of implementing CI/CD in software development?,Technical Knowledge,0.5344,SoftwareEngineeringInterview,Moderate confidence review queue (0.50-0.75)
What is the F1 Score?,Technical Knowledge,0.7203,SoftwareEngineeringInterview,Moderate confidence review queue (0.50-0.75)
What is Continuous Delivery (CD) in DevOps?,Technical Knowledge,0.706,SoftwareEngineeringInterview,Moderate confidence review queue (0.50-0.75)
What does it mean to 'deploy' a smart contract on a blockchain?,Technical Knowledge,0.5523,SoftwareEngineeringInterview,Moderate confidence review queue (0.50-0.75)
What is the difference between intentional and unintentional technical debt?,Communication,0.5316,SoftwareEngineeringInterview,Moderate confidence review queue (0.50-0.75)
How can teams manage technical debt effectively?,Leadership,0.6118,SoftwareEngineeringInterview,Moderate confidence review queue (0.50-0.75)
What does a 'JIRA Epic' represent?,Role-Specific Skills,0.6001,SoftwareEngineeringInterview,Moderate confidence review queue (0.50-0.75)
What does a 'JIRA Sprint' refer to?,Leadership,0.395,SoftwareEngineeringInterview,Low semantic confidence (<0.50)
What is the primary benefit of using refactoring tools in an IDE?,Technical Knowledge,0.7107,SoftwareEngineeringInterview,Moderate confidence review queue (0.50-0.75)
How does partitioning help in distributing workloads across multiple servers?,Technical Knowledge,0.6069,SoftwareEngineeringInterview,Moderate confidence review queue (0.50-0.75)
What is the role of Logstash in the ELK stack?,Technical Knowledge,0.6501,SoftwareEngineeringInterview,Moderate confidence review queue (0.50-0.75)
What is the average-case time complexity for inserting an element into an unsorted array?,Technical Knowledge,0.6777,SoftwareEngineeringInterview,Moderate confidence review queue (0.50-0.75)
Why is it important to use a consistent style in documentation?,Role-Specific Skills,0.3954,SoftwareEngineeringInterview,Low semantic confidence (<0.50)
What is a key consideration when deploying a database across multiple regions?,Technical Knowledge,0.5148,SoftwareEngineeringInterview,Moderate confidence review queue (0.50-0.75)
How does JIT compilation optimize code during runtime?,Technical Knowledge,0.7144,SoftwareEngineeringInterview,Moderate confidence review queue (0.50-0.75)
What is the Proxy pattern in cloud-native architectures?,Technical Knowledge,0.5389,SoftwareEngineeringInterview,Moderate confidence review queue (0.50-0.75)
What is the role of monitoring in Site Reliability Engineering?,Technical Knowledge,0.6103,SoftwareEngineeringInterview,Moderate confidence review queue (0.50-0.75)
Which of the following is an advantage of horizontal scaling over vertical scaling?,Technical Knowledge,0.4084,SoftwareEngineeringInterview,Low semantic confidence (<0.50)
Which IDE supports automatic refactoring?,Role-Specific Skills,0.591,SoftwareEngineeringInterview,Moderate confidence review queue (0.50-0.75)
How does SMPC compare to traditional cryptographic methods?,Technical Knowledge,0.7492,SoftwareEngineeringInterview,Moderate confidence review queue (0.50-0.75)
What is the primary goal of the Secure Software Development Lifecycle (SDLC)?,Technical Knowledge,0.6491,SoftwareEngineeringInterview,Moderate confidence review queue (0.50-0.75)
How does Apache Kafka ensure message durability?,Role-Specific Skills,0.7003,SoftwareEngineeringInterview,Moderate confidence review queue (0.50-0.75)
What should a system design document include?,Communication,0.4737,SoftwareEngineeringInterview,Low semantic confidence (<0.50)
How do you ensure high availability in a cloud-based system?,Role-Specific Skills,0.538,SoftwareEngineeringInterview,Moderate confidence review queue (0.50-0.75)
"What is Security Misconfiguration, and how can it be avoided?",Technical Knowledge,0.594,SoftwareEngineeringInterview,Moderate confidence review queue (0.50-0.75)
What is Puppet used for in configuration management?,Technical Knowledge,0.7182,SoftwareEngineeringInterview,Moderate confidence review queue (0.50-0.75)
What are the key principles of Zero Trust Architecture?,Technical Knowledge,0.7199,SoftwareEngineeringInterview,Moderate confidence review queue (0.50-0.75)
What does the RTM help to identify in the software development lifecycle?,Technical Knowledge,0.6379,SoftwareEngineeringInterview,Moderate confidence review queue (0.50-0.75)
What is the eviction policy in Redis?,Role-Specific Skills,0.6016,SoftwareEngineeringInterview,Moderate confidence review queue (0.50-0.75)
How does Quantum Machine Learning impact classical models?,Technical Knowledge,0.3882,SoftwareEngineeringInterview,Low semantic confidence (<0.50)
Why is it important to use Identity and Access Management (IAM) in cloud environments?,Technical Knowledge,0.552,SoftwareEngineeringInterview,Moderate confidence review queue (0.50-0.75)
What is the main advantage of multi-region deployment in highly available systems?,Technical Knowledge,0.6994,SoftwareEngineeringInterview,Moderate confidence review queue (0.50-0.75)
What key feature does Chrome DevTools offer for web performance profiling?,Role-Specific Skills,0.6253,SoftwareEngineeringInterview,Moderate confidence review queue (0.50-0.75)
What is a disadvantage of automated testing?,Technical Knowledge,0.5489,SoftwareEngineeringInterview,Moderate confidence review queue (0.50-0.75)
When should requirements validation occur in the project lifecycle?,Problem Solving,0.3788,SoftwareEngineeringInterview,Low semantic confidence (<0.50)
What role does documentation play in maintaining code quality?,Leadership,0.5163,SoftwareEngineeringInterview,Moderate confidence review queue (0.50-0.75)
What is the primary goal of refactoring?,Technical Knowledge,0.6575,SoftwareEngineeringInterview,Moderate confidence review queue (0.50-0.75)
How does refactoring improve code quality?,Leadership,0.4165,SoftwareEngineeringInterview,Low semantic confidence (<0.50)
How are DApps secured?,Technical Knowledge,0.4748,SoftwareEngineeringInterview,Low semantic confidence (<0.50)
"What is Broken Authentication, and how can it be prevented?",Problem Solving,0.4478,SoftwareEngineeringInterview,Low semantic confidence (<0.50)
What is a common method used for requirements validation?,Leadership,0.2942,SoftwareEngineeringInterview,Low semantic confidence (<0.50)
Why is real-time analytics critical in edge computing?,Problem Solving,0.7064,SoftwareEngineeringInterview,Moderate confidence review queue (0.50-0.75)
What challenges are typically faced when implementing Layered Architecture?,Communication,0.6324,SoftwareEngineeringInterview,Moderate confidence review queue (0.50-0.75)
Why is remote management important in edge device management?,Technical Knowledge,0.7013,SoftwareEngineeringInterview,Moderate confidence review queue (0.50-0.75)
What is a common Agile testing technique?,Leadership,0.6382,SoftwareEngineeringInterview,Moderate confidence review queue (0.50-0.75)
How does 'Rename Variable' refactoring improve code quality?,Technical Knowledge,0.2983,SoftwareEngineeringInterview,Low semantic confidence (<0.50)
How does Proof of Work (PoW) contribute to blockchain security?,Technical Knowledge,0.5994,SoftwareEngineeringInterview,Moderate confidence review queue (0.50-0.75)
What does 'value stream' mean in the context of software development?,Technical Knowledge,0.5958,SoftwareEngineeringInterview,Moderate confidence review queue (0.50-0.75)
Whata TMs the role of Canary Releases in risk management?,Leadership,0.4066,SoftwareEngineeringInterview,Low semantic confidence (<0.50)
What is the primary purpose of automated testing in a DevOps pipeline?,Role-Specific Skills,0.6667,SoftwareEngineeringInterview,Moderate confidence review queue (0.50-0.75)
How do you ensure that requirements are clear and unambiguous?,Communication,0.736,SoftwareEngineeringInterview,Moderate confidence review queue (0.50-0.75)
How is branch coverage different from line coverage?,Technical Knowledge,0.4892,SoftwareEngineeringInterview,Low semantic confidence (<0.50)
How do monolithic architectures handle failure?,Problem Solving,0.4643,SoftwareEngineeringInterview,Low semantic confidence (<0.50)
What does a consumer do in an event-driven microservice architecture?,Technical Knowledge,0.3854,SoftwareEngineeringInterview,Low semantic confidence (<0.50)
How do prototypes help in requirements elicitation?,Communication,0.6575,SoftwareEngineeringInterview,Moderate confidence review queue (0.50-0.75)
What is the time complexity of BFS on a graph with V vertices and E edges?,Problem Solving,0.5727,SoftwareEngineeringInterview,Moderate confidence review queue (0.50-0.75)
What is the role of a project manager in SDLC?,Leadership,0.6417,SoftwareEngineeringInterview,Moderate confidence review queue (0.50-0.75)
What is the role of automated testing in Agile?,Technical Knowledge,0.615,SoftwareEngineeringInterview,Moderate confidence review queue (0.50-0.75)
How can increasing throughput improve the performance of a distributed system?,Problem Solving,0.6019,SoftwareEngineeringInterview,Moderate confidence review queue (0.50-0.75)
How does Jaeger help in distributed tracing?,Technical Knowledge,0.425,SoftwareEngineeringInterview,Low semantic confidence (<0.50)
What is the benefit of using surveys in requirements elicitation?,Communication,0.4904,SoftwareEngineeringInterview,Low semantic confidence (<0.50)
How do JUnit and TestNG handle test dependencies?,Role-Specific Skills,0.6628,SoftwareEngineeringInterview,Moderate confidence review queue (0.50-0.75)
What are some challenges of using asynchronous communication between services?,Technical Knowledge,0.7255,SoftwareEngineeringInterview,Moderate confidence review queue (0.50-0.75)
What is Swagger primarily used for in software development?,Leadership,0.3645,SoftwareEngineeringInterview,Low semantic confidence (<0.50)
What does the term 'test quality' refer to?,Leadership,0.4577,SoftwareEngineeringInterview,Low semantic confidence (<0.50)
What are unit tests in CI/CD?,Technical Knowledge,0.5442,SoftwareEngineeringInterview,Moderate confidence review queue (0.50-0.75)
How does concise documentation benefit a software project?,Communication,0.6978,SoftwareEngineeringInterview,Moderate confidence review queue (0.50-0.75)
What challenges are typically encountered when using RL for software optimization?,Problem Solving,0.5277,SoftwareEngineeringInterview,Moderate confidence review queue (0.50-0.75)
What does the Least Connections load balancing algorithm do?,Technical Knowledge,0.6636,SoftwareEngineeringInterview,Moderate confidence review queue (0.50-0.75)
How do you manage memory on a GPU using CUDA?,Technical Knowledge,0.7132,SoftwareEngineeringInterview,Moderate confidence review queue (0.50-0.75)
What is Continuous Integration (CI) in a CI/CD pipeline?,Role-Specific Skills,0.6047,SoftwareEngineeringInterview,Moderate confidence review queue (0.50-0.75)
How does the Ambassador pattern help with service discovery?,Role-Specific Skills,0.6939,SoftwareEngineeringInterview,Moderate confidence review queue (0.50-0.75)
How does CI/CD improve code quality?,Communication,0.4401,SoftwareEngineeringInterview,Low semantic confidence (<0.50)
How can AI assist in software project management?,Leadership,0.5613,SoftwareEngineeringInterview,Moderate confidence review queue (0.50-0.75)
What is a message broker's role in event-driven microservices?,Technical Knowledge,0.701,SoftwareEngineeringInterview,Moderate confidence review queue (0.50-0.75)
What are the disadvantages of the Waterfall model?,Technical Knowledge,0.6318,SoftwareEngineeringInterview,Moderate confidence review queue (0.50-0.75)
What is the primary goal of using interviews in requirements elicitation?,Communication,0.3858,SoftwareEngineeringInterview,Low semantic confidence (<0.50)
What is Prometheus used for in infrastructure monitoring?,Technical Knowledge,0.7091,SoftwareEngineeringInterview,Moderate confidence review queue (0.50-0.75)
How does refactoring help in reducing technical debt?,Communication,0.6854,SoftwareEngineeringInterview,Moderate confidence review queue (0.50-0.75)
What is the difference between Continuous Deployment and Continuous Delivery?,Technical Knowledge,0.6909,SoftwareEngineeringInterview,Moderate confidence review queue (0.50-0.75)
How does network latency affect performance in distributed systems?,Technical Knowledge,0.5636,SoftwareEngineeringInterview,Moderate confidence review queue (0.50-0.75)
"What is the space complexity of an algorithm that uses a constant amount of extra space, regardless of input size?",Technical Knowledge,0.7475,SoftwareEngineeringInterview,Moderate confidence review queue (0.50-0.75)
What does HTTP status code 403 indicate in a REST API response?,Role-Specific Skills,0.421,SoftwareEngineeringInterview,Low semantic confidence (<0.50)
What is the primary challenge of Quantum Cryptography?,Technical Knowledge,0.4951,SoftwareEngineeringInterview,Low semantic confidence (<0.50)
How do automated tests contribute to the software testing process?,Leadership,0.2682,SoftwareEngineeringInterview,Low semantic confidence (<0.50)
What are the primary challenges faced when implementing chatbots in software applications?,Communication,0.6028,SoftwareEngineeringInterview,Moderate confidence review queue (0.50-0.75)
Why is asymmetric encryption generally considered more secure than symmetric encryption?,Technical Knowledge,0.6216,SoftwareEngineeringInterview,Moderate confidence review queue (0.50-0.75)
How can the false positive rate in a Bloom Filter be reduced?,Problem Solving,0.364,SoftwareEngineeringInterview,Low semantic confidence (<0.50)
What is one key characteristic of maintainable documentation?,Technical Knowledge,0.4804,SoftwareEngineeringInterview,Low semantic confidence (<0.50)
What is a retrospective meeting in Agile methodology?,Leadership,0.5128,SoftwareEngineeringInterview,Moderate confidence review queue (0.50-0.75)
How do non-functional requirements impact system performance?,Problem Solving,0.4634,SoftwareEngineeringInterview,Low semantic confidence (<0.50)
How do you measure if a refactor is successful?,Communication,0.5458,SoftwareEngineeringInterview,Moderate confidence review queue (0.50-0.75)
What challenges are typically faced when scaling monolithic applications?,Problem Solving,0.3597,SoftwareEngineeringInterview,Low semantic confidence (<0.50)
How does eventual consistency handle updates in a distributed system?,Technical Knowledge,0.5308,SoftwareEngineeringInterview,Moderate confidence review queue (0.50-0.75)
How does edge analytics help with real-time decision-making?,Technical Knowledge,0.6323,SoftwareEngineeringInterview,Moderate confidence review queue (0.50-0.75)
Python/pandas: convert month int to month name?,Leadership,0.3826,StackPulse,Low semantic confidence (<0.50)
Show white space at the beginning of a text in HTML?,Leadership,0.5287,StackPulse,Moderate confidence review queue (0.50-0.75)
Save dictionary in userdefaults in swift 3 with xcode 8?,Role-Specific Skills,0.4806,StackPulse,Low semantic confidence (<0.50)
Typescript Type 'string' is not assignable to type?,Communication,0.3193,StackPulse,Low semantic confidence (<0.50)
Html.fromHtml deprecated in Android N?,Role-Specific Skills,0.2537,StackPulse,Low semantic confidence (<0.50)
How to remove (Android) app title bar in Xamarin.Forms?,Leadership,0.5979,StackPulse,Moderate confidence review queue (0.50-0.75)
Default value for Enum in Swift?,Role-Specific Skills,0.3965,StackPulse,Low semantic confidence (<0.50)
Angular ng-click with inline function?,Communication,0.313,StackPulse,Low semantic confidence (<0.50)
How to open chrome in incognito mode from Python?,Role-Specific Skills,0.4573,StackPulse,Low semantic confidence (<0.50)
How to export a csv from Google Sheet API?,Role-Specific Skills,0.5133,StackPulse,Moderate confidence review queue (0.50-0.75)
How can I fix Docker/Mac no space left on device error?,Problem Solving,0.47,StackPulse,Low semantic confidence (<0.50)
Keeping a view at the bottom with the SlidingUpPanel library?,Role-Specific Skills,0.2888,StackPulse,Low semantic confidence (<0.50)
"How to add ""No Record Found"" in PrimeNG Datatable When data is not there?",Communication,0.2809,StackPulse,Low semantic confidence (<0.50)
How to sort dates from Oldest to Newest in Excel?,Leadership,0.7158,StackPulse,Moderate confidence review queue (0.50-0.75)
Python mpl_toolkits installation issue?,Problem Solving,0.4837,StackPulse,Low semantic confidence (<0.50)
HTML: Add elements dynamically using JS?,Leadership,0.3877,StackPulse,Low semantic confidence (<0.50)
How do I populate a drop down with a list using thymeleaf and spring?,Role-Specific Skills,0.3665,StackPulse,Low semantic confidence (<0.50)
RecyclerView inside a ScrollView/NestedScrollView does not scroll properly?,Problem Solving,0.2904,StackPulse,Low semantic confidence (<0.50)
Updating data in Clickhouse?,Technical Knowledge,0.3385,StackPulse,Low semantic confidence (<0.50)
Suitescript 2.0 addButton?,Role-Specific Skills,0.3099,StackPulse,Low semantic confidence (<0.50)
RStudio doesn't save picture?,Problem Solving,0.396,StackPulse,Low semantic confidence (<0.50)
Exclude some properties in comparison using isEqual() of lodash?,Role-Specific Skills,0.5897,StackPulse,Moderate confidence review queue (0.50-0.75)
Expected linebreaks to be 'LF' but found 'CRLF' linebreak-style?,Role-Specific Skills,0.3821,StackPulse,Low semantic confidence (<0.50)
"Disable copy, paste in UITextfield is not working in iOS 9.x?",Leadership,0.32,StackPulse,Low semantic confidence (<0.50)
MongoDB data/db not found?,Problem Solving,0.4567,StackPulse,Low semantic confidence (<0.50)
Merging 1D and 2D lists in python?,Technical Knowledge,0.6458,StackPulse,Moderate confidence review queue (0.50-0.75)
Angular 2 two way data binding with ngModel?,Role-Specific Skills,0.3065,StackPulse,Low semantic confidence (<0.50)
Asynchronous iterable mapping in Dart?,Technical Knowledge,0.5756,StackPulse,Moderate confidence review queue (0.50-0.75)
How do I detect if a user is already logged in Firebase?,Role-Specific Skills,0.5006,StackPulse,Moderate confidence review queue (0.50-0.75)
How do I create a superuser account in Django 1.9.6?,Role-Specific Skills,0.5638,StackPulse,Moderate confidence review queue (0.50-0.75)
How to mock a Kotlin singleton object?,Role-Specific Skills,0.7169,StackPulse,Moderate confidence review queue (0.50-0.75)
Adding pull to refresh on webview for refreshing?,Communication,0.5312,StackPulse,Moderate confidence review queue (0.50-0.75)
Change UITableView direction to Right-to-Left?,Leadership,0.5328,StackPulse,Moderate confidence review queue (0.50-0.75)
Accuracy Score ValueError: Can't Handle mix of binary and continuous target?,Role-Specific Skills,0.3303,StackPulse,Low semantic confidence (<0.50)
Variable Explorer in Jupyter Notebook?,Role-Specific Skills,0.4252,StackPulse,Low semantic confidence (<0.50)
Python: Identifying a State Space Model for a System?,Technical Knowledge,0.7452,StackPulse,Moderate confidence review queue (0.50-0.75)
Rails 2.2.2 issue: undefined method activate_bin_path' for Gem:Module (NoMethodError)?,Problem Solving,0.4381,StackPulse,Low semantic confidence (<0.50)
How to turn a Mutable Collection into an Immutable one?,Technical Knowledge,0.5755,StackPulse,Moderate confidence review queue (0.50-0.75)
React and blur event?,Role-Specific Skills,0.5684,StackPulse,Moderate confidence review queue (0.50-0.75)
Could not find package laravel-laravel with stability stable?,Problem Solving,0.6459,StackPulse,Moderate confidence review queue (0.50-0.75)
How to use a jQuery plugin inside Vue?,Role-Specific Skills,0.7378,StackPulse,Moderate confidence review queue (0.50-0.75)
Fixed menu not working?,Problem Solving,0.4635,StackPulse,Low semantic confidence (<0.50)
Aggregating multiple columns with custom function in Spark?,Role-Specific Skills,0.4303,StackPulse,Low semantic confidence (<0.50)
Get real source branch name in VSTS Pull Request?,Role-Specific Skills,0.4526,StackPulse,Low semantic confidence (<0.50)
"In reactjs, are props pass by value or pass by reference?",Technical Knowledge,0.6667,StackPulse,Moderate confidence review queue (0.50-0.75)
Rails - Cancel destroy on before_destroy callback?,Communication,0.492,StackPulse,Low semantic confidence (<0.50)
Swift multiple conditions if statement with operation?,Leadership,0.5169,StackPulse,Moderate confidence review queue (0.50-0.75)
"In a facet_wraped grid, center subplots at 0 while keeping free_x?",Problem Solving,0.3631,StackPulse,Low semantic confidence (<0.50)
Insert row at a specific location in matrix using R?,Technical Knowledge,0.3841,StackPulse,Low semantic confidence (<0.50)
How to convert string array to long array?,Problem Solving,0.3957,StackPulse,Low semantic confidence (<0.50)
How to validate array of objects using Joi?,Role-Specific Skills,0.6026,StackPulse,Moderate confidence review queue (0.50-0.75)
"No component found for view with name ""ARTShape""?",Problem Solving,0.418,StackPulse,Low semantic confidence (<0.50)
Lodash pick object fields from array?,Role-Specific Skills,0.5577,StackPulse,Moderate confidence review queue (0.50-0.75)
Django.db.migrations.exceptions.NodeNotFoundError?,Problem Solving,0.5481,StackPulse,Moderate confidence review queue (0.50-0.75)
Angular2 Observable Property 'debouceTime' does not exist on type 'Observable '?,Problem Solving,0.4792,StackPulse,Low semantic confidence (<0.50)
How to view phoenix routes in iex?,Role-Specific Skills,0.6107,StackPulse,Moderate confidence review queue (0.50-0.75)
Use gpg to sign git commits in eclipse?,Role-Specific Skills,0.7343,StackPulse,Moderate confidence review queue (0.50-0.75)
Dev_appserver.py error when trying to deploy to Google AppEngine?,Role-Specific Skills,0.4797,StackPulse,Low semantic confidence (<0.50)
Where can I download the iOS 10 simulator runtime file?,Problem Solving,0.5505,StackPulse,Moderate confidence review queue (0.50-0.75)
IOS: how to calculate the size of text to draw BEFORE to create the context?,Role-Specific Skills,0.2466,StackPulse,Low semantic confidence (<0.50)
Android: Firebase token is null at first run?,Problem Solving,0.4953,StackPulse,Low semantic confidence (<0.50)
Pandas - Replace values based on index?,Leadership,0.3969,StackPulse,Low semantic confidence (<0.50)
Retrofit 2 path Vs query?,Technical Knowledge,0.4943,StackPulse,Low semantic confidence (<0.50)
Firebase No properties to serialize found on class?,Leadership,0.4252,StackPulse,Low semantic confidence (<0.50)
Microsoft Graph API access token validation failure?,Problem Solving,0.4292,StackPulse,Low semantic confidence (<0.50)
Selenium Python - Handling No such element exception?,Communication,0.4174,StackPulse,Low semantic confidence (<0.50)
How to view event parameters from Firebase console?,Role-Specific Skills,0.5045,StackPulse,Moderate confidence review queue (0.50-0.75)
This view is not constrained?,Technical Knowledge,0.3623,StackPulse,Low semantic confidence (<0.50)
Count number of values in row using dplyr?,Leadership,0.3095,StackPulse,Low semantic confidence (<0.50)
React Native error: Element type is invalid: expected a string or a class/function but got: object?,Role-Specific Skills,0.6734,StackPulse,Moderate confidence review queue (0.50-0.75)
How to program a delay in Swift 3?,Problem Solving,0.3966,StackPulse,Low semantic confidence (<0.50)
Delete an item from Redux state?,Role-Specific Skills,0.694,StackPulse,Moderate confidence review queue (0.50-0.75)
Magento 2 - Fotorama?,Technical Knowledge,0.4259,StackPulse,Low semantic confidence (<0.50)
How can I use Firebase cloud message in an eclipse project?,Role-Specific Skills,0.6249,StackPulse,Moderate confidence review queue (0.50-0.75)
Angular 2 innerHTML (click) binding?,Communication,0.3808,StackPulse,Low semantic confidence (<0.50)
"How to fix Xcode ""DTAssetProviderService could not start.."" error?",Problem Solving,0.454,StackPulse,Low semantic confidence (<0.50)
"Laravel Database Schema, Nullable Foreign?",Technical Knowledge,0.5358,StackPulse,Moderate confidence review queue (0.50-0.75)
Android Espresso - Click checkbox if not checked?,Communication,0.4678,StackPulse,Low semantic confidence (<0.50)
Use pytesseract OCR to recognize text from an image?,Role-Specific Skills,0.4673,StackPulse,Low semantic confidence (<0.50)
Prevent wrapping of elements inside a div?,Leadership,0.4268,StackPulse,Low semantic confidence (<0.50)
How to clear Laravel route caching on server?,Role-Specific Skills,0.3803,StackPulse,Low semantic confidence (<0.50)
"How to get/set/remove element attribute in Angular 2 using ""the angular way""?",Role-Specific Skills,0.4682,StackPulse,Low semantic confidence (<0.50)
"Append ""_id"" to foreign key fields in Django Rest Framework?",Role-Specific Skills,0.6053,StackPulse,Moderate confidence review queue (0.50-0.75)
How do you make Sublime Text 3 open a file in a new tab instead of opening it in the current tab?,Leadership,0.4363,StackPulse,Low semantic confidence (<0.50)
How to get a list of installed OLE DB providers?,Technical Knowledge,0.4576,StackPulse,Low semantic confidence (<0.50)
Instagram API: The access_token provided is invalid?,Role-Specific Skills,0.531,StackPulse,Moderate confidence review queue (0.50-0.75)
How to disable anti-aliasing in VisualStudio Code?,Communication,0.3094,StackPulse,Low semantic confidence (<0.50)
Object-like attribute access for nested dictionary?,Technical Knowledge,0.4832,StackPulse,Low semantic confidence (<0.50)
How to set without causing unsafe value exception?,Communication,0.3731,StackPulse,Low semantic confidence (<0.50)
"Is it possible to ""toggle software keyboard"" via the code in UI test?",Role-Specific Skills,0.3693,StackPulse,Low semantic confidence (<0.50)
Get highest count for specific rows?,Leadership,0.3621,StackPulse,Low semantic confidence (<0.50)
Android How to call Fragment from my Main Activity?,Communication,0.4709,StackPulse,Low semantic confidence (<0.50)
Installing Wildfly 10.0.0 on ubuntu 16.0 could not be able to configure init.d file?,Role-Specific Skills,0.5106,StackPulse,Moderate confidence review queue (0.50-0.75)
"Angular2 router ( angular/router), how to set default route?",Leadership,0.4805,StackPulse,Low semantic confidence (<0.50)
"Django admin list_filter - filter field by is empty (None or empty string """")?",Technical Knowledge,0.3292,StackPulse,Low semantic confidence (<0.50)
How to count occurrences of each distinct value for every column in a dataframe?,Problem Solving,0.3728,StackPulse,Low semantic confidence (<0.50)
Angular2 - Add class to item on click?,Leadership,0.3991,StackPulse,Low semantic confidence (<0.50)
How to check if file exists in Firebase Storage?,Technical Knowledge,0.2752,StackPulse,Low semantic confidence (<0.50)
"Angular 2 azure deploy refresh error : The resource you are looking for has been removed, had its name changed, or is temporarily unavailable?",Role-Specific Skills,0.7205,StackPulse,Moderate confidence review queue (0.50-0.75)
How do I set collection view's cell size via the auto layout?,Leadership,0.3557,StackPulse,Low semantic confidence (<0.50)
Plot confusion matrix in R using ggplot?,Problem Solving,0.3824,StackPulse,Low semantic confidence (<0.50)
How can I limit ngFor repeat to some number of items in Angular?,Role-Specific Skills,0.6295,StackPulse,Moderate confidence review queue (0.50-0.75)
Android Open external UVC camera instead hardware camera?,Technical Knowledge,0.4091,StackPulse,Low semantic confidence (<0.50)
Finding all class names used in HTML/DOM?,Technical Knowledge,0.4257,StackPulse,Low semantic confidence (<0.50)
Whither dispatch_once in Swift 3?,Role-Specific Skills,0.3052,StackPulse,Low semantic confidence (<0.50)
How to check if Metamask is connected after page refreshing?,Problem Solving,0.5183,StackPulse,Moderate confidence review queue (0.50-0.75)
Breakpoints not working with Flutter in Android Studio?,Problem Solving,0.4339,StackPulse,Low semantic confidence (<0.50)
"How to format seaborn/matplotlib axis tick labels from number to thousands or Millions? (125,436 to 125.4K)?",Role-Specific Skills,0.7463,StackPulse,Moderate confidence review queue (0.50-0.75)
Error: Cannot find module 'babel-register'?,Problem Solving,0.4295,StackPulse,Low semantic confidence (<0.50)
"Scala, generic tuple?",Technical Knowledge,0.6768,StackPulse,Moderate confidence review queue (0.50-0.75)
Flutter: Push notifications even if the app is closed?,Communication,0.612,StackPulse,Moderate confidence review queue (0.50-0.75)
How to decrease the height of ion-segment-button?,Role-Specific Skills,0.6137,StackPulse,Moderate confidence review queue (0.50-0.75)
Flutter change dialog background color?,Communication,0.37,StackPulse,Low semantic confidence (<0.50)
Remove validators from form control Angular 6?,Role-Specific Skills,0.4996,StackPulse,Low semantic confidence (<0.50)
Ionic 4 - Pass Data BACK from Popover without dismissing?,Role-Specific Skills,0.521,StackPulse,Moderate confidence review queue (0.50-0.75)
Expo Developer Tools is disconnected from Expo CLI. Use the expo start command to start the CLI again?,Role-Specific Skills,0.3038,StackPulse,Low semantic confidence (<0.50)
Error : IllegalArgumentException: The style on this component requires your app theme to be Theme.MaterialComponents?,Problem Solving,0.4311,StackPulse,Low semantic confidence (<0.50)
Yarn ERROR: There are no scenarios must have at least one?,Problem Solving,0.6444,StackPulse,Moderate confidence review queue (0.50-0.75)
Angular - Add target to router navigate?,Leadership,0.6813,StackPulse,Moderate confidence review queue (0.50-0.75)
How to make some columns align left and some column align center in React Table - React?,Role-Specific Skills,0.6918,StackPulse,Moderate confidence review queue (0.50-0.75)
Can Flutter remove the need for a mac to create IOS apps?,Role-Specific Skills,0.6086,StackPulse,Moderate confidence review queue (0.50-0.75)
Numpy swap multiple elements in an array?,Leadership,0.3786,StackPulse,Low semantic confidence (<0.50)
Check if array contains all elements of another array?,Problem Solving,0.5738,StackPulse,Moderate confidence review queue (0.50-0.75)
Could not extract ResultSet when performing customized native query?,Role-Specific Skills,0.3594,StackPulse,Low semantic confidence (<0.50)
Ant Design - Vertical Group of Checkboxes?,Leadership,0.4997,StackPulse,Low semantic confidence (<0.50)
How to display data value of an item on click inside flutter charts?,Communication,0.4675,StackPulse,Low semantic confidence (<0.50)
Why is my FloatingActionButton icon black?,Problem Solving,0.4505,StackPulse,Low semantic confidence (<0.50)
VSCode bad javascript formatting?,Leadership,0.4839,StackPulse,Low semantic confidence (<0.50)
How to customize mat-paginator in angular material?,Technical Knowledge,0.5842,StackPulse,Moderate confidence review queue (0.50-0.75)
Maven not running JUnit 5 tests?,Problem Solving,0.6592,StackPulse,Moderate confidence review queue (0.50-0.75)
Feign ErrorDecoder : retrieve the original message?,Communication,0.7051,StackPulse,Moderate confidence review queue (0.50-0.75)
How to delete gitlab CI jobs pipelines logs/builds and history?,Role-Specific Skills,0.7285,StackPulse,Moderate confidence review queue (0.50-0.75)
How do I display a single image in PyTorch?,Problem Solving,0.376,StackPulse,Low semantic confidence (<0.50)
Angular 2+ theme button colors not working?,Problem Solving,0.301,StackPulse,Low semantic confidence (<0.50)
Emotion css feature is not rendering the styles (React)?,Role-Specific Skills,0.7302,StackPulse,Moderate confidence review queue (0.50-0.75)
ActiveNetworkInfo.type is deprecated in API level 28?,Role-Specific Skills,0.3823,StackPulse,Low semantic confidence (<0.50)
How to check if a string column in pyspark dataframe is all numeric?,Role-Specific Skills,0.4572,StackPulse,Low semantic confidence (<0.50)
Count occurences of True/False in column of dataframe?,Problem Solving,0.4013,StackPulse,Low semantic confidence (<0.50)
Bulk update via raw query in TypeORM?,Technical Knowledge,0.5954,StackPulse,Moderate confidence review queue (0.50-0.75)
How to start from second index for for-loop?,Problem Solving,0.6944,StackPulse,Moderate confidence review queue (0.50-0.75)
Webpack Code Splitting 'Loading chunk failed' error wrong file path?,Role-Specific Skills,0.539,StackPulse,Moderate confidence review queue (0.50-0.75)
How can I convert a windows path to posix path using node path?,Technical Knowledge,0.4769,StackPulse,Low semantic confidence (<0.50)
Read file from drive in google colab?,Technical Knowledge,0.6823,StackPulse,Moderate confidence review queue (0.50-0.75)
Insert a list using dapper .NET C#?,Technical Knowledge,0.6802,StackPulse,Moderate confidence review queue (0.50-0.75)
Undefined symbols for architecture x86_64 in Xcode after Firebase update?,Leadership,0.3354,StackPulse,Low semantic confidence (<0.50)
Could not find com.android.tools.build:gradle:3.0.0-alpha1 in circle ci?,Leadership,0.453,StackPulse,Low semantic confidence (<0.50)
NSPrivateQueueConcurrencyType serial or concurrent?,Technical Knowledge,0.5996,StackPulse,Moderate confidence review queue (0.50-0.75)
Delete git.io shortened URL?,Problem Solving,0.4642,StackPulse,Low semantic confidence (<0.50)
FOR JSON path returns less number of Rows on AZURE SQL?,Role-Specific Skills,0.3969,StackPulse,Low semantic confidence (<0.50)
How to create global function that can be accessed from any controller and blade file?,Role-Specific Skills,0.3765,StackPulse,Low semantic confidence (<0.50)
Stacked bar plot using matplotlib?,Problem Solving,0.5966,StackPulse,Moderate confidence review queue (0.50-0.75)
Uploading Image to Firebase Storage and Database?,Technical Knowledge,0.5616,StackPulse,Moderate confidence review queue (0.50-0.75)
JavaScript calculate with viewport width/height?,Role-Specific Skills,0.4033,StackPulse,Low semantic confidence (<0.50)
How to upgrade Angular CLI to the latest version?,Role-Specific Skills,0.4635,StackPulse,Low semantic confidence (<0.50)
Kotlin - How to correctly concatenate a String?,Leadership,0.3512,StackPulse,Low semantic confidence (<0.50)
Up/Down Key not working in Onenote 2016 for Autohotkey?,Role-Specific Skills,0.3835,StackPulse,Low semantic confidence (<0.50)
Unable to play video in QML?,Role-Specific Skills,0.3807,StackPulse,Low semantic confidence (<0.50)
"Kotlin - equivalence to Swift's combination of ""if let + cast""?",Role-Specific Skills,0.4773,StackPulse,Low semantic confidence (<0.50)
Openpyxl read tables from existing data book example?,Technical Knowledge,0.6011,StackPulse,Moderate confidence review queue (0.50-0.75)
How to import Room Persistence Library to an Android project?,Leadership,0.4027,StackPulse,Low semantic confidence (<0.50)
Random Forest Feature Importance Chart using Python?,Problem Solving,0.5181,StackPulse,Moderate confidence review queue (0.50-0.75)
Apply click method to outer div but not inner div?,Communication,0.3395,StackPulse,Low semantic confidence (<0.50)
How to read only n rows of large CSV file on HDFS using spark-csv package?,Role-Specific Skills,0.7003,StackPulse,Moderate confidence review queue (0.50-0.75)
"For async tests and hooks, ensure ""done()"" is called if returning a Promise, ensure it resolves?",Role-Specific Skills,0.4733,StackPulse,Low semantic confidence (<0.50)
Postgres container crashes with database files are incompatible with server after container's image has been updated to the latest one?,Problem Solving,0.5694,StackPulse,Moderate confidence review queue (0.50-0.75)
"How to fix ""couldn't follow symbolic link"" in Android Studio?",Communication,0.4197,StackPulse,Low semantic confidence (<0.50)
Outdated Kotlin Runtime warning in Android Studio?,Communication,0.3406,StackPulse,Low semantic confidence (<0.50)
How to remove pause menu video suggestions / related videos (class: ytp-pause-overlay) from Youtube embed?,Role-Specific Skills,0.6641,StackPulse,Moderate confidence review queue (0.50-0.75)
"Xamarin.Android.Support.Fragment, Version 1.0.0.0, Culture neutral, PublicKeyToken '. Perhaps it doesn't exist in the Mono for Android profile?",Communication,0.2838,StackPulse,Low semantic confidence (<0.50)
Give active class onclick in ngFor angular 2?,Communication,0.311,StackPulse,Low semantic confidence (<0.50)
How to hide ide main window title bar? (in IntelliJ IDEA)?,Role-Specific Skills,0.3368,StackPulse,Low semantic confidence (<0.50)
How to disable copy for particular element in html?,Leadership,0.5614,StackPulse,Moderate confidence review queue (0.50-0.75)
What is the most efficient way to compute a Kronecker Product in TensorFlow?,Problem Solving,0.5539,StackPulse,Moderate confidence review queue (0.50-0.75)
JS Last index of a non-null element in an array?,Leadership,0.5765,StackPulse,Moderate confidence review queue (0.50-0.75)
How to remove quotes from around a string in Golang?,Role-Specific Skills,0.6552,StackPulse,Moderate confidence review queue (0.50-0.75)
Set Item Permissions?,Communication,0.4,StackPulse,Low semantic confidence (<0.50)
How to disable flyway in a certain spring profile?,Role-Specific Skills,0.7055,StackPulse,Moderate confidence review queue (0.50-0.75)
"Typescript guide gives ""Duplicate function implementation"" warning?",Communication,0.4121,StackPulse,Low semantic confidence (<0.50)
How to skip lines while reading a CSV file as a dataFrame using PySpark?,Role-Specific Skills,0.5767,StackPulse,Moderate confidence review queue (0.50-0.75)
Laravel echo is no listening?,Communication,0.4566,StackPulse,Low semantic confidence (<0.50)
How to use Criteria Queries in Spring Boot Data Jpa Application?,Technical Knowledge,0.3957,StackPulse,Low semantic confidence (<0.50)
Convert float64 column to int64 in Pandas?,Role-Specific Skills,0.6246,StackPulse,Moderate confidence review queue (0.50-0.75)
How to check the object type on runtime in TypeScript?,Role-Specific Skills,0.3897,StackPulse,Low semantic confidence (<0.50)
Scrape title by only downloading relevant part of webpage?,Leadership,0.3326,StackPulse,Low semantic confidence (<0.50)
Getting the # of days difference between two dates in Powershell?,Technical Knowledge,0.5184,StackPulse,Moderate confidence review queue (0.50-0.75)
Material UI component reference does not work?,Communication,0.3608,StackPulse,Low semantic confidence (<0.50)
Xamarin Forms iOS status bar text color?,Communication,0.4715,StackPulse,Low semantic confidence (<0.50)
TypeError: (...).sideNav is not a function?,Problem Solving,0.3495,StackPulse,Low semantic confidence (<0.50)
React Native iOS and Android folders not present?,Role-Specific Skills,0.7447,StackPulse,Moderate confidence review queue (0.50-0.75)
Find and replace in Visual Studio code in a selection?,Leadership,0.558,StackPulse,Moderate confidence review queue (0.50-0.75)
What is the TypeScript return type of a React stateless component?,Role-Specific Skills,0.5882,StackPulse,Moderate confidence review queue (0.50-0.75)
Telegram Bots: Encoding Plus Character / Plus Sign?,Role-Specific Skills,0.5721,StackPulse,Moderate confidence review queue (0.50-0.75)
GeoDjango on Windows: Try setting GDAL_LIBRARY_PATH in your settings?,Problem Solving,0.6381,StackPulse,Moderate confidence review queue (0.50-0.75)
How to download a file from s3 using provided url?,Communication,0.4718,StackPulse,Low semantic confidence (<0.50)
Animate visibility of a view from gone to visible with animation?,Technical Knowledge,0.4699,StackPulse,Low semantic confidence (<0.50)
RSelenium: server signals port is already in use?,Problem Solving,0.3682,StackPulse,Low semantic confidence (<0.50)
Why disable dropout during validation and testing?,Problem Solving,0.3923,StackPulse,Low semantic confidence (<0.50)
Ionic2 Popover Change Width?,Role-Specific Skills,0.6152,StackPulse,Moderate confidence review queue (0.50-0.75)
Why only outdated version of NPM is available on Debian/Ubuntu?,Technical Knowledge,0.4405,StackPulse,Low semantic confidence (<0.50)
"How can I downgrade my ionic cli to the previous version, I had?",Leadership,0.5152,StackPulse,Moderate confidence review queue (0.50-0.75)
How can I list duplicate values out of a table?,Leadership,0.4605,StackPulse,Low semantic confidence (<0.50)
"After installing bulma through NPM, how can I refer it in my project?",Role-Specific Skills,0.5054,StackPulse,Moderate confidence review queue (0.50-0.75)
Angular 4 get headers from API response?,Role-Specific Skills,0.6204,StackPulse,Moderate confidence review queue (0.50-0.75)
How to create GridView Layout in Flutter?,Leadership,0.5342,StackPulse,Moderate confidence review queue (0.50-0.75)
Angular-cli : How to ignore class names from being minified?,Role-Specific Skills,0.5533,StackPulse,Moderate confidence review queue (0.50-0.75)
How to Enter Placeholder Text Within Html.TextBoxFor in C# / MVC 4?,Communication,0.3474,StackPulse,Low semantic confidence (<0.50)
How to connect Power BI Desktop to remote MySql server that requires authentication?,Role-Specific Skills,0.3674,StackPulse,Low semantic confidence (<0.50)
"How can I represent a ""many to many"" relation with Android Room when column names are same?",Technical Knowledge,0.4911,StackPulse,Low semantic confidence (<0.50)
TypeError: firebase.messaging is not a function in node.js?,Communication,0.6668,StackPulse,Moderate confidence review queue (0.50-0.75)
How to ensure UWP app is always full screen on launch?,Role-Specific Skills,0.6482,StackPulse,Moderate confidence review queue (0.50-0.75)
How to disable/hide woocommerce single product page?,Role-Specific Skills,0.3709,StackPulse,Low semantic confidence (<0.50)
Converting DDMMYYYY with dateutil.parser?,Leadership,0.3045,StackPulse,Low semantic confidence (<0.50)
Search a table in all databases in hive?,Technical Knowledge,0.6182,StackPulse,Moderate confidence review queue (0.50-0.75)
How to read image file from S3 bucket directly into memory?,Technical Knowledge,0.4394,StackPulse,Low semantic confidence (<0.50)
How to count the number of characters at the start of a string?,Technical Knowledge,0.3595,StackPulse,Low semantic confidence (<0.50)
GLIBCXX_3.4.21 not found on CentOS 7?,Problem Solving,0.7086,StackPulse,Moderate confidence review queue (0.50-0.75)
How to show html entity using React?,Role-Specific Skills,0.7025,StackPulse,Moderate confidence review queue (0.50-0.75)
PostgreSQL error initdb: command not found?,Role-Specific Skills,0.3249,StackPulse,Low semantic confidence (<0.50)
How to add an extra middle step into a list comprehension?,Leadership,0.5868,StackPulse,Moderate confidence review queue (0.50-0.75)
"Error npm is known not to run on Node.js v10.24.1 and how to fix it, don't update to the latest version?",Problem Solving,0.371,StackPulse,Low semantic confidence (<0.50)
Uncaught TypeError: dispatcher.useSyncExternalStore is not a function?,Communication,0.3552,StackPulse,Low semantic confidence (<0.50)
Error encrypting message: Private key is not decrypted?,Problem Solving,0.5246,StackPulse,Moderate confidence review queue (0.50-0.75)
Nightmare.js conditional browsing?,Technical Knowledge,0.2749,StackPulse,Low semantic confidence (<0.50)
"How to enable ""Share publicly"" when uploading a file to Firebase storage?",Role-Specific Skills,0.5134,StackPulse,Moderate confidence review queue (0.50-0.75)
How can I compute element-wise conditionals on batches in TensorFlow?,Role-Specific Skills,0.581,StackPulse,Moderate confidence review queue (0.50-0.75)
"ASP .NET WebApi Security: Confusions with HMAC, OAuth, IdentityServer, Auth0?",Role-Specific Skills,0.5858,StackPulse,Moderate confidence review queue (0.50-0.75)
Updating complication with Swift 3 and background task?,Leadership,0.3002,StackPulse,Low semantic confidence (<0.50)
AnnotationConfigNonEmbeddedWebApplicationContext has not been refreshed yet?,Problem Solving,0.676,StackPulse,Moderate confidence review queue (0.50-0.75)
Why can't I install lldb in Android Studio?,Problem Solving,0.3498,StackPulse,Low semantic confidence (<0.50)
Python: Adding hours to pandas timestamp?,Problem Solving,0.5413,StackPulse,Moderate confidence review queue (0.50-0.75)
Select destination variable for click parser?,Technical Knowledge,0.5009,StackPulse,Moderate confidence review queue (0.50-0.75)
TypeError: _webpack2.default.optimize.OccurenceOrderPlugin is not a function?,Problem Solving,0.5393,StackPulse,Moderate confidence review queue (0.50-0.75)
How can I audit git rerere's resolutions?,Role-Specific Skills,0.423,StackPulse,Low semantic confidence (<0.50)
Make a Slider control with multiple nodes in JavaFX?,Role-Specific Skills,0.3466,StackPulse,Low semantic confidence (<0.50)
How to create Custom UIMenuController with only custom items other than default?,Leadership,0.6814,StackPulse,Moderate confidence review queue (0.50-0.75)
"How can I slice a dataframe by timestamp, when timestamp isn't classified as index?",Problem Solving,0.3612,StackPulse,Low semantic confidence (<0.50)
RuntimeWarning: invalid value encountered in double_scalars app.launch_new_instance()?,Problem Solving,0.6213,StackPulse,Moderate confidence review queue (0.50-0.75)
Bquote does not work in facet_grid labels in ggplot2 version 2.1?,Role-Specific Skills,0.6311,StackPulse,Moderate confidence review queue (0.50-0.75)
How to simulate _moz_resizing in Chrome or Edge?,Role-Specific Skills,0.6236,StackPulse,Moderate confidence review queue (0.50-0.75)
IPTables rate limit per destination IP and port?,Technical Knowledge,0.5562,StackPulse,Moderate confidence review queue (0.50-0.75)
Convert a sparse matrix to a full matrix - R?,Problem Solving,0.688,StackPulse,Moderate confidence review queue (0.50-0.75)
Is there any documentation or example of using for Symfony/Cache component?,Role-Specific Skills,0.5204,StackPulse,Moderate confidence review queue (0.50-0.75)
Collecting SMTP server using Mailkit with Mimekit?,Role-Specific Skills,0.7215,StackPulse,Moderate confidence review queue (0.50-0.75)
How do I access the first character of a string in Rust?,Technical Knowledge,0.686,StackPulse,Moderate confidence review queue (0.50-0.75)
GCC: Getting ld: symbol(s) not found for architecture x86_64 error on OS X 10.11.5?,Problem Solving,0.6129,StackPulse,Moderate confidence review queue (0.50-0.75)
How does pandas calculate skew?,Technical Knowledge,0.5113,StackPulse,Moderate confidence review queue (0.50-0.75)
JPA JoinColumn annotation with One To One relationship?,Communication,0.4265,StackPulse,Low semantic confidence (<0.50)
How do I customize y-axis labels on a Chart.js line chart?,Role-Specific Skills,0.5125,StackPulse,Moderate confidence review queue (0.50-0.75)
Seaborn despine() brings back the ytick labels?,Technical Knowledge,0.6185,StackPulse,Moderate confidence review queue (0.50-0.75)
A few questions about CRC basics?,Technical Knowledge,0.7129,StackPulse,Moderate confidence review queue (0.50-0.75)
Motion manager not working?,Problem Solving,0.5797,StackPulse,Moderate confidence review queue (0.50-0.75)
Angular 2 chart - change point radius?,Role-Specific Skills,0.5234,StackPulse,Moderate confidence review queue (0.50-0.75)
Max margin loss in TensorFlow?,Problem Solving,0.63,StackPulse,Moderate confidence review queue (0.50-0.75)
Log level in Jerseys new LoggingFeature?,Leadership,0.6124,StackPulse,Moderate confidence review queue (0.50-0.75)
Handling mixed object arrays in Serde?,Role-Specific Skills,0.654,StackPulse,Moderate confidence review queue (0.50-0.75)
Using Content URI with ACTION_VIDEO_CAPTURE?,Role-Specific Skills,0.5269,StackPulse,Moderate confidence review queue (0.50-0.75)
How to add a line on x-axis on a horizontal bar chart in d3?,Leadership,0.6023,StackPulse,Moderate confidence review queue (0.50-0.75)
How to organize a long SQL statement written in Javascript/Node?,Technical Knowledge,0.428,StackPulse,Low semantic confidence (<0.50)
R : Updating an entry in mongodb using mongolite?,Role-Specific Skills,0.4587,StackPulse,Low semantic confidence (<0.50)
Choosing between /dev/tty.usbserial vs /dev/cu.usbserial?,Technical Knowledge,0.4027,StackPulse,Low semantic confidence (<0.50)
Hide source code from build executable in electron-app?,Role-Specific Skills,0.631,StackPulse,Moderate confidence review queue (0.50-0.75)
Two-way SSL or One-way SSL when its one way rest call?,Role-Specific Skills,0.653,StackPulse,Moderate confidence review queue (0.50-0.75)
What are the front-end data modeling best practices for translating complex nested SQL associations into manageable services?,Technical Knowledge,0.5419,StackPulse,Moderate confidence review queue (0.50-0.75)
Service Fabric tooling for Visual Studio 2015 Update 2 seems to be broken?,Role-Specific Skills,0.4198,StackPulse,Low semantic confidence (<0.50)
Publishing from Author to Public in Magnolia CMS?,Role-Specific Skills,0.5544,StackPulse,Moderate confidence review queue (0.50-0.75)
Subscription not registered to use namespace 'Microsoft.Network'?,Problem Solving,0.5261,StackPulse,Moderate confidence review queue (0.50-0.75)
"About ""tensorflow.initialize_all_variables()""?",Role-Specific Skills,0.4637,StackPulse,Low semantic confidence (<0.50)
Implementing events Spinner with Butter Knife?,Technical Knowledge,0.3625,StackPulse,Low semantic confidence (<0.50)
How do I train an SVM classifier using HOG features in OpenCV 3.0 in Python?,Role-Specific Skills,0.4055,StackPulse,Low semantic confidence (<0.50)
Angular 2 return html instead of string?,Leadership,0.3637,StackPulse,Low semantic confidence (<0.50)
VisitDecl vs. TraverseDecl (Clang RecursiveASTVisitor)?,Technical Knowledge,0.6515,StackPulse,Moderate confidence review queue (0.50-0.75)
Using nogil with cpdef class method in cython?,Problem Solving,0.3647,StackPulse,Low semantic confidence (<0.50)
JavaFX property remove listener not working?,Communication,0.4824,StackPulse,Low semantic confidence (<0.50)
Supertest Expect Not Asserting Status Codes Correctly?,Role-Specific Skills,0.449,StackPulse,Low semantic confidence (<0.50)
Select all fields from table A but single field from B?,Communication,0.4597,StackPulse,Low semantic confidence (<0.50)
How to turn off code coverage for phpunit 5.4+?,Problem Solving,0.4103,StackPulse,Low semantic confidence (<0.50)
"Why is there no ""byte"" kind in the reflect package?",Technical Knowledge,0.726,StackPulse,Moderate confidence review queue (0.50-0.75)
Randomness in Spring Bean creation when there is circular bean dependency?,Role-Specific Skills,0.4264,StackPulse,Low semantic confidence (<0.50)
GraphQL object property should be a list of strings?,Technical Knowledge,0.4741,StackPulse,Low semantic confidence (<0.50)
SSE: unaligned load and store that crosses page boundary?,Role-Specific Skills,0.4529,StackPulse,Low semantic confidence (<0.50)
How to run sql script with Entity Framework in .NET Core 1.0?,Role-Specific Skills,0.3876,StackPulse,Low semantic confidence (<0.50)
Ios address bar triggered when angular ui router state changes?,Role-Specific Skills,0.3239,StackPulse,Low semantic confidence (<0.50)
Viewing nested JSON data into a pandas dataframe?,Leadership,0.4957,StackPulse,Low semantic confidence (<0.50)
"Is it possible to angular 2 html file, instead of component?",Role-Specific Skills,0.7034,StackPulse,Moderate confidence review queue (0.50-0.75)
Get user information from Auth0 using ASP .NET MVC 6 WebAPI?,Leadership,0.351,StackPulse,Low semantic confidence (<0.50)
Architecture for fast globally distributed user quota management?,Technical Knowledge,0.5045,StackPulse,Moderate confidence review queue (0.50-0.75)
Accessing an Angular service that may or may not exist?,Problem Solving,0.5372,StackPulse,Moderate confidence review queue (0.50-0.75)
Mongo find documents where value of property does not contains a given string?,Problem Solving,0.3145,StackPulse,Low semantic confidence (<0.50)
Why does angular-cli create component/shared/index.ts?,Technical Knowledge,0.6989,StackPulse,Moderate confidence review queue (0.50-0.75)
Laravel 5.2 AJAX - Display success message after redirect?,Communication,0.3994,StackPulse,Low semantic confidence (<0.50)
"Get row data failed, error of Cannot create property 'guid' on string?",Leadership,0.3139,StackPulse,Low semantic confidence (<0.50)
How does webpack resolve imports from node_modules?,Role-Specific Skills,0.5274,StackPulse,Moderate confidence review queue (0.50-0.75)
How to change Border Color of Entry in Xamarin.Forms?,Leadership,0.4656,StackPulse,Low semantic confidence (<0.50)
How does Convert Java File to Kotlin File work?,Technical Knowledge,0.6093,StackPulse,Moderate confidence review queue (0.50-0.75)
R Leaflet: Zoom Control Level?,Role-Specific Skills,0.4561,StackPulse,Low semantic confidence (<0.50)
"Is there a markdown friendly alternative to ""truncatechars:x""?",Role-Specific Skills,0.3331,StackPulse,Low semantic confidence (<0.50)
"Is the asymptotic performance of a partition and sort key query in DynamoDB constant, O(1)?",Technical Knowledge,0.6102,StackPulse,Moderate confidence review queue (0.50-0.75)
Linq return parent objects that have child items matching ALL items in separate list?,Leadership,0.2956,StackPulse,Low semantic confidence (<0.50)
Jsdom not returning document?,Communication,0.3448,StackPulse,Low semantic confidence (<0.50)
"Response whose ""body"" is locked cannot be used to respond to a request?",Communication,0.4951,StackPulse,Low semantic confidence (<0.50)
Get return value for multi-processing functions in python?,Technical Knowledge,0.4877,StackPulse,Low semantic confidence (<0.50)
Create bootstrap select picker dynamically?,Role-Specific Skills,0.4109,StackPulse,Low semantic confidence (<0.50)
Leaflet Marker not static on position?,Leadership,0.3723,StackPulse,Low semantic confidence (<0.50)
Is it possible to use Box with no_std?,Technical Knowledge,0.574,StackPulse,Moderate confidence review queue (0.50-0.75)
Should the .babelrc file be gitignored?,Role-Specific Skills,0.5624,StackPulse,Moderate confidence review queue (0.50-0.75)
Android AudioRecord won't initialize?,Problem Solving,0.4927,StackPulse,Low semantic confidence (<0.50)
How can I get the absolute name of a syntax::ast::Ident?,Technical Knowledge,0.5518,StackPulse,Moderate confidence review queue (0.50-0.75)
How to use onelogin SSO with AngularJS?,Role-Specific Skills,0.7331,StackPulse,Moderate confidence review queue (0.50-0.75)
Python Luigi - Continue with External task when satisfied?,Communication,0.3067,StackPulse,Low semantic confidence (<0.50)
Using C++ enum in QML as string?,Technical Knowledge,0.5116,StackPulse,Moderate confidence review queue (0.50-0.75)
Deserializing field from nested objects within JSON response with Jackson?,Leadership,0.608,StackPulse,Moderate confidence review queue (0.50-0.75)
Check if an object is empty in Nunjucks?,Technical Knowledge,0.4971,StackPulse,Low semantic confidence (<0.50)
Fetching photos and videos from a Facebook event using the Graph API?,Role-Specific Skills,0.3473,StackPulse,Low semantic confidence (<0.50)
How to add a spinner for each image loading in Ionic?,Problem Solving,0.427,StackPulse,Low semantic confidence (<0.50)
How to use drag and drop in IntelliJ for java swing?,Problem Solving,0.3103,StackPulse,Low semantic confidence (<0.50)
Update SQL column using Rank() function?,Technical Knowledge,0.421,StackPulse,Low semantic confidence (<0.50)
How to redirect to another form view in python code - Odoo 8?,Leadership,0.3291,StackPulse,Low semantic confidence (<0.50)
Capybara expect page.selector to_have?,Technical Knowledge,0.4029,StackPulse,Low semantic confidence (<0.50)
How to know if a task completed synchronously?,Problem Solving,0.6722,StackPulse,Moderate confidence review queue (0.50-0.75)
How to use classes from a neighbouring subproject during configuration phase?,Role-Specific Skills,0.724,StackPulse,Moderate confidence review queue (0.50-0.75)
Azure Service Fabric Application stuck in Deleting state?,Problem Solving,0.6823,StackPulse,Moderate confidence review queue (0.50-0.75)
R iGraph: How to select vertices satisfying a certain rule?,Problem Solving,0.4885,StackPulse,Low semantic confidence (<0.50)
Plotting the boundaries of cluster zone in Python with scikit package?,Role-Specific Skills,0.7235,StackPulse,Moderate confidence review queue (0.50-0.75)
Try catch ex.stack get first line only?,Problem Solving,0.6908,StackPulse,Moderate confidence review queue (0.50-0.75)
Java okhttp adding headers using for loop dynamically?,Role-Specific Skills,0.3184,StackPulse,Low semantic confidence (<0.50)
Mypy explicit type hint in quotes still gives not defined error?,Role-Specific Skills,0.322,StackPulse,Low semantic confidence (<0.50)
Use glob to find arbitrary length numbers?,Technical Knowledge,0.3884,StackPulse,Low semantic confidence (<0.50)
"How to link schema in ""GraphQL for .NET"" and ""Relay""?",Role-Specific Skills,0.6539,StackPulse,Moderate confidence review queue (0.50-0.75)
Ambiguous type with type families?,Technical Knowledge,0.7356,StackPulse,Moderate confidence review queue (0.50-0.75)
Comparing pandas DataFrame to Series?,Problem Solving,0.4046,StackPulse,Low semantic confidence (<0.50)
How do I extend Django admin's DateFieldListFilter class ?,Leadership,0.3958,StackPulse,Low semantic confidence (<0.50)
How to nest LabelKFold?,Role-Specific Skills,0.34,StackPulse,Low semantic confidence (<0.50)
Python PEP479 Change StopIteration handling inside generators?,Role-Specific Skills,0.7197,StackPulse,Moderate confidence review queue (0.50-0.75)
How to write a flowtype for arrow function with generic type?,Communication,0.3356,StackPulse,Low semantic confidence (<0.50)
"Typescript, Type Object Is Not Generic?",Communication,0.586,StackPulse,Moderate confidence review queue (0.50-0.75)
Edit maven's settings.xml from Intellij?,Role-Specific Skills,0.6502,StackPulse,Moderate confidence review queue (0.50-0.75)
Plotting discrete colorbar in legend style using Matplotlib?,Role-Specific Skills,0.629,StackPulse,Moderate confidence review queue (0.50-0.75)
Line clamp in React using clamp.js causing Object error in IE11?,Role-Specific Skills,0.6192,StackPulse,Moderate confidence review queue (0.50-0.75)
Gdb catch syscall condition and string comparisson?,Problem Solving,0.6925,StackPulse,Moderate confidence review queue (0.50-0.75)
Angular 2 Subscribe / Unsubscribe Observables in case of http calls?,Role-Specific Skills,0.6111,StackPulse,Moderate confidence review queue (0.50-0.75)
Marshmallow: Dict of nested Schema?,Role-Specific Skills,0.6762,StackPulse,Moderate confidence review queue (0.50-0.75)
IBInspectable UIEdgeInsets not shown in IBOutlet?,Role-Specific Skills,0.3224,StackPulse,Low semantic confidence (<0.50)
How to colorize Elixir iex prompt?,Role-Specific Skills,0.5538,StackPulse,Moderate confidence review queue (0.50-0.75)
EPPlus AutoFitColumns not working?,Problem Solving,0.6644,StackPulse,Moderate confidence review queue (0.50-0.75)
Flex items ignoring width?,Role-Specific Skills,0.3991,StackPulse,Low semantic confidence (<0.50)
OneSignal how to send Push to specific device - ionic?,Role-Specific Skills,0.4616,StackPulse,Low semantic confidence (<0.50)
Set two fields using map?,Leadership,0.4437,StackPulse,Low semantic confidence (<0.50)
UploadArchives build both debug and release?,Problem Solving,0.6984,StackPulse,Moderate confidence review queue (0.50-0.75)
How do you make ggplot labels use both labels abs and labels comma?,Role-Specific Skills,0.5927,StackPulse,Moderate confidence review queue (0.50-0.75)
Bind with Butterknife to dynamically added view in android?,Role-Specific Skills,0.4403,StackPulse,Low semantic confidence (<0.50)
Write each element of a list on a newline on a text file in Python?,Leadership,0.6108,StackPulse,Moderate confidence review queue (0.50-0.75)
How to prevent SBT from resolving the same dependencies for different projects?,Role-Specific Skills,0.5748,StackPulse,Moderate confidence review queue (0.50-0.75)
"GitLab Ci Runner error "" bash: line 21: xcodebuild: command not found ""?",Leadership,0.5039,StackPulse,Moderate confidence review queue (0.50-0.75)
How do I attach more than one stylesheet to an rmarkdown document?,Leadership,0.367,StackPulse,Low semantic confidence (<0.50)
Menu component not showing up?,Problem Solving,0.4473,StackPulse,Low semantic confidence (<0.50)
Dapper multi mapping many to many relationship?,Leadership,0.4672,StackPulse,Low semantic confidence (<0.50)
How to change the color of QStringListModel items?,Role-Specific Skills,0.5211,StackPulse,Moderate confidence review queue (0.50-0.75)
App keep asking for password to use 'Local Items' keychain?,Role-Specific Skills,0.6411,StackPulse,Moderate confidence review queue (0.50-0.75)
Memoizing goals in Prolog?,Leadership,0.4038,StackPulse,Low semantic confidence (<0.50)
Asp .NET Web API passing user across layers?,Communication,0.3026,StackPulse,Low semantic confidence (<0.50)
Youtube api to get channel monetization status?,Role-Specific Skills,0.5281,StackPulse,Moderate confidence review queue (0.50-0.75)
How does Apache spark handle python multithread issues?,Role-Specific Skills,0.5062,StackPulse,Moderate confidence review queue (0.50-0.75)
How to increase the page width in ipython notebook (jupyter) slides?,Role-Specific Skills,0.3501,StackPulse,Low semantic confidence (<0.50)
Add text label to d3 node in Force layout?,Role-Specific Skills,0.539,StackPulse,Moderate confidence review queue (0.50-0.75)
R plot: Displaying both point type and line type in legend?,Role-Specific Skills,0.3364,StackPulse,Low semantic confidence (<0.50)
Unable to mount obb file created with JOBB?,Leadership,0.4754,StackPulse,Low semantic confidence (<0.50)
How to create a qmake function that creates a custom make target?,Role-Specific Skills,0.6652,StackPulse,Moderate confidence review queue (0.50-0.75)
Logging in Django test with verbosity?,Communication,0.3041,StackPulse,Low semantic confidence (<0.50)
How to use Clang as a preprocessor?,Leadership,0.4866,StackPulse,Low semantic confidence (<0.50)
How to dynamically add preferences into preferences screen and bind their values?,Role-Specific Skills,0.5526,StackPulse,Moderate confidence review queue (0.50-0.75)
How to disable localization warnings for some ui elements in Xcode?,Communication,0.4776,StackPulse,Low semantic confidence (<0.50)
How to use Android AutoCompleteTextView on Xamarin.Forms?,Communication,0.3985,StackPulse,Low semantic confidence (<0.50)
CProfile command line how to reduce output?,Leadership,0.5441,StackPulse,Moderate confidence review queue (0.50-0.75)
Bluetooth error no advertisable device?,Problem Solving,0.5982,StackPulse,Moderate confidence review queue (0.50-0.75)
Navigating through dynamic Object (json) in C#?,Leadership,0.4915,StackPulse,Low semantic confidence (<0.50)
"Save XDocument with indentation and xml:space ""preserve""?",Leadership,0.5458,StackPulse,Moderate confidence review queue (0.50-0.75)
How to query nested list in Mongo C# 2.2 driver with Linq?,Problem Solving,0.3417,StackPulse,Low semantic confidence (<0.50)
How can I fill out void C pointer in Go?,Technical Knowledge,0.6204,StackPulse,Moderate confidence review queue (0.50-0.75)
Tensorflow: Creating a graph in a class and running it outside?,Role-Specific Skills,0.5477,StackPulse,Moderate confidence review queue (0.50-0.75)
What is support command in git flow?,Role-Specific Skills,0.5363,StackPulse,Moderate confidence review queue (0.50-0.75)
Jade include with parameter?,Role-Specific Skills,0.6203,StackPulse,Moderate confidence review queue (0.50-0.75)
Peewee savepoint does not exist?,Problem Solving,0.5376,StackPulse,Moderate confidence review queue (0.50-0.75)
Detecting parameter types from generic lambda - compile error with GCC?,Problem Solving,0.5389,StackPulse,Moderate confidence review queue (0.50-0.75)
__RefactorLog table in SQL Server - safe to drop it?,Communication,0.3522,StackPulse,Low semantic confidence (<0.50)
Java BufferedImage JPG compression without writing to file?,Technical Knowledge,0.6237,StackPulse,Moderate confidence review queue (0.50-0.75)
Why does Immutable.js throw Invalid key path on Map.setIn()?,Role-Specific Skills,0.4295,StackPulse,Low semantic confidence (<0.50)
Access Xampp from outside via Internet?,Problem Solving,0.3778,StackPulse,Low semantic confidence (<0.50)
Kotlin Anonymous Function Parameter Unit Testing?,Role-Specific Skills,0.7143,StackPulse,Moderate confidence review queue (0.50-0.75)
2 way syncing with Google Calendar/Outlook?,Role-Specific Skills,0.3126,StackPulse,Low semantic confidence (<0.50)
How do I set cookie expiration to session in C#?,Technical Knowledge,0.3537,StackPulse,Low semantic confidence (<0.50)
Android: multiple intentservices or one intentservice with multiple intents?,Role-Specific Skills,0.4755,StackPulse,Low semantic confidence (<0.50)
Opening zip files in browser with FileReader and JSZip.js?,Role-Specific Skills,0.315,StackPulse,Low semantic confidence (<0.50)
Throttling User Downloads in Azure?,Role-Specific Skills,0.4843,StackPulse,Low semantic confidence (<0.50)
Cursor in android studio select rectangle area?,Communication,0.4358,StackPulse,Low semantic confidence (<0.50)
Ffmpeg txt from audio levels?,Role-Specific Skills,0.543,StackPulse,Moderate confidence review queue (0.50-0.75)
TypeError: unsupported operand type(s) for : 'float' and 'numpy.float64'?,Problem Solving,0.4423,StackPulse,Low semantic confidence (<0.50)
Unequal misclassification costs in python/sklearn?,Problem Solving,0.7418,StackPulse,Moderate confidence review queue (0.50-0.75)
Glmnet: How do I know which factor level of my response is coded as 1 in logistic regression?,Problem Solving,0.3135,StackPulse,Low semantic confidence (<0.50)
Elixir assert_raise doesn't catch exceptions?,Role-Specific Skills,0.3813,StackPulse,Low semantic confidence (<0.50)
Counting unique visitors with flask?,Technical Knowledge,0.4231,StackPulse,Low semantic confidence (<0.50)
Cassandra Compaction vs Repair vs Cleanup?,Technical Knowledge,0.4281,StackPulse,Low semantic confidence (<0.50)
WOPI host and WOPI client example?,Technical Knowledge,0.4601,StackPulse,Low semantic confidence (<0.50)
Will FCM Token change periodically like GCM registration ID?,Role-Specific Skills,0.7245,StackPulse,Moderate confidence review queue (0.50-0.75)
Spring-boot populate H2 database with schema.sql and data.sql?,Role-Specific Skills,0.704,StackPulse,Moderate confidence review queue (0.50-0.75)
How Can I Get the Navigation Path of a Node in a JSON Tree While Iterating Through the Tree?,Leadership,0.3468,StackPulse,Low semantic confidence (<0.50)
Gensim: custom similarity measure?,Role-Specific Skills,0.5113,StackPulse,Moderate confidence review queue (0.50-0.75)
Rmarkdown Retain .tex file?,Technical Knowledge,0.417,StackPulse,Low semantic confidence (<0.50)
Found duplicate execution with id default in pom.xml?,Problem Solving,0.6765,StackPulse,Moderate confidence review queue (0.50-0.75)
How to implement Material Design Choreographing surface animations?,Technical Knowledge,0.368,StackPulse,Low semantic confidence (<0.50)
How to play rtmp link in avplayer?,Problem Solving,0.3229,StackPulse,Low semantic confidence (<0.50)
CDI scopes in non http application?,Role-Specific Skills,0.517,StackPulse,Moderate confidence review queue (0.50-0.75)
How can CMake's PASS_REGULAR_EXPRESSION match multiple lines of output?,Role-Specific Skills,0.5777,StackPulse,Moderate confidence review queue (0.50-0.75)
Normalize the elements of columns in an array to 1 or -1 depending on their sign?,Leadership,0.6043,StackPulse,Moderate confidence review queue (0.50-0.75)
Extract Address from String - Equivalent to NSDataDetector in iOS?,Technical Knowledge,0.443,StackPulse,Low semantic confidence (<0.50)
How is the Spark select-explode idiom implemented?,Technical Knowledge,0.6294,StackPulse,Moderate confidence review queue (0.50-0.75)
Testing Activity and specific fragment with espresso?,Role-Specific Skills,0.5625,StackPulse,Moderate confidence review queue (0.50-0.75)
Locally hosted fonts breaking CSP rule?,Problem Solving,0.4401,StackPulse,Low semantic confidence (<0.50)
Difference between deployment and provisioning ADF?,Technical Knowledge,0.7381,StackPulse,Moderate confidence review queue (0.50-0.75)
Adding a phone and map icon to the left of the bootstrap hamburger icon?,Leadership,0.5528,StackPulse,Moderate confidence review queue (0.50-0.75)
Angular 2: Binding to Functions from Component Templates?,Role-Specific Skills,0.7158,StackPulse,Moderate confidence review queue (0.50-0.75)
"Errors like ""Phoenix.HTML.Engine.init/1 is undefined or private"" and ""Plug.Conn.__struct__/1 is undefined"" after upgrading Elixir?",Problem Solving,0.5088,StackPulse,Moderate confidence review queue (0.50-0.75)
Java8 java.time: how to change the day of the week and the start time of the day?,Problem Solving,0.511,StackPulse,Moderate confidence review queue (0.50-0.75)
How to keep connection open for all the time in websockets?,Role-Specific Skills,0.4508,StackPulse,Low semantic confidence (<0.50)
FCM (Firebase Cloud Messaging) how to send to all Phones?,Communication,0.3658,StackPulse,Low semantic confidence (<0.50)
Destructuring assignments are not supported by current JavaScript version?,Technical Knowledge,0.304,StackPulse,Low semantic confidence (<0.50)
Go Gorilla Websockets On ping/pong fail (user disconnct) call function?,Problem Solving,0.4921,StackPulse,Low semantic confidence (<0.50)
How to insert backslash followed by single quote using paste0 in R?,Role-Specific Skills,0.2326,StackPulse,Low semantic confidence (<0.50)
Add line numbers to text content of a rendered rmarkdown html document?,Role-Specific Skills,0.3908,StackPulse,Low semantic confidence (<0.50)
Regex match double quote which does not follow slash character?,Role-Specific Skills,0.2892,StackPulse,Low semantic confidence (<0.50)
How to update data with GraphQL?,Role-Specific Skills,0.3586,StackPulse,Low semantic confidence (<0.50)
Frequency Response Scipy.signal?,Problem Solving,0.7392,StackPulse,Moderate confidence review queue (0.50-0.75)
Retrieving Eclipse console history?,Problem Solving,0.5042,StackPulse,Moderate confidence review queue (0.50-0.75)
Managing justify-content: space-between on last row?,Leadership,0.4463,StackPulse,Low semantic confidence (<0.50)
OnBeforeUnload not working correctly for Chrome?,Communication,0.4341,StackPulse,Low semantic confidence (<0.50)
"How to silence ""whose type uses the anonymous namespace -Werror "" gcc version 4.8.2?",Communication,0.3607,StackPulse,Low semantic confidence (<0.50)
Karma testing: TypeError: Attempted to assign to readonly property?,Role-Specific Skills,0.5793,StackPulse,Moderate confidence review queue (0.50-0.75)
How to make a button with an obtuse angle?,Communication,0.4951,StackPulse,Low semantic confidence (<0.50)
Scala volatile types: How is uncheckedStable unsafe?,Technical Knowledge,0.6965,StackPulse,Moderate confidence review queue (0.50-0.75)
JDBI supports stored procedure with out parameter?,Technical Knowledge,0.4632,StackPulse,Low semantic confidence (<0.50)
Spring Stomp over Websocket: Message/Buffer/Cache/Stream limits?,Role-Specific Skills,0.4516,StackPulse,Low semantic confidence (<0.50)
Serilog MSSqlServer sink not writing to table?,Technical Knowledge,0.342,StackPulse,Low semantic confidence (<0.50)
How to configure CELERYBEAT_SCHEDULE in Django settings?,Role-Specific Skills,0.6128,StackPulse,Moderate confidence review queue (0.50-0.75)
How to check syslog for ubuntu docker?,Role-Specific Skills,0.7106,StackPulse,Moderate confidence review queue (0.50-0.75)
Scala PlayJson Cyclic Reference?,Role-Specific Skills,0.4692,StackPulse,Low semantic confidence (<0.50)
Windows 10 UWP Application - Error whilst creating package?,Problem Solving,0.7095,StackPulse,Moderate confidence review queue (0.50-0.75)
Embedding album cover in MP4 file using Mutagen?,Role-Specific Skills,0.604,StackPulse,Moderate confidence review queue (0.50-0.75)
NGINX: How to setup multiple port in one server or domain name?,Role-Specific Skills,0.5123,StackPulse,Moderate confidence review queue (0.50-0.75)
Can't get scipy.io.wavfile.read() to work?,Problem Solving,0.5055,StackPulse,Moderate confidence review queue (0.50-0.75)
Find sum of previous n rows in dataframe?,Problem Solving,0.6603,StackPulse,Moderate confidence review queue (0.50-0.75)
Entry file error in react native from packager?,Role-Specific Skills,0.706,StackPulse,Moderate confidence review queue (0.50-0.75)
How to change opacity of image and merge with another image in Python?,Technical Knowledge,0.381,StackPulse,Low semantic confidence (<0.50)
How to figure out why ReSharper is not rebuilding unit test project before running?,Problem Solving,0.6149,StackPulse,Moderate confidence review queue (0.50-0.75)
How to execute a command line program in Firefox Webextensions?,Role-Specific Skills,0.4523,StackPulse,Low semantic confidence (<0.50)
C# console application: Main method return value VS Application.ExitCode?,Technical Knowledge,0.6951,StackPulse,Moderate confidence review queue (0.50-0.75)
Java and haarcascade face and mouth detection - mouth as the nose?,Technical Knowledge,0.6445,StackPulse,Moderate confidence review queue (0.50-0.75)
Updating dataframe by row but not updating?,Communication,0.3143,StackPulse,Low semantic confidence (<0.50)
Flake8 not reporting on lines that are too long?,Problem Solving,0.5668,StackPulse,Moderate confidence review queue (0.50-0.75)
"In your previous projects, Describe a time when you had to convince the enterprise customer success director to prioritize a comprehensive architectural refactor.?",Communication,0.7122,CuratedHistoricalQuestions,Moderate confidence review queue (0.50-0.75)
Explain how OAuth2 with PKCE protects against common vulnerabilities in modern web applications.?,Technical Knowledge,0.66,CuratedHistoricalQuestions,Moderate confidence review queue (0.50-0.75)
"During a technical review, Describe a time when you mentored a career switcher unfamiliar with production pipelines who was struggling with proactive communication during blockers.?",Leadership,0.7295,CuratedHistoricalQuestions,Moderate confidence review queue (0.50-0.75)
What are the best practices for implementing message broker partitioning in a high-scale service?,Role-Specific Skills,0.5245,CuratedHistoricalQuestions,Moderate confidence review queue (0.50-0.75)
How would you design a system that handles geo-distributed user sessions with instant failover using rate limiting?,Problem Solving,0.5284,CuratedHistoricalQuestions,Moderate confidence review queue (0.50-0.75)
"As a senior engineer, How do you explain database sharding and eventual consistency to customer support specialists?",Communication,0.6377,CuratedHistoricalQuestions,Moderate confidence review queue (0.50-0.75)
"From your experience, How do you tailor your communication style when speaking with junior engineers versus C-level executives?",Leadership,0.5017,CuratedHistoricalQuestions,Moderate confidence review queue (0.50-0.75)
"In an enterprise environment, Tell me about a time you noticed an engineer feeling burned out or disengaged. What actions did you take?",Communication,0.7028,CuratedHistoricalQuestions,Moderate confidence review queue (0.50-0.75)
"As a senior engineer, How does Memcached handle cache invalidation, cache stampede, and eviction policies?",Technical Knowledge,0.4309,CuratedHistoricalQuestions,Low semantic confidence (<0.50)
"Hypothetically, Can you explain the trade-offs of using connection pooling in production?",Technical Knowledge,0.577,CuratedHistoricalQuestions,Moderate confidence review queue (0.50-0.75)
"From your experience, How do you explain the difference between latency and throughput bottlenecks to sales and marketing stakeholders?",Communication,0.6304,CuratedHistoricalQuestions,Moderate confidence review queue (0.50-0.75)
"From your experience, How do you drive consensus on adopting moving to container orchestration and GitOps when there is substantial resistance from legacy developers?",Role-Specific Skills,0.5708,CuratedHistoricalQuestions,Moderate confidence review queue (0.50-0.75)
Could you walk me through: Tell me about a time when a critical project you were leading was failing. How did you turn it around?,Communication,0.5185,CuratedHistoricalQuestions,Moderate confidence review queue (0.50-0.75)
"In your previous projects, Describe a time when you had to convince an impatient product owner to prioritize migrating legacy monolithic databases to microservices.?",Communication,0.3631,CuratedHistoricalQuestions,Low semantic confidence (<0.50)
Could you walk me through: Tell me about a time you stepped up to resolve an organizational deadlock involving enforcing strict functional programming paradigms.?,Communication,0.5573,CuratedHistoricalQuestions,Moderate confidence review queue (0.50-0.75)
What are the best practices for implementing consistent hashing in a high-scale service?,Role-Specific Skills,0.5195,CuratedHistoricalQuestions,Moderate confidence review queue (0.50-0.75)
What are the best practices for implementing connection pooling in a high-scale service?,Role-Specific Skills,0.5176,CuratedHistoricalQuestions,Moderate confidence review queue (0.50-0.75)
"How would you design a system that handles 100,000 requests per second using consistent hashing?",Problem Solving,0.628,CuratedHistoricalQuestions,Moderate confidence review queue (0.50-0.75)
"From an architectural standpoint, What are the best practices for implementing event-driven architecture in a high-scale service?",Technical Knowledge,0.3204,CuratedHistoricalQuestions,Low semantic confidence (<0.50)
Can you explain: Tell me about a time you stepped up to resolve an organizational deadlock involving migrating to microservices versus modular monolith.?,Problem Solving,0.666,CuratedHistoricalQuestions,Moderate confidence review queue (0.50-0.75)
How would you design a system that handles geo-distributed user sessions with instant failover using connection pooling?,Role-Specific Skills,0.5365,CuratedHistoricalQuestions,Moderate confidence review queue (0.50-0.75)
"In your previous projects, Explain how connection pooling impacts latency, throughput, and fault tolerance.?",Technical Knowledge,0.6998,CuratedHistoricalQuestions,Moderate confidence review queue (0.50-0.75)
Could you walk me through: Can you share an example of a time when your initial hypothesis about a severe bug turned out to be wrong?,Problem Solving,0.5548,CuratedHistoricalQuestions,Moderate confidence review queue (0.50-0.75)
"From your experience, How do you handle a situation where two senior engineers on your team strongly disagree on introducing GraphQL over RESTful API architecture?",Role-Specific Skills,0.4854,CuratedHistoricalQuestions,Low semantic confidence (<0.50)
Could you walk me through: Can you explain the trade-offs of using rate limiting in production?,Technical Knowledge,0.4274,CuratedHistoricalQuestions,Low semantic confidence (<0.50)
"In an enterprise environment, What strategies do you use for mocking flaky third-party payment endpoints in QA Automation?",Role-Specific Skills,0.6481,CuratedHistoricalQuestions,Moderate confidence review queue (0.50-0.75)
Can you explain the trade-offs of using message broker partitioning in production?,Technical Knowledge,0.5916,CuratedHistoricalQuestions,Moderate confidence review queue (0.50-0.75)
How do you manage database migrations safely with zero-downtime using tools like Flyway or Liquibase in Cybersecurity Engineering?,Role-Specific Skills,0.5371,CuratedHistoricalQuestions,Moderate confidence review queue (0.50-0.75)
"In your previous projects, What are the best practices for implementing distributed transactions (2PC) in a high-scale service?",Role-Specific Skills,0.4639,CuratedHistoricalQuestions,Low semantic confidence (<0.50)
"In your previous projects, How does rate limiting work under the hood in modern distributed systems?",Technical Knowledge,0.5502,CuratedHistoricalQuestions,Moderate confidence review queue (0.50-0.75)
Describe a time when you mentored a intern with minimal real-world experience who was struggling with understanding distributed systems trade-offs.?,Leadership,0.7176,CuratedHistoricalQuestions,Moderate confidence review queue (0.50-0.75)
"During a technical review, Describe a time when you had to convince the VP of Product to prioritize allocating 30 of sprint capacity to test automation.?",Communication,0.6548,CuratedHistoricalQuestions,Moderate confidence review queue (0.50-0.75)
"As a senior engineer, What strategies do you use for hardening Linux kernel parameters against DDoS in Data Engineering?",Problem Solving,0.299,CuratedHistoricalQuestions,Low semantic confidence (<0.50)
"In Data Engineering, how do you implement zero-trust identity-aware network segmentation to ensure high performance?",Role-Specific Skills,0.6772,CuratedHistoricalQuestions,Moderate confidence review queue (0.50-0.75)
"In your previous projects, Describe a time when you had to make a high-stakes engineering trade-off under intense time pressure.?",Leadership,0.5722,CuratedHistoricalQuestions,Moderate confidence review queue (0.50-0.75)
"Could you walk me through: How do you ensure accessibility, cross-browser compatibility, and WCAG compliance in complex single-page applications?",Communication,0.4533,CuratedHistoricalQuestions,Low semantic confidence (<0.50)
"From your experience, How do you motivate a cross-functional squad to align on mandatory peer code reviews and static security scanning without causing delivery friction?",Leadership,0.5231,CuratedHistoricalQuestions,Moderate confidence review queue (0.50-0.75)
How would you design a system that handles millions of concurrent WebSocket connections using connection pooling?,Problem Solving,0.482,CuratedHistoricalQuestions,Low semantic confidence (<0.50)
"From your experience, How do you handle a situation where two senior engineers on your team strongly disagree on decoupling legacy monolithic database schemas?",Communication,0.5842,CuratedHistoricalQuestions,Moderate confidence review queue (0.50-0.75)
How would you design a system that handles low-latency financial transactions under 5ms using event-driven architecture?,Problem Solving,0.4651,CuratedHistoricalQuestions,Low semantic confidence (<0.50)
"During a technical review, Describe a time when you mentored a intern with minimal real-world experience who was struggling with proactive communication during blockers.?",Communication,0.6311,CuratedHistoricalQuestions,Moderate confidence review queue (0.50-0.75)
"In your previous projects, How do you handle a situation where two senior engineers on your team strongly disagree on choosing between Go and Rust for a new microservice?",Leadership,0.5729,CuratedHistoricalQuestions,Moderate confidence review queue (0.50-0.75)
"As a senior engineer, How do you triage and prioritize five simultaneous critical production alerts during an on-call shift?",Communication,0.6063,CuratedHistoricalQuestions,Moderate confidence review queue (0.50-0.75)
"Hypothetically, How do you drive consensus on adopting automated CI/CD trunk-based development when there is substantial resistance from legacy developers?",Leadership,0.3531,CuratedHistoricalQuestions,Low semantic confidence (<0.50)
What are the key trade-offs between React Server Components and Playwright when working on frontend state synchronization?,Role-Specific Skills,0.7274,CuratedHistoricalQuestions,Moderate confidence review queue (0.50-0.75)
Can you explain: Describe a time when you mentored a junior software engineer who was struggling with understanding distributed systems trade-offs.?,Leadership,0.7024,CuratedHistoricalQuestions,Moderate confidence review queue (0.50-0.75)
"In your previous projects, Describe how you present technical trade-offs to product managers without coding background when choosing between a managed cloud proprietary service and an open-source self-hosted cluster.?",Communication,0.653,CuratedHistoricalQuestions,Moderate confidence review queue (0.50-0.75)
"As a senior engineer, Explain how you manage state and avoid unnecessary re-renders in Angular applications.?",Technical Knowledge,0.6639,CuratedHistoricalQuestions,Moderate confidence review queue (0.50-0.75)
"In an enterprise environment, Can you explain the difference between strong consistency and eventual consistency in software engineering?",Technical Knowledge,0.4744,CuratedHistoricalQuestions,Low semantic confidence (<0.50)
"From an architectural standpoint, Can you explain the trade-offs of using distributed transactions (2PC) in production?",Technical Knowledge,0.7376,CuratedHistoricalQuestions,Moderate confidence review queue (0.50-0.75)
"From an architectural standpoint, Can you explain the trade-offs of using WAL (write-ahead log) in production?",Technical Knowledge,0.5337,CuratedHistoricalQuestions,Moderate confidence review queue (0.50-0.75)
"Hypothetically, How do you handle a situation where two senior engineers on your team strongly disagree on enforcing 90 code coverage requirements on pull requests?",Communication,0.6655,CuratedHistoricalQuestions,Moderate confidence review queue (0.50-0.75)
"In an enterprise environment, How do you handle a situation where two senior engineers on your team strongly disagree on migrating to microservices versus modular monolith?",Leadership,0.6747,CuratedHistoricalQuestions,Moderate confidence review queue (0.50-0.75)
"During a technical review, Explain the principles of Hexagonal Architecture and when you would avoid it.?",Communication,0.5203,CuratedHistoricalQuestions,Moderate confidence review queue (0.50-0.75)
Explain how you manage state and avoid unnecessary re-renders in React applications.?,Role-Specific Skills,0.6418,CuratedHistoricalQuestions,Moderate confidence review queue (0.50-0.75)
"During a technical review, in Data Engineering, how do you implement virtualized list rendering for 100k items to ensure high performance?",Technical Knowledge,0.5853,CuratedHistoricalQuestions,Moderate confidence review queue (0.50-0.75)
How do you design a comprehensive regression testing matrix for a critical payment gateway service?,Problem Solving,0.7129,CuratedHistoricalQuestions,Moderate confidence review queue (0.50-0.75)
How would you design a system that handles low-latency financial transactions under 5ms using connection pooling?,Problem Solving,0.686,CuratedHistoricalQuestions,Moderate confidence review queue (0.50-0.75)
"From an architectural standpoint, How do you motivate a cross-functional squad to align on automated CI/CD trunk-based development without causing delivery friction?",Leadership,0.6999,CuratedHistoricalQuestions,Moderate confidence review queue (0.50-0.75)
"From an architectural standpoint, How would you design a system that handles millions of concurrent WebSocket connections using circuit breaker pattern?",Problem Solving,0.5599,CuratedHistoricalQuestions,Moderate confidence review queue (0.50-0.75)
Describe how you present technical trade-offs to client account managers when choosing between building a customized in-house solution and a resilient scalable architecture with higher initial development cost.?,Communication,0.5685,CuratedHistoricalQuestions,Moderate confidence review queue (0.50-0.75)
"Explain how circuit breaker pattern impacts latency, throughput, and fault tolerance.?",Technical Knowledge,0.5062,CuratedHistoricalQuestions,Moderate confidence review queue (0.50-0.75)
Explain the principles of Domain-Driven Design (DDD) and when you would avoid it.?,Communication,0.4719,CuratedHistoricalQuestions,Low semantic confidence (<0.50)
"As a senior engineer, How would you design a system that handles millions of concurrent WebSocket connections using memory-mapped files?",Technical Knowledge,0.7111,CuratedHistoricalQuestions,Moderate confidence review queue (0.50-0.75)
"As a senior engineer, Can you explain the trade-offs of using circuit breaker pattern in production?",Leadership,0.296,CuratedHistoricalQuestions,Low semantic confidence (<0.50)
"In your previous projects, How do you handle data consistency and isolation levels in MySQL InnoDB?",Communication,0.3536,CuratedHistoricalQuestions,Low semantic confidence (<0.50)
"As a senior engineer, Describe a time when you had to convince the VP of Product to prioritize a comprehensive architectural refactor.?",Communication,0.7284,CuratedHistoricalQuestions,Moderate confidence review queue (0.50-0.75)
"As a senior engineer, How do you explain the difference between latency and throughput bottlenecks to customer support specialists?",Problem Solving,0.4446,CuratedHistoricalQuestions,Low semantic confidence (<0.50)
"From your experience, Describe a time when you had to convince the enterprise customer success director to prioritize allocating 30 of sprint capacity to test automation.?",Leadership,0.5146,CuratedHistoricalQuestions,Moderate confidence review queue (0.50-0.75)
What is the difference between Kafka and microservices?,Technical Knowledge,0.6765,CuratedHistoricalQuestions,Moderate confidence review queue (0.50-0.75)
How would you design a system that handles low-latency financial transactions under 5ms using database sharding?,Technical Knowledge,0.4814,CuratedHistoricalQuestions,Low semantic confidence (<0.50)
Describe how you present technical trade-offs to customer support specialists when choosing between building a customized in-house solution and an open-source self-hosted cluster.?,Communication,0.6265,CuratedHistoricalQuestions,Moderate confidence review queue (0.50-0.75)
"During a technical review, How do you explain database sharding and eventual consistency to client account managers?",Communication,0.7285,CuratedHistoricalQuestions,Moderate confidence review queue (0.50-0.75)
What is the time and space complexity of Trie prefix matching and how can it be optimized?,Technical Knowledge,0.7334,CuratedHistoricalQuestions,Moderate confidence review queue (0.50-0.75)
What are the key trade-offs between AWS Lambda serverless and Client-Side Hydration when working on real-time clickstream processing?,Role-Specific Skills,0.6845,CuratedHistoricalQuestions,Moderate confidence review queue (0.50-0.75)
"In your previous projects, How do you drive consensus on adopting implementing observability and distributed tracing standards when there is substantial resistance from legacy developers?",Communication,0.6043,CuratedHistoricalQuestions,Moderate confidence review queue (0.50-0.75)
"As a senior engineer, Tell me about a time you had to deliver difficult feedback about writing thorough documentation and unit tests while maintaining trust.?",Communication,0.6097,CuratedHistoricalQuestions,Moderate confidence review queue (0.50-0.75)
Explain the principles of Micro-frontends and when you would avoid it.?,Communication,0.7096,CuratedHistoricalQuestions,Moderate confidence review queue (0.50-0.75)
"During a technical review, Describe how you present technical trade-offs to client account managers when choosing between a managed cloud proprietary service and a resilient scalable architecture with higher initial development cost.?",Communication,0.6559,CuratedHistoricalQuestions,Moderate confidence review queue (0.50-0.75)
Can you explain: How do you explain why distributed consensus algorithms cannot guarantee zero latency to product managers without coding background?,Problem Solving,0.4831,CuratedHistoricalQuestions,Low semantic confidence (<0.50)
"In an enterprise environment, What are the best practices for implementing database sharding in a high-scale service?",Technical Knowledge,0.5133,CuratedHistoricalQuestions,Moderate confidence review queue (0.50-0.75)
"How would you design a system that handles 100,000 requests per second using event-driven architecture?",Problem Solving,0.599,CuratedHistoricalQuestions,Moderate confidence review queue (0.50-0.75)
"In your previous projects, Describe how you present technical trade-offs to client account managers when choosing between building a customized in-house solution and an open-source self-hosted cluster.?",Role-Specific Skills,0.5121,CuratedHistoricalQuestions,Moderate confidence review queue (0.50-0.75)
"As a senior engineer, How do you explain why upgrading outdated runtime versions is critical for security to customer support specialists?",Communication,0.5293,CuratedHistoricalQuestions,Moderate confidence review queue (0.50-0.75)
How do you handle data consistency and isolation levels in MongoDB?,Technical Knowledge,0.4297,CuratedHistoricalQuestions,Low semantic confidence (<0.50)
"In your previous projects, Describe how you present technical trade-offs to customer support specialists when choosing between a managed cloud proprietary service and a resilient scalable architecture with higher initial development cost.?",Communication,0.7142,CuratedHistoricalQuestions,Moderate confidence review queue (0.50-0.75)
"In your previous projects, How would you design a system that handles geo-distributed user sessions with instant failover using CQRS pattern?",Role-Specific Skills,0.6174,CuratedHistoricalQuestions,Moderate confidence review queue (0.50-0.75)
"From your experience, What are the best practices for implementing circuit breaker pattern in a high-scale service?",Role-Specific Skills,0.3919,CuratedHistoricalQuestions,Low semantic confidence (<0.50)
"In your previous projects, How do you ensure accessibility, cross-browser compatibility, and WCAG compliance in enterprise dashboard portals?",Role-Specific Skills,0.5871,CuratedHistoricalQuestions,Moderate confidence review queue (0.50-0.75)
Tell me about a time you stepped up to resolve an organizational deadlock involving decoupling legacy monolithic database schemas.?,Problem Solving,0.6139,CuratedHistoricalQuestions,Moderate confidence review queue (0.50-0.75)
"From an architectural standpoint, What are the best practices for implementing rate limiting in a high-scale service?",Problem Solving,0.4365,CuratedHistoricalQuestions,Low semantic confidence (<0.50)
"In your previous projects, Describe a time when you mentored a intern with minimal real-world experience who was struggling with handling ambiguous technical specifications.?",Leadership,0.6741,CuratedHistoricalQuestions,Moderate confidence review queue (0.50-0.75)
Can you explain the trade-offs of using event-driven architecture in production?,Technical Knowledge,0.6946,CuratedHistoricalQuestions,Moderate confidence review queue (0.50-0.75)
"In your previous projects, Can you explain the difference between strong consistency and imperative programming in software engineering?",Technical Knowledge,0.6654,CuratedHistoricalQuestions,Moderate confidence review queue (0.50-0.75)
Tell me about a time you stepped up to resolve an organizational deadlock involving introducing GraphQL over RESTful API architecture.?,Problem Solving,0.5501,CuratedHistoricalQuestions,Moderate confidence review queue (0.50-0.75)
"How would you design a system that handles 100,000 requests per second using read-write replicas?",Technical Knowledge,0.5449,CuratedHistoricalQuestions,Moderate confidence review queue (0.50-0.75)
"As a senior engineer, How do you debug an application that runs perfectly in local staging but fails intermittently in Kubernetes production?",Problem Solving,0.5333,CuratedHistoricalQuestions,Moderate confidence review queue (0.50-0.75)
"In an enterprise environment, Describe a time when you mentored a junior software engineer who was struggling with proactive communication during blockers.?",Leadership,0.7335,CuratedHistoricalQuestions,Moderate confidence review queue (0.50-0.75)
"Hypothetically, How do you handle data consistency and isolation levels in DynamoDB?",Role-Specific Skills,0.5898,CuratedHistoricalQuestions,Moderate confidence review queue (0.50-0.75)
"As a senior engineer, How do you handle situations where a the enterprise customer success director demands a delivery deadline you believe is unrealistic?",Communication,0.6418,CuratedHistoricalQuestions,Moderate confidence review queue (0.50-0.75)
Could you walk me through: How do you explain why upgrading outdated runtime versions is critical for security to product managers without coding background?,Communication,0.5383,CuratedHistoricalQuestions,Moderate confidence review queue (0.50-0.75)
"From your experience, Describe how you present technical trade-offs to client account managers when choosing between faster time-to-market with accumulated tech debt and an open-source self-hosted cluster.?",Communication,0.5808,CuratedHistoricalQuestions,Moderate confidence review queue (0.50-0.75)
"In an enterprise environment, Describe a time when you had to convince the Chief Operating Officer to prioritize migrating legacy monolithic databases to microservices.?",Communication,0.3528,CuratedHistoricalQuestions,Low semantic confidence (<0.50)
"In your previous projects, Can you explain the difference between strong consistency and functional programming in software engineering?",Technical Knowledge,0.7327,CuratedHistoricalQuestions,Moderate confidence review queue (0.50-0.75)
Could you walk me through: How do you identify whether a performance slowdown is caused by CPU throttling by Kubernetes CFS quota or application thread lock contention?,Problem Solving,0.6682,CuratedHistoricalQuestions,Moderate confidence review queue (0.50-0.75)
How would you design a system that handles geo-distributed user sessions with instant failover using consistent hashing?,Role-Specific Skills,0.5823,CuratedHistoricalQuestions,Moderate confidence review queue (0.50-0.75)
"From an architectural standpoint, How do you handle data consistency and isolation levels in Cassandra?",Role-Specific Skills,0.5382,CuratedHistoricalQuestions,Moderate confidence review queue (0.50-0.75)
Can you explain: How do you drive consensus on adopting strict test-driven development (TDD) when there is substantial resistance from legacy developers?,Leadership,0.5439,CuratedHistoricalQuestions,Moderate confidence review queue (0.50-0.75)
"In an enterprise environment, What strategies do you use for partition pruning and shuffling optimization in QA Automation?",Role-Specific Skills,0.6249,CuratedHistoricalQuestions,Moderate confidence review queue (0.50-0.75)
"Hypothetically, Explain the principles of Event Sourcing and when you would avoid it.?",Communication,0.7428,CuratedHistoricalQuestions,Moderate confidence review queue (0.50-0.75)
"In an enterprise environment, Walk me through how you would isolate an issue when clients receive partial and corrupted payload responses happens right after a major framework upgrade.?",Communication,0.6842,CuratedHistoricalQuestions,Moderate confidence review queue (0.50-0.75)
"From an architectural standpoint, What are the best practices for implementing CQRS pattern in a high-scale service?",Role-Specific Skills,0.5703,CuratedHistoricalQuestions,Moderate confidence review queue (0.50-0.75)
Can you explain: How would you design a system that handles millions of concurrent WebSocket connections using CQRS pattern?,Technical Knowledge,0.7013,CuratedHistoricalQuestions,Moderate confidence review queue (0.50-0.75)
"Hypothetically, How do you ensure accessibility, cross-browser compatibility, and WCAG compliance in mobile-responsive web applications?",Communication,0.5596,CuratedHistoricalQuestions,Moderate confidence review queue (0.50-0.75)
How do you identify whether a performance slowdown is caused by CPU throttling by Kubernetes CFS quota or TCP socket file descriptor leaks?,Problem Solving,0.5684,CuratedHistoricalQuestions,Moderate confidence review queue (0.50-0.75)
"In your previous projects, How would you design a system that handles geo-distributed user sessions with instant failover using event-driven architecture?",Role-Specific Skills,0.5313,CuratedHistoricalQuestions,Moderate confidence review queue (0.50-0.75)
How would you design a system that handles geo-distributed user sessions with instant failover using distributed transactions (2PC)?,Role-Specific Skills,0.5345,CuratedHistoricalQuestions,Moderate confidence review queue (0.50-0.75)
"From an architectural standpoint, How do you profile and eliminate bundle bloat, tree-shaking failures, and excessive CSS in modern web applications?",Problem Solving,0.5579,CuratedHistoricalQuestions,Moderate confidence review queue (0.50-0.75)
"From your experience, Explain the principles of Service Mesh and when you would avoid it.?",Communication,0.4792,CuratedHistoricalQuestions,Low semantic confidence (<0.50)
"From an architectural standpoint, What is the time and space complexity of Dijkstra's shortest path algorithm and how can it be optimized?",Technical Knowledge,0.7032,CuratedHistoricalQuestions,Moderate confidence review queue (0.50-0.75)
Can you explain: Describe a time when you had to convince the Chief Operating Officer to prioritize pausing new feature rollouts to fix critical security vulnerabilities.?,Communication,0.7444,CuratedHistoricalQuestions,Moderate confidence review queue (0.50-0.75)
"During a technical review, Tell me about a time you stepped up to resolve an organizational deadlock involving authorizing third-party cloud vendor lock-in.?",Problem Solving,0.6053,CuratedHistoricalQuestions,Moderate confidence review queue (0.50-0.75)
"From your experience, What happens from a networking perspective when a TLS 1.3 handshake is established occurs?",Communication,0.5012,CuratedHistoricalQuestions,Moderate confidence review queue (0.50-0.75)
How would you design a system that handles real-time analytics over petabytes of data using circuit breaker pattern?,Problem Solving,0.6742,CuratedHistoricalQuestions,Moderate confidence review queue (0.50-0.75)
"From an architectural standpoint, How do you explain why upgrading outdated runtime versions is critical for security to client account managers?",Communication,0.2591,CuratedHistoricalQuestions,Low semantic confidence (<0.50)
"During a technical review, How do you profile and eliminate bundle bloat, tree-shaking failures, and excessive CSS in modern web applications?",Communication,0.4692,CuratedHistoricalQuestions,Low semantic confidence (<0.50)
What strategies do you use for hardening Linux kernel parameters against DDoS in QA Automation?,Role-Specific Skills,0.4989,CuratedHistoricalQuestions,Low semantic confidence (<0.50)
"What strategies do you use for optimizing Core Web Vitals (LCP, INP, CLS) in Cybersecurity Engineering?",Role-Specific Skills,0.3485,CuratedHistoricalQuestions,Low semantic confidence (<0.50)
Describe a time when you had to convince an impatient product owner to prioritize allocating 30 of sprint capacity to test automation.?,Communication,0.4507,CuratedHistoricalQuestions,Low semantic confidence (<0.50)
"As a senior engineer, How do you drive consensus on adopting adopting asynchronous event-driven architectures when there is substantial resistance from legacy developers?",Communication,0.568,CuratedHistoricalQuestions,Moderate confidence review queue (0.50-0.75)
"In an enterprise environment, How would you design a system that handles millions of concurrent WebSocket connections using WAL (write-ahead log)?",Role-Specific Skills,0.4663,CuratedHistoricalQuestions,Low semantic confidence (<0.50)
What are the best practices for implementing read-write replicas in a high-scale service?,Technical Knowledge,0.4445,CuratedHistoricalQuestions,Low semantic confidence (<0.50)
Can you explain: How would you design a system that handles millions of concurrent WebSocket connections using distributed transactions (2PC)?,Technical Knowledge,0.7076,CuratedHistoricalQuestions,Moderate confidence review queue (0.50-0.75)
"In your previous projects, What is the difference between Kafka and HTTP/3?",Technical Knowledge,0.7056,CuratedHistoricalQuestions,Moderate confidence review queue (0.50-0.75)
"Can you explain: What strategies do you use for optimizing Core Web Vitals (LCP, INP, CLS) in Frontend Engineering?",Role-Specific Skills,0.4561,CuratedHistoricalQuestions,Low semantic confidence (<0.50)
"During a technical review, in QA Automation, how do you implement zero-trust identity-aware network segmentation to ensure high performance?",Role-Specific Skills,0.5394,CuratedHistoricalQuestions,Moderate confidence review queue (0.50-0.75)
"In an enterprise environment, Tell me about a time when a critical project you were leading was failing. How did you turn it around?",Communication,0.4183,CuratedHistoricalQuestions,Low semantic confidence (<0.50)
"In your previous projects, How would you design a system that handles low-latency financial transactions under 5ms using read-write replicas?",Technical Knowledge,0.5211,CuratedHistoricalQuestions,Moderate confidence review queue (0.50-0.75)
"During a technical review, Describe a scenario where you had to lead a project with ambiguous requirements and tight organizational deadlines.?",Communication,0.6356,CuratedHistoricalQuestions,Moderate confidence review queue (0.50-0.75)
"During a technical review, How do you navigate team member promotions, performance evaluations, and compensation reviews fairly?",Leadership,0.6628,CuratedHistoricalQuestions,Moderate confidence review queue (0.50-0.75)
"In an enterprise environment, How do you identify whether a performance slowdown is caused by CPU throttling by Kubernetes CFS quota or unoptimized disk I/O swapping?",Role-Specific Skills,0.7355,CuratedHistoricalQuestions,Moderate confidence review queue (0.50-0.75)
Can you explain: How do you motivate a cross-functional squad to align on adopting asynchronous event-driven architectures without causing delivery friction?,Leadership,0.4487,CuratedHistoricalQuestions,Low semantic confidence (<0.50)
"Hypothetically, What strategies do you use for partition pruning and shuffling optimization in Cybersecurity Engineering?",Leadership,0.3136,CuratedHistoricalQuestions,Low semantic confidence (<0.50)
Could you walk me through: Describe how you present technical trade-offs to customer support specialists when choosing between a managed cloud proprietary service and an open-source self-hosted cluster.?,Role-Specific Skills,0.4607,CuratedHistoricalQuestions,Low semantic confidence (<0.50)
How do you explain the difference between latency and throughput bottlenecks to non-technical business executives?,Communication,0.5316,CuratedHistoricalQuestions,Moderate confidence review queue (0.50-0.75)
What are the key trade-offs between Cypress and Client-Side Hydration when working on real-time clickstream processing?,Technical Knowledge,0.6139,CuratedHistoricalQuestions,Moderate confidence review queue (0.50-0.75)
What strategies do you use for partition pruning and shuffling optimization in Frontend Engineering?,Role-Specific Skills,0.476,CuratedHistoricalQuestions,Low semantic confidence (<0.50)
How would you design a system that handles millions of concurrent WebSocket connections using database sharding?,Technical Knowledge,0.6258,CuratedHistoricalQuestions,Moderate confidence review queue (0.50-0.75)
"Hypothetically, What are the key trade-offs between Cypress and Playwright when working on frontend state synchronization?",Role-Specific Skills,0.6195,CuratedHistoricalQuestions,Moderate confidence review queue (0.50-0.75)
How would you design a system that handles low-latency financial transactions under 5ms using memory-mapped files?,Technical Knowledge,0.699,CuratedHistoricalQuestions,Moderate confidence review queue (0.50-0.75)
"Hypothetically, What are the key trade-offs between Apache Kafka and Playwright when working on real-time clickstream processing?",Technical Knowledge,0.5853,CuratedHistoricalQuestions,Moderate confidence review queue (0.50-0.75)
"In an enterprise environment, Explain the principles of Clean Architecture and when you would avoid it.?",Communication,0.4909,CuratedHistoricalQuestions,Low semantic confidence (<0.50)
"As a senior engineer, How would you design a system that handles 100,000 requests per second using memory-mapped files?",Technical Knowledge,0.7243,CuratedHistoricalQuestions,Moderate confidence review queue (0.50-0.75)
Could you walk me through: Tell me about a difficult conversation you had with a strict QA lead and how you reached mutual agreement.?,Communication,0.7243,CuratedHistoricalQuestions,Moderate confidence review queue (0.50-0.75)
"In an enterprise environment, What strategies do you use for mocking flaky third-party payment endpoints in Frontend Engineering?",Communication,0.5645,CuratedHistoricalQuestions,Moderate confidence review queue (0.50-0.75)
How would you design a system that handles low-latency financial transactions under 5ms using rate limiting?,Problem Solving,0.6238,CuratedHistoricalQuestions,Moderate confidence review queue (0.50-0.75)
"In an enterprise environment, How do you explain database sharding and eventual consistency to product managers without coding background?",Communication,0.6466,CuratedHistoricalQuestions,Moderate confidence review queue (0.50-0.75)
"From an architectural standpoint, Tell me about a time when a critical project you were leading was failing. How did you turn it around?",Problem Solving,0.3944,CuratedHistoricalQuestions,Low semantic confidence (<0.50)
What are the key trade-offs between React Server Components and Apache Flink when working on real-time clickstream processing?,Role-Specific Skills,0.631,CuratedHistoricalQuestions,Moderate confidence review queue (0.50-0.75)
How would you design a system that handles millions of concurrent WebSocket connections using read-write replicas?,Technical Knowledge,0.492,CuratedHistoricalQuestions,Low semantic confidence (<0.50)
"Hypothetically, Explain how you manage state and avoid unnecessary re-renders in Vue 3 applications.?",Role-Specific Skills,0.5531,CuratedHistoricalQuestions,Moderate confidence review queue (0.50-0.75)
"In an enterprise environment, in QA Automation, how do you implement virtualized list rendering for 100k items to ensure high performance?",Role-Specific Skills,0.6314,CuratedHistoricalQuestions,Moderate confidence review queue (0.50-0.75)
"During a technical review, How do you balance delegating important tasks to junior developers while maintaining high delivery quality?",Leadership,0.6632,CuratedHistoricalQuestions,Moderate confidence review queue (0.50-0.75)
"From an architectural standpoint, Describe a time when you had to convince the Chief Operating Officer to prioritize allocating 30 of sprint capacity to test automation.?",Communication,0.357,CuratedHistoricalQuestions,Low semantic confidence (<0.50)
"During a technical review, Walk me through how you would isolate an issue when Kafka consumer lag continuously grows without consumer rebalancing happens right after a major framework upgrade.?",Problem Solving,0.4702,CuratedHistoricalQuestions,Low semantic confidence (<0.50)
"How would you design a system that handles 100,000 requests per second using WAL (write-ahead log)?",Problem Solving,0.613,CuratedHistoricalQuestions,Moderate confidence review queue (0.50-0.75)
"Hypothetically, Describe a time when you mentored a intern with minimal real-world experience who was struggling with proactive communication during blockers.?",Leadership,0.6946,CuratedHistoricalQuestions,Moderate confidence review queue (0.50-0.75)
How would you design a system that handles geo-distributed user sessions with instant failover using memory-mapped files?,Technical Knowledge,0.5261,CuratedHistoricalQuestions,Moderate confidence review queue (0.50-0.75)
"From your experience, Describe a time when you had to convince the enterprise customer success director to prioritize migrating legacy monolithic databases to microservices.?",Role-Specific Skills,0.5902,CuratedHistoricalQuestions,Moderate confidence review queue (0.50-0.75)
"From your experience, Describe a time when you had to convince the Chief Operating Officer to prioritize a comprehensive architectural refactor.?",Communication,0.7199,CuratedHistoricalQuestions,Moderate confidence review queue (0.50-0.75)
"As a senior engineer, How would you design a system that handles geo-distributed user sessions with instant failover using message broker partitioning?",Role-Specific Skills,0.6112,CuratedHistoricalQuestions,Moderate confidence review queue (0.50-0.75)
"In an enterprise environment, What are the best practices for implementing WAL (write-ahead log) in a high-scale service?",Role-Specific Skills,0.6406,CuratedHistoricalQuestions,Moderate confidence review queue (0.50-0.75)
What are the key trade-offs between React Server Components and Playwright when working on real-time clickstream processing?,Role-Specific Skills,0.5124,CuratedHistoricalQuestions,Moderate confidence review queue (0.50-0.75)
"In your previous projects, What is the difference between monolithic architecture and microservices?",Technical Knowledge,0.6868,CuratedHistoricalQuestions,Moderate confidence review queue (0.50-0.75)
How would you design a system that handles millions of concurrent WebSocket connections using message broker partitioning?,Role-Specific Skills,0.3706,CuratedHistoricalQuestions,Low semantic confidence (<0.50)
"How would you design a system that handles 100,000 requests per second using distributed transactions (2PC)?",Technical Knowledge,0.4476,CuratedHistoricalQuestions,Low semantic confidence (<0.50)
Can you explain: How do you identify whether a performance slowdown is caused by database connection pooling saturation or unoptimized disk I/O swapping?,Problem Solving,0.6412,CuratedHistoricalQuestions,Moderate confidence review queue (0.50-0.75)
"As a senior engineer, What happens from a networking perspective when a packet travels across NAT gateways and routers occurs?",Technical Knowledge,0.5745,CuratedHistoricalQuestions,Moderate confidence review queue (0.50-0.75)
"Hypothetically, How do you handle data consistency and isolation levels in PostgreSQL?",Role-Specific Skills,0.4345,CuratedHistoricalQuestions,Low semantic confidence (<0.50)
"As a senior engineer, How would you design a system that handles millions of concurrent WebSocket connections using consistent hashing?",Technical Knowledge,0.408,CuratedHistoricalQuestions,Low semantic confidence (<0.50)
"In your previous projects, What are the key trade-offs between Cypress and Apache Flink when working on real-time clickstream processing?",Role-Specific Skills,0.5127,CuratedHistoricalQuestions,Moderate confidence review queue (0.50-0.75)
What are the key trade-offs between Apache Kafka and Apache Flink when working on real-time clickstream processing?,Technical Knowledge,0.5455,CuratedHistoricalQuestions,Moderate confidence review queue (0.50-0.75)
How would you design a system that handles low-latency financial transactions under 5ms using WAL (write-ahead log)?,Problem Solving,0.5686,CuratedHistoricalQuestions,Moderate confidence review queue (0.50-0.75)
"How would you design a system that handles 100,000 requests per second using message broker partitioning?",Problem Solving,0.3959,CuratedHistoricalQuestions,Low semantic confidence (<0.50)
"During a technical review, How do you run effective 1-on-1 meetings that support the long-term career growth of your direct reports?",Communication,0.5536,CuratedHistoricalQuestions,Moderate confidence review queue (0.50-0.75)
What are the key trade-offs between Docker Compose and Playwright when working on real-time clickstream processing?,Role-Specific Skills,0.6392,CuratedHistoricalQuestions,Moderate confidence review queue (0.50-0.75)
What are the key trade-offs between Apache Kafka and Client-Side Hydration when working on real-time clickstream processing?,Technical Knowledge,0.5583,CuratedHistoricalQuestions,Moderate confidence review queue (0.50-0.75)
"In your previous projects, How do you handle situations where a the Chief Operating Officer demands a delivery deadline you believe is unrealistic?",Communication,0.6893,CuratedHistoricalQuestions,Moderate confidence review queue (0.50-0.75)
How would you design a system that handles real-time analytics over petabytes of data using rate limiting?,Technical Knowledge,0.6132,CuratedHistoricalQuestions,Moderate confidence review queue (0.50-0.75)
"As a senior engineer, Tell me about a time when a critical project you were leading was failing. How did you turn it around?",Leadership,0.6257,CuratedHistoricalQuestions,Moderate confidence review queue (0.50-0.75)
What are the key trade-offs between Docker Compose and Client-Side Hydration when working on real-time clickstream processing?,Role-Specific Skills,0.6061,CuratedHistoricalQuestions,Moderate confidence review queue (0.50-0.75)
"In an enterprise environment, How would you design a system that handles 100,000 requests per second using connection pooling?",Problem Solving,0.7108,CuratedHistoricalQuestions,Moderate confidence review queue (0.50-0.75)
"From an architectural standpoint, What are the key trade-offs between Cypress and Playwright when working on real-time clickstream processing?",Technical Knowledge,0.7203,CuratedHistoricalQuestions,Moderate confidence review queue (0.50-0.75)
How would you design a system that handles real-time analytics over petabytes of data using connection pooling?,Technical Knowledge,0.7041,CuratedHistoricalQuestions,Moderate confidence review queue (0.50-0.75)
What are the key trade-offs between Docker Compose and Apache Flink when working on real-time clickstream processing?,Role-Specific Skills,0.7356,CuratedHistoricalQuestions,Moderate confidence review queue (0.50-0.75)
How would you design a system that handles low-latency financial transactions under 5ms using CQRS pattern?,Problem Solving,0.4484,CuratedHistoricalQuestions,Low semantic confidence (<0.50)
Describe how you present technical trade-offs to client account managers when choosing between faster time-to-market with accumulated tech debt and a resilient scalable architecture with higher initial development cost.?,Communication,0.6717,CuratedHistoricalQuestions,Moderate confidence review queue (0.50-0.75)
How would you design a system that handles low-latency financial transactions under 5ms using consistent hashing?,Problem Solving,0.5444,CuratedHistoricalQuestions,Moderate confidence review queue (0.50-0.75)
"As a senior engineer, Tell me about a difficult conversation you had with a strict QA lead and how you reached mutual agreement.?",Communication,0.6218,CuratedHistoricalQuestions,Moderate confidence review queue (0.50-0.75)
How does circuit breaker pattern work under the hood in modern distributed systems?,Technical Knowledge,0.7027,CuratedHistoricalQuestions,Moderate confidence review queue (0.50-0.75)
How would you design a system that handles geo-distributed user sessions with instant failover using database sharding?,Role-Specific Skills,0.6494,CuratedHistoricalQuestions,Moderate confidence review queue (0.50-0.75)
"From an architectural standpoint, Can you explain the difference between strong consistency and stateless microservices in software engineering?",Technical Knowledge,0.7367,CuratedHistoricalQuestions,Moderate confidence review queue (0.50-0.75)
Can you explain: How do you identify whether a performance slowdown is caused by unbounded in-memory queue buffering or underlying cloud network packet loss?,Problem Solving,0.7174,CuratedHistoricalQuestions,Moderate confidence review queue (0.50-0.75)
What is the difference between optimistic locking and microservices?,Technical Knowledge,0.5822,CuratedHistoricalQuestions,Moderate confidence review queue (0.50-0.75)
How would you design a system that handles geo-distributed user sessions with instant failover using circuit breaker pattern?,Role-Specific Skills,0.4929,CuratedHistoricalQuestions,Low semantic confidence (<0.50)
"How would you design a system that handles 100,000 requests per second using CQRS pattern?",Problem Solving,0.4769,CuratedHistoricalQuestions,Low semantic confidence (<0.50)
How would you design a system that handles geo-distributed user sessions with instant failover using read-write replicas?,Role-Specific Skills,0.6057,CuratedHistoricalQuestions,Moderate confidence review queue (0.50-0.75)
"During a technical review, How do you balance technical vision with day-to-day tactical execution as a team lead?",Leadership,0.731,CuratedHistoricalQuestions,Moderate confidence review queue (0.50-0.75)
How would you design a system that handles low-latency financial transactions under 5ms using distributed transactions (2PC)?,Problem Solving,0.4191,CuratedHistoricalQuestions,Low semantic confidence (<0.50)
"In an enterprise environment, Describe a time when you had to make a high-stakes engineering trade-off under intense time pressure.?",Leadership,0.4791,CuratedHistoricalQuestions,Low semantic confidence (<0.50)
"In an enterprise environment, How would you design a system that handles geo-distributed user sessions with instant failover using WAL (write-ahead log)?",Role-Specific Skills,0.7283,CuratedHistoricalQuestions,Moderate confidence review queue (0.50-0.75)
How would you design a system that handles real-time analytics over petabytes of data using WAL (write-ahead log)?,Technical Knowledge,0.616,CuratedHistoricalQuestions,Moderate confidence review queue (0.50-0.75)
How would you design a system that handles millions of concurrent WebSocket connections using event-driven architecture?,Technical Knowledge,0.4092,CuratedHistoricalQuestions,Low semantic confidence (<0.50)
How do you explain why upgrading outdated runtime versions is critical for security to customer support specialists?,Communication,0.4181,CuratedHistoricalQuestions,Low semantic confidence (<0.50)
Could you walk me through: What are the best practices for implementing circuit breaker pattern in a high-scale service?,Problem Solving,0.3337,CuratedHistoricalQuestions,Low semantic confidence (<0.50)
"Can you explain: What methodology do you apply when decomposing a messy, undocumented legacy system bug?",Communication,0.7339,CuratedHistoricalQuestions,Moderate confidence review queue (0.50-0.75)
How do you explain the difference between latency and throughput bottlenecks to customer support specialists?,Technical Knowledge,0.5599,CuratedHistoricalQuestions,Moderate confidence review queue (0.50-0.75)
How do you manage database migrations safely with zero-downtime using tools like Flyway or Liquibase in Data Engineering?,Role-Specific Skills,0.6759,CuratedHistoricalQuestions,Moderate confidence review queue (0.50-0.75)
