question,label
in your previous projects describe a time when you had to convince the enterprise customer success director to prioritize a comprehensive architectural refactor,Communication
in an enterprise environment describe a challenging post-incident review where the root cause was traced back to database connection pooling saturation rather than downstream third-party rate limits,Problem Solving
from an architectural standpoint what are the key trade-offs between cypress and playwright when working on end-to-end regression validation,Role-Specific Skills
what are the key trade-offs between apache kafka and kubernetes long-running deployments when working on frontend state synchronization,Role-Specific Skills
explain how oauth2 with pkce protects against common vulnerabilities in modern web applications,Technical Knowledge
from an architectural standpoint how do you write reliable maintainable end-to-end integration tests using playwright without creating flaky tests,Role-Specific Skills
in an enterprise environment tell me about a time when you diagnosed and fixed a connection pool exhaustion during a flash sale in production,Problem Solving
can you explain the trade-offs of using consistent hashing in production,Technical Knowledge
during a technical review describe a time when you mentored a career switcher unfamiliar with production pipelines who was struggling with proactive communication during blockers,Leadership
during a technical review how would you troubleshoot sudden memory exhaustion caused by a sudden disk i o saturation freezing asynchronous write operations,Problem Solving
hypothetically describe a time when you mentored a mid-level engineer aiming for senior promotion who was struggling with writing thorough documentation and unit tests,Leadership
how would you design a system that handles low-latency financial transactions under 5ms using circuit breaker pattern,Technical Knowledge
during a technical review describe how you present technical trade-offs to sales and marketing stakeholders when choosing between faster time-to-market with accumulated tech debt and purchasing an off-the-shelf third-party integration,Communication
what are the best practices for implementing message broker partitioning in a high-scale service,Technical Knowledge
from your experience explain how memory-mapped files impacts latency throughput and fault tolerance,Technical Knowledge
from your experience describe how you supported a intern with minimal real-world experience in transitioning to higher-impact architectural responsibilities,Leadership
could you walk me through what is the difference between blue-green deployments and canary deployments in kubernetes,Role-Specific Skills
in your previous projects how do you identify whether a performance slowdown is caused by dns query resolution latency or microservice circuit breaker tripping prematurely,Problem Solving
how would you design a system that handles geo-distributed user sessions with instant failover using rate limiting,Technical Knowledge
tell me about a situation where an automated rollback failed and you had to resolve an exponential spike in 504 gateway timeouts manually,Problem Solving
as a senior engineer how do you explain database sharding and eventual consistency to customer support specialists,Communication
could you walk me through tell me about a situation where an automated rollback failed and you had to resolve an unindexed query locking the primary production database manually,Problem Solving
from your experience how do you tailor your communication style when speaking with junior engineers versus c-level executives,Communication
in an enterprise environment tell me about a time you noticed an engineer feeling burned out or disengaged what actions did you take,Leadership
during a technical review how do you communicate the long-term cost of technical debt to executive leadership who only want new features,Communication
as a senior engineer how does memcached handle cache invalidation cache stampede and eviction policies,Technical Knowledge
hypothetically can you explain the trade-offs of using connection pooling in production,Technical Knowledge
from an architectural standpoint how does garbage collection work in c and how can you minimize stop-the-world pauses,Technical Knowledge
from an architectural standpoint how do you drive consensus on adopting mandatory peer code reviews and static security scanning when there is substantial resistance from legacy developers,Leadership
as a senior engineer explain how you manage state and avoid unnecessary re-renders in svelte applications,Role-Specific Skills
from your experience how do you explain the difference between latency and throughput bottlenecks to sales and marketing stakeholders,Communication
from your experience how do you drive consensus on adopting moving to container orchestration and gitops when there is substantial resistance from legacy developers,Leadership
in an enterprise environment what happens from a networking perspective when a dns recursive resolution query is executed occurs,Technical Knowledge
could you walk me through tell me about a time when a critical project you were leading was failing how did you turn it around,Leadership
what is your approach to setting up distributed tracing with opentelemetry and jaeger across microservices,Role-Specific Skills
describe a time when you mentored a career switcher unfamiliar with production pipelines who was struggling with understanding distributed systems trade-offs,Leadership
describe how you present technical trade-offs to customer support specialists when choosing between a managed cloud proprietary service and purchasing an off-the-shelf third-party integration,Communication
can you explain how do you deliver constructive critical code review feedback without offending an external vendor technical contact,Communication
in your previous projects describe a time when you had to convince an impatient product owner to prioritize migrating legacy monolithic databases to microservices,Communication
during a technical review tell me about a time you had to deliver bad news regarding project delays to the vp of product,Communication
could you walk me through tell me about a time you stepped up to resolve an organizational deadlock involving enforcing strict functional programming paradigms,Leadership
in devops cloud sre how do you implement virtualized list rendering for 100k items to ensure high performance,Role-Specific Skills
hypothetically in frontend engineering how do you implement automated canary rollouts with argocd to ensure high performance,Role-Specific Skills
what are the best practices for implementing consistent hashing in a high-scale service,Technical Knowledge
can you explain describe a challenging post-incident review where the root cause was traced back to database connection pooling saturation rather than unoptimized disk i o swapping,Problem Solving
from an architectural standpoint describe a time when you had to convince the vp of product to prioritize migrating legacy monolithic databases to microservices,Communication
what are the best practices for implementing connection pooling in a high-scale service,Technical Knowledge
in an enterprise environment walk me through how you would isolate an issue when worker nodes abruptly crash without emitting a stack trace happens right after a major framework upgrade,Problem Solving
as a senior engineer walk me through how you would isolate an issue when worker nodes abruptly crash without emitting a stack trace happens right after a major framework upgrade,Problem Solving
hypothetically how do you configure and optimize hashicorp vault for secrets for enterprise production workloads,Role-Specific Skills
from an architectural standpoint how do you identify whether a performance slowdown is caused by thread lock contention on shared resource caches or unoptimized disk i o swapping,Problem Solving
describe how you present technical trade-offs to non-technical business executives when choosing between a managed cloud proprietary service and purchasing an off-the-shelf third-party integration,Communication
hypothetically how does read-write replicas work under the hood in modern distributed systems,Technical Knowledge
could you walk me through what is the time and space complexity of quicksort vs mergesort and how can it be optimized,Technical Knowledge
describe how you prioritize technical debt against business feature roadmap requests at an organizational level,Leadership
during a technical review describe how you design a resilient pipeline for continuous deployment with automatic rollback in modern cloud infrastructure,Role-Specific Skills
in your previous projects describe how you present technical trade-offs to product managers without coding background when choosing between faster time-to-market with accumulated tech debt and an open-source self-hosted cluster,Communication
how would you design a system that handles 100 000 requests per second using consistent hashing,Technical Knowledge
in an enterprise environment what are the internal mechanics of virtual method dispatch and vtables in c,Technical Knowledge
describe a challenging post-incident review where the root cause was traced back to unbounded in-memory queue buffering rather than unoptimized disk i o swapping,Problem Solving
from an architectural standpoint what are the best practices for implementing event-driven architecture in a high-scale service,Technical Knowledge
can you explain tell me about a time you stepped up to resolve an organizational deadlock involving migrating to microservices versus modular monolith,Leadership
how do you identify whether a performance slowdown is caused by thread lock contention on shared resource caches or unoptimized disk i o swapping,Problem Solving
how would you design a system that handles geo-distributed user sessions with instant failover using connection pooling,Technical Knowledge
in your previous projects explain how connection pooling impacts latency throughput and fault tolerance,Technical Knowledge
describe how you present technical trade-offs to sales and marketing stakeholders when choosing between a managed cloud proprietary service and purchasing an off-the-shelf third-party integration,Communication
can you explain how do you approach troubleshooting an intermittent issue that happens exclusively on mobile clients with unstable network connections,Problem Solving
tell me about a time you had to deliver bad news regarding project delays to the chief operating officer,Communication
in your previous projects describe a time when you mentored a junior software engineer who was struggling with writing thorough documentation and unit tests,Leadership
from your experience what are the key trade-offs between docker compose and apache flink when working on cloud container orchestration,Role-Specific Skills
tell me about a difficult conversation you had with a peer software engineer with strong opinions and how you reached mutual agreement,Communication
walk me through your step-by-step debugging process when worker nodes abruptly crash without emitting a stack trace occurs on a mission-critical service,Problem Solving
what is the difference between kafka and pessimistic locking,Technical Knowledge
could you walk me through can you share an example of a time when your initial hypothesis about a severe bug turned out to be wrong,Problem Solving
from your experience how do you handle a situation where two senior engineers on your team strongly disagree on introducing graphql over restful api architecture,Leadership
as a senior engineer describe a time when you had to convince a non-technical client sponsor to prioritize a comprehensive architectural refactor,Communication
describe a scenario where you negotiated the scope of a feature release with the enterprise customer success director,Communication
during a technical review in frontend engineering how do you implement idempotent elt data pipelines in snowflake to ensure high performance,Role-Specific Skills
during a technical review describe a scenario where you negotiated the scope of a feature release with the vp of product,Communication
during a technical review what methodology do you apply when decomposing a messy undocumented legacy system bug,Problem Solving
from an architectural standpoint how do you resolve shared memory mutation without mutexes in multithreaded applications,Technical Knowledge
could you walk me through explain the cap theorem and how wal write-ahead log chooses between consistency and availability,Technical Knowledge
describe a time when you mentored a mid-level engineer aiming for senior promotion who was struggling with writing thorough documentation and unit tests,Leadership
during a technical review tell me about a time you had to deliver difficult feedback about time management and estimation accuracy while maintaining trust,Leadership
can you explain how do you ensure requirements and technical architecture are clearly understood across a distributed team,Communication
describe a time when you mentored a mid-level engineer aiming for senior promotion who was struggling with time management and estimation accuracy,Leadership
from your experience describe a situation where executive management proposed an unreasonable technical mandate how did you push back,Leadership
as a senior engineer tell me about a time you had to deliver difficult feedback about understanding distributed systems trade-offs while maintaining trust,Leadership
from an architectural standpoint tell me about a time you had to deliver difficult feedback about understanding distributed systems trade-offs while maintaining trust,Leadership
hypothetically how do you articulate complex system constraints during cross-functional sprint planning sessions,Communication
in an enterprise environment how do you design an idempotent api endpoint for webhook notifications delivery,Technical Knowledge
what is the difference between tcp and hash index,Technical Knowledge
could you walk me through can you explain the trade-offs of using rate limiting in production,Technical Knowledge
can you explain describe a time when you mentored a talented engineer struggling with imposter syndrome who was struggling with confidence in contributing to architectural design reviews,Leadership
what strategies do you use for mocking flaky third-party payment endpoints in cybersecurity engineering,Role-Specific Skills
during a technical review tell me about a difficult conversation you had with a peer software engineer with strong opinions and how you reached mutual agreement,Communication
as a senior engineer how do you motivate a cross-functional squad to align on implementing observability and distributed tracing standards without causing delivery friction,Leadership
in your previous projects what is the difference between http 2 and rabbitmq,Technical Knowledge
in your previous projects tell me about a time you had to deliver bad news regarding project delays to a non-technical client sponsor,Communication
from an architectural standpoint how do you determine the root cause of network packet loss and tcp retransmission timeouts between microservices,Problem Solving
from your experience how do you investigate intermittent latency regressions when unoptimized disk i o swapping is suspected,Problem Solving
how do you explain why distributed consensus algorithms cannot guarantee zero latency to sales and marketing stakeholders,Communication
can you explain the trade-offs of using read-write replicas in production,Technical Knowledge
from your experience describe how you design a resilient pipeline for continuous deployment with automatic rollback in modern cloud infrastructure,Role-Specific Skills
could you walk me through how do you explain why refactoring technical debt prevents system crashes to non-technical business executives,Communication
during a technical review how do you handle situations where a the chief operating officer demands a delivery deadline you believe is unrealistic,Communication
hypothetically how do you drive consensus on adopting mandatory peer code reviews and static security scanning when there is substantial resistance from legacy developers,Leadership
in an enterprise environment what strategies do you use for mocking flaky third-party payment endpoints in qa automation,Role-Specific Skills
can you explain explain how jwt token signing and refresh rotation protects against common vulnerabilities in modern web applications,Technical Knowledge
can you explain the trade-offs of using message broker partitioning in production,Technical Knowledge
in your previous projects describe a scenario where you negotiated the scope of a feature release with the enterprise customer success director,Communication
in your previous projects describe a scenario where you had to lead a project with ambiguous requirements and tight organizational deadlines,Leadership
during a technical review what happens from a networking perspective when a dns recursive resolution query is executed occurs,Technical Knowledge
can you explain tell me about a time you had to deliver difficult feedback about understanding distributed systems trade-offs while maintaining trust,Leadership
could you walk me through tell me about a time you stepped up to resolve an organizational deadlock involving enforcing 90 code coverage requirements on pull requests,Leadership
in your previous projects tell me about a time you investigated a critical security breach or sql injection attempt how did you contain the blast radius,Problem Solving
could you walk me through how do you approach troubleshooting an intermittent issue that only reproduces under high concurrent traffic,Problem Solving
how do you explain database sharding and eventual consistency to sales and marketing stakeholders,Communication
hypothetically tell me about a time when you resolved a catastrophic database deadlock under peak traffic,Problem Solving
how do you manage database migrations safely with zero-downtime using tools like flyway or liquibase in cybersecurity engineering,Role-Specific Skills
as a senior engineer in frontend engineering how do you implement virtualized list rendering for 100k items to ensure high performance,Role-Specific Skills
in your previous projects in data engineering how do you implement idempotent elt data pipelines in snowflake to ensure high performance,Role-Specific Skills
in your previous projects what are the best practices for implementing distributed transactions 2pc in a high-scale service,Technical Knowledge
could you walk me through how do you facilitate discussions between teams that have conflicting technical priorities or api requirements,Communication
in your previous projects walk me through how you would isolate an issue when worker nodes abruptly crash without emitting a stack trace happens right after a major framework upgrade,Problem Solving
hypothetically describe a time when you had to convince a non-technical client sponsor to prioritize allocating 30 of sprint capacity to test automation,Communication
in your previous projects describe how you design a resilient pipeline for automated test suite execution across parallel runners in modern cloud infrastructure,Role-Specific Skills
can you explain how does memory-mapped files work under the hood in modern distributed systems,Technical Knowledge
from an architectural standpoint in cybersecurity engineering how do you implement automated canary rollouts with argocd to ensure high performance,Role-Specific Skills
could you walk me through tell me about a time you successfully persuaded a skeptical teammate to adopt a new testing methodology,Communication
as a senior engineer how do you run effective 1-on-1 meetings that support the long-term career growth of your direct reports,Leadership
from your experience describe how you present technical trade-offs to non-technical business executives when choosing between building a customized in-house solution and a resilient scalable architecture with higher initial development cost,Communication
hypothetically how do you motivate a cross-functional squad to align on strict test-driven development tdd without causing delivery friction,Leadership
in your previous projects describe a time when you mentored a mid-level engineer aiming for senior promotion who was struggling with proactive communication during blockers,Leadership
hypothetically describe how you run a blameless post-mortem so the team communicates openly about mistakes,Communication
could you walk me through tell me about a difficult conversation you had with a cross-functional product manager and how you reached mutual agreement,Communication
in an enterprise environment how do you secure a cicd pipeline against supply chain attacks compromised packages and secret leakage,Role-Specific Skills
in your previous projects how does rate limiting work under the hood in modern distributed systems,Technical Knowledge
what is the difference between tcp and microservices,Technical Knowledge
tell me about a time when you diagnosed and fixed an unexpected thread deadlock freezing background queue workers in production,Problem Solving
hypothetically how do you deliver constructive critical code review feedback without offending a strict qa lead,Communication
how do you design an idempotent api endpoint for credit card billing payments,Technical Knowledge
from an architectural standpoint explain how you manage state and avoid unnecessary re-renders in svelte applications,Role-Specific Skills
describe a time when you mentored a intern with minimal real-world experience who was struggling with understanding distributed systems trade-offs,Leadership
from your experience explain how you design a data lakehouse architecture using delta lake or apache iceberg,Role-Specific Skills
during a technical review describe a time when you had to convince the vp of product to prioritize allocating 30 of sprint capacity to test automation,Communication
in an enterprise environment what strategies do you use for partition pruning and shuffling optimization in devops cloud sre,Role-Specific Skills
what is the difference between processes and graphql,Technical Knowledge
what are the internal mechanics of async await event loop scheduling in c,Technical Knowledge
as a senior engineer how do you explain why refactoring technical debt prevents system crashes to non-technical business executives,Communication
during a technical review how do you determine the root cause of network packet loss and tcp retransmission timeouts between microservices,Problem Solving
from an architectural standpoint how do you manage database migrations safely with zero-downtime using tools like flyway or liquibase in qa automation,Role-Specific Skills
what are the internal mechanics of goroutines vs os threads in c,Technical Knowledge
in an enterprise environment how do you approach troubleshooting an intermittent issue that only reproduces under high concurrent traffic,Problem Solving
as a senior engineer what strategies do you use for hardening linux kernel parameters against ddos in data engineering,Role-Specific Skills
from your experience how do you handle a situation where two senior engineers on your team strongly disagree on enforcing strict functional programming paradigms,Leadership
in your previous projects describe how you run a blameless post-mortem so the team communicates openly about mistakes,Communication
in your previous projects what are the internal mechanics of async await event loop scheduling in go,Technical Knowledge
walk me through your step-by-step debugging process when database replication lag surges past 30 minutes occurs on a mission-critical service,Problem Solving
what are the key trade-offs between docker compose and kubernetes long-running deployments when working on microservice communication,Role-Specific Skills
as a senior engineer how do you manage database migrations safely with zero-downtime using tools like flyway or liquibase in data engineering,Role-Specific Skills
as a senior engineer walk me through how you solved a stubborn distributed race condition that only occurred once every thousand requests,Problem Solving
can you explain describe how you prioritize technical debt against business feature roadmap requests at an organizational level,Leadership
can you explain describe a scenario where you negotiated the scope of a feature release with a non-technical client sponsor,Communication
during a technical review how do you identify whether a performance slowdown is caused by unbounded in-memory queue buffering or unoptimized disk i o swapping,Problem Solving
could you walk me through how do you deliver constructive critical code review feedback without offending a cross-functional product manager,Communication
hypothetically describe a time when you mentored a talented engineer struggling with imposter syndrome who was struggling with code quality and test design,Leadership
as a senior engineer describe a time when you mentored a talented engineer struggling with imposter syndrome who was struggling with understanding distributed systems trade-offs,Leadership
in data engineering how do you implement zero-trust identity-aware network segmentation to ensure high performance,Role-Specific Skills
from an architectural standpoint how do you configure and optimize nextjs ssr caching layers for enterprise production workloads,Role-Specific Skills
in an enterprise environment in data engineering how do you implement virtualized list rendering for 100k items to ensure high performance,Role-Specific Skills
in your previous projects describe a time when you had to make a high-stakes engineering trade-off under intense time pressure,Problem Solving
how do you investigate intermittent latency regressions when unoptimized disk i o swapping is suspected,Problem Solving
hypothetically how do you motivate a cross-functional squad to align on moving to container orchestration and gitops without causing delivery friction,Leadership
from an architectural standpoint what is the difference between blue-green deployments and canary deployments in kubernetes,Role-Specific Skills
in your previous projects walk me through your step-by-step debugging process when the api response time degrades from 50ms to 12 seconds occurs on a mission-critical service,Problem Solving
in an enterprise environment how do you deliver constructive critical code review feedback without offending a strict qa lead,Communication
during a technical review walk me through how you would isolate an issue when memory consumption steadily climbs linearly until container restarts happens right after a major framework upgrade,Problem Solving
as a senior engineer in frontend engineering how do you implement contract testing between microservices with pact to ensure high performance,Role-Specific Skills
could you walk me through how do you ensure accessibility cross-browser compatibility and wcag compliance in complex single-page applications,Role-Specific Skills
from your experience how do you motivate a cross-functional squad to align on mandatory peer code reviews and static security scanning without causing delivery friction,Leadership
describe a challenging post-incident review where the root cause was traced back to garbage collection pause times rather than downstream third-party rate limits,Problem Solving
during a technical review how do indexes in redis improve query performance and what are the overhead costs,Technical Knowledge
from an architectural standpoint tell me about a time you had to deliver difficult feedback about handling ambiguous technical specifications while maintaining trust,Leadership
from an architectural standpoint how do you tailor your communication style when speaking with junior engineers versus c-level executives,Communication
as a senior engineer how do you navigate team member promotions performance evaluations and compensation reviews fairly,Leadership
during a technical review how do you deliver constructive critical code review feedback without offending an external vendor technical contact,Communication
what are the key trade-offs between aws lambda serverless and kubernetes long-running deployments when working on frontend state synchronization,Role-Specific Skills
from an architectural standpoint how do you investigate intermittent latency regressions when application thread lock contention is suspected,Problem Solving
in an enterprise environment what strategies do you use for mocking flaky third-party payment endpoints in devops cloud sre,Role-Specific Skills
could you walk me through how do you motivate a cross-functional squad to align on mandatory peer code reviews and static security scanning without causing delivery friction,Leadership
in an enterprise environment walk me through how you would isolate an issue when the http request error rate spikes to 25 happens right after a major framework upgrade,Problem Solving
can you explain tell me about a situation where an automated rollback failed and you had to resolve a sudden disk i o saturation freezing asynchronous write operations manually,Problem Solving
how would you design a system that handles millions of concurrent websocket connections using connection pooling,Technical Knowledge
from an architectural standpoint in devops cloud sre how do you implement virtualized list rendering for 100k items to ensure high performance,Role-Specific Skills
hypothetically what is the time and space complexity of topological sort for dag dependencies and how can it be optimized,Technical Knowledge
during a technical review describe how you run a blameless post-mortem so the team communicates openly about mistakes,Communication
as a senior engineer tell me about a situation where an automated rollback failed and you had to resolve a runaway recursive background job consuming all available cpu manually,Problem Solving
in your previous projects describe a time when you mentored a career switcher unfamiliar with production pipelines who was struggling with proactive communication during blockers,Leadership
in an enterprise environment how do you handle data consistency and isolation levels in elasticsearch,Technical Knowledge
can you explain can you explain the difference between object-oriented programming and stateless microservices in software engineering,Technical Knowledge
from an architectural standpoint how would you troubleshoot sudden memory exhaustion caused by an avalanche of unhandled exceptions crashing microservice pods,Problem Solving
what are the key trade-offs between react server components and playwright when working on cloud container orchestration,Role-Specific Skills
as a senior engineer can you share an example of a time when your initial hypothesis about a severe bug turned out to be wrong,Problem Solving
hypothetically describe a scenario where you negotiated the scope of a feature release with the chief operating officer,Communication
during a technical review tell me about a time you investigated a critical security breach or sql injection attempt how did you contain the blast radius,Problem Solving
in an enterprise environment how do indexes in postgresql improve query performance and what are the overhead costs,Technical Knowledge
as a senior engineer how do you communicate a critical production outage to the vp of product during active incident response,Communication
could you walk me through how do you manage database migrations safely with zero-downtime using tools like flyway or liquibase in devops cloud sre,Role-Specific Skills
from your experience how do you handle a situation where two senior engineers on your team strongly disagree on decoupling legacy monolithic database schemas,Leadership
hypothetically can you explain the trade-offs of using message broker partitioning in production,Technical Knowledge
describe how you present technical trade-offs to non-technical business executives when choosing between a managed cloud proprietary service and a resilient scalable architecture with higher initial development cost,Communication
how would you design a system that handles low-latency financial transactions under 5ms using event-driven architecture,Technical Knowledge
during a technical review describe a time when you mentored a intern with minimal real-world experience who was struggling with proactive communication during blockers,Leadership
in an enterprise environment what are the best practices for implementing distributed transactions 2pc in a high-scale service,Technical Knowledge
in your previous projects what are the internal mechanics of memory allocation and heap management in c,Technical Knowledge
in your previous projects how do you handle a situation where two senior engineers on your team strongly disagree on choosing between go and rust for a new microservice,Leadership
could you walk me through describe how you supported a newly hired backend developer adjusting to company codebase in transitioning to higher-impact architectural responsibilities,Leadership
as a senior engineer how do you triage and prioritize five simultaneous critical production alerts during an on-call shift,Problem Solving
in an enterprise environment how do you identify whether a performance slowdown is caused by unbounded in-memory queue buffering or tcp socket file descriptor leaks,Problem Solving
what are the internal mechanics of memory allocation and heap management in c,Technical Knowledge
as a senior engineer in data engineering how do you implement idempotent elt data pipelines in snowflake to ensure high performance,Role-Specific Skills
from an architectural standpoint how would you troubleshoot sudden memory exhaustion caused by an unindexed query locking the primary production database,Problem Solving
could you walk me through how do you triage and prioritize five simultaneous critical production alerts during an on-call shift,Problem Solving
describe a time when you mentored a intern with minimal real-world experience who was struggling with proactive communication during blockers,Leadership
hypothetically how do you drive consensus on adopting automated cicd trunk-based development when there is substantial resistance from legacy developers,Leadership
as a senior engineer how do you manage database migrations safely with zero-downtime using tools like flyway or liquibase in qa automation,Role-Specific Skills
what is the difference between synchronous and asynchronous processing in circuit breaker pattern,Technical Knowledge
as a senior engineer how do you communicate a critical production outage to a non-technical client sponsor during active incident response,Communication
how do you investigate intermittent latency regressions when tcp socket file descriptor leaks is suspected,Problem Solving
what are the key trade-offs between react server components and playwright when working on frontend state synchronization,Role-Specific Skills
can you explain how do you handle a situation where two senior engineers on your team strongly disagree on authorizing third-party cloud vendor lock-in,Leadership
in an enterprise environment walk me through your step-by-step debugging process when worker nodes abruptly crash without emitting a stack trace occurs on a mission-critical service,Problem Solving
can you explain tell me about a time you had to deliver bad news regarding project delays to a non-technical client sponsor,Communication
can you explain what is your approach to writing clear technical documentation rfcs and architectural decision records,Communication
how do you explain why distributed consensus algorithms cannot guarantee zero latency to client account managers,Communication
describe a challenging post-incident review where the root cause was traced back to unbounded in-memory queue buffering rather than tcp socket file descriptor leaks,Problem Solving
can you explain describe a time when you mentored a junior software engineer who was struggling with understanding distributed systems trade-offs,Leadership
in your previous projects how do you identify whether a performance slowdown is caused by unbounded in-memory queue buffering or downstream third-party rate limits,Problem Solving
in your previous projects describe how you present technical trade-offs to product managers without coding background when choosing between a managed cloud proprietary service and an open-source self-hosted cluster,Communication
in an enterprise environment describe how you supported a career switcher unfamiliar with production pipelines in transitioning to higher-impact architectural responsibilities,Leadership
in your previous projects what best practices do you follow for building reusable design system components in svelte,Role-Specific Skills
can you explain the difference between object-oriented programming and stateless microservices in software engineering,Technical Knowledge
during a technical review explain how database sharding impacts latency throughput and fault tolerance,Technical Knowledge
tell me about a time you championed a cultural change or diversity initiative within your engineering department,Leadership
as a senior engineer explain how you manage state and avoid unnecessary re-renders in angular applications,Role-Specific Skills
can you explain describe a complex technical problem where you had very limited log data and monitoring how did you isolate root cause,Problem Solving
in your previous projects tell me about a time you noticed an engineer feeling burned out or disengaged what actions did you take,Leadership
from an architectural standpoint how do you handle a situation where two senior engineers on your team strongly disagree on introducing graphql over restful api architecture,Leadership
in your previous projects describe how you supported a intern with minimal real-world experience in transitioning to higher-impact architectural responsibilities,Leadership
in qa automation how do you implement contract testing between microservices with pact to ensure high performance,Role-Specific Skills
from your experience how would you design a system that handles millions of concurrent websocket connections using connection pooling,Technical Knowledge
in an enterprise environment can you explain the difference between strong consistency and eventual consistency in software engineering,Technical Knowledge
from an architectural standpoint can you explain the trade-offs of using distributed transactions 2pc in production,Technical Knowledge
what are the internal mechanics of memory allocation and heap management in go,Technical Knowledge
can you explain the trade-offs of using connection pooling in production,Technical Knowledge
from an architectural standpoint can you explain the trade-offs of using wal write-ahead log in production,Technical Knowledge
hypothetically how do you handle a situation where two senior engineers on your team strongly disagree on enforcing 90 code coverage requirements on pull requests,Leadership
can you explain describe how you present technical trade-offs to product managers without coding background when choosing between building a customized in-house solution and an open-source self-hosted cluster,Communication
describe a challenging post-incident review where the root cause was traced back to database connection pooling saturation rather than unoptimized disk i o swapping,Problem Solving
in an enterprise environment how do you handle a situation where two senior engineers on your team strongly disagree on migrating to microservices versus modular monolith,Leadership
from an architectural standpoint describe a challenging post-incident review where the root cause was traced back to cpu throttling by kubernetes cfs quota rather than underlying cloud network packet loss,Problem Solving
during a technical review explain the principles of hexagonal architecture and when you would avoid it,Technical Knowledge
from an architectural standpoint how do you secure a cicd pipeline against supply chain attacks compromised packages and secret leakage,Role-Specific Skills
from your experience tell me about a time when you diagnosed and fixed a redis cluster split-brain event causing state inconsistency in production,Problem Solving
what is the difference between http 2 and hash index,Technical Knowledge
describe a time when you mentored a mid-level engineer aiming for senior promotion who was struggling with code quality and test design,Leadership
from your experience how would you troubleshoot sudden memory exhaustion caused by a sudden disk i o saturation freezing asynchronous write operations,Problem Solving
from your experience what best practices do you follow for building reusable design system components in angular,Role-Specific Skills
during a technical review explain how you design a data lakehouse architecture using delta lake or apache iceberg,Role-Specific Skills
how does redis handle cache invalidation cache stampede and eviction policies,Technical Knowledge
what are the key trade-offs between apache kafka and playwright when working on microservice communication,Role-Specific Skills
from an architectural standpoint how do you identify whether a performance slowdown is caused by garbage collection pause times or application thread lock contention,Problem Solving
from an architectural standpoint describe a time when you mentored a mid-level engineer aiming for senior promotion who was struggling with confidence in contributing to architectural design reviews,Leadership
in an enterprise environment how do you drive consensus on adopting automated cicd trunk-based development when there is substantial resistance from legacy developers,Leadership
explain how you manage state and avoid unnecessary re-renders in react applications,Role-Specific Skills
could you walk me through how do you communicate a critical production outage to the vp of product during active incident response,Communication
how do you identify whether a performance slowdown is caused by database connection pooling saturation or application thread lock contention,Problem Solving
can you explain what is the difference between kafka and hash index,Technical Knowledge
in your previous projects how would you troubleshoot sudden memory exhaustion caused by a critical memory leak causing cascading oom kills,Problem Solving
can you explain describe the configuration of kubernetes horizontal pod autoscalers hpa based on custom prometheus metrics,Role-Specific Skills
in an enterprise environment explain the cap theorem and how consistent hashing chooses between consistency and availability,Technical Knowledge
during a technical review how do you identify whether a performance slowdown is caused by unbounded in-memory queue buffering or application thread lock contention,Problem Solving
what are the key trade-offs between aws lambda serverless and kubernetes long-running deployments when working on real-time clickstream processing,Role-Specific Skills
in your previous projects in qa automation how do you implement automated canary rollouts with argocd to ensure high performance,Role-Specific Skills
in your previous projects how do you explain why upgrading outdated runtime versions is critical for security to sales and marketing stakeholders,Communication
hypothetically in frontend engineering how do you implement zero-trust identity-aware network segmentation to ensure high performance,Role-Specific Skills
how does connection pooling work under the hood in modern distributed systems,Technical Knowledge
from an architectural standpoint tell me about a time you stepped up to resolve an organizational deadlock involving enforcing strict functional programming paradigms,Leadership
during a technical review in data engineering how do you implement virtualized list rendering for 100k items to ensure high performance,Role-Specific Skills
in your previous projects walk me through your step-by-step debugging process when database replication lag surges past 30 minutes occurs on a mission-critical service,Problem Solving
during a technical review how would you troubleshoot sudden memory exhaustion caused by a runaway recursive background job consuming all available cpu,Problem Solving
hypothetically how would you troubleshoot sudden memory exhaustion caused by a silent queue backlog causing millions of dropped events,Problem Solving
could you walk me through in data engineering how do you implement automated canary rollouts with argocd to ensure high performance,Role-Specific Skills
from an architectural standpoint how do you manage database migrations safely with zero-downtime using tools like flyway or liquibase in frontend engineering,Role-Specific Skills
how do you design a comprehensive regression testing matrix for a critical payment gateway service,Role-Specific Skills
in an enterprise environment how do you handle disagreements during an architectural design meeting when consensus cannot be reached,Communication
from your experience how do you deliver constructive critical code review feedback without offending a legacy system maintainer,Communication
from an architectural standpoint how do you explain database sharding and eventual consistency to customer support specialists,Communication
could you walk me through how does redis handle cache invalidation cache stampede and eviction policies,Technical Knowledge
from your experience describe a challenging post-incident review where the root cause was traced back to garbage collection pause times rather than tcp socket file descriptor leaks,Problem Solving
how would you design a system that handles low-latency financial transactions under 5ms using connection pooling,Technical Knowledge
from an architectural standpoint how do you motivate a cross-functional squad to align on automated cicd trunk-based development without causing delivery friction,Leadership
can you explain how do you approach troubleshooting an intermittent issue that triggers only after a service has been running continuously for several days,Problem Solving
from an architectural standpoint how do you troubleshoot high cpu utilization and thread starvation when memory metrics appear completely normal,Problem Solving
in an enterprise environment in frontend engineering how do you implement automated canary rollouts with argocd to ensure high performance,Role-Specific Skills
what are the key trade-offs between aws lambda serverless and kubernetes long-running deployments when working on microservice communication,Role-Specific Skills
can you explain in devops cloud sre how do you implement contract testing between microservices with pact to ensure high performance,Role-Specific Skills
in an enterprise environment tell me about a time you had to deliver difficult feedback about writing thorough documentation and unit tests while maintaining trust,Leadership
describe a challenging post-incident review where the root cause was traced back to dns query resolution latency rather than downstream third-party rate limits,Problem Solving
can you explain tell me about a time you had to deliver bad news regarding project delays to an impatient product owner,Communication
from an architectural standpoint how would you design a system that handles millions of concurrent websocket connections using circuit breaker pattern,Technical Knowledge
in your previous projects describe a time when you had to convince the vp of product to prioritize migrating legacy monolithic databases to microservices,Communication
from an architectural standpoint describe a time when you had to make a high-stakes engineering trade-off under intense time pressure,Problem Solving
from an architectural standpoint how do you ensure requirements and technical architecture are clearly understood across a distributed team,Communication
how do you communicate a critical production outage to a non-technical client sponsor during active incident response,Communication
describe a time when you mentored a mid-level engineer aiming for senior promotion who was struggling with understanding distributed systems trade-offs,Leadership
from an architectural standpoint describe how you manage terraform state files lock mechanisms and module hierarchies in multi-environment setups,Role-Specific Skills
describe how you present technical trade-offs to customer support specialists when choosing between faster time-to-market with accumulated tech debt and purchasing an off-the-shelf third-party integration,Communication
could you walk me through how do you handle a situation where two senior engineers on your team strongly disagree on enforcing 90 code coverage requirements on pull requests,Leadership
explain how message broker partitioning impacts latency throughput and fault tolerance,Technical Knowledge
how do you explain why refactoring technical debt prevents system crashes to sales and marketing stakeholders,Communication
in an enterprise environment tell me about a time when you diagnosed and fixed an exponential spike in 504 gateway timeouts in production,Problem Solving
could you walk me through how do you design a comprehensive regression testing matrix for a critical payment gateway service,Role-Specific Skills
in an enterprise environment describe a complex technical problem where you had very limited log data and monitoring how did you isolate root cause,Problem Solving
could you walk me through tell me about a time you had to deliver difficult feedback about time management and estimation accuracy while maintaining trust,Leadership
what are the key trade-offs between docker compose and apache flink when working on end-to-end regression validation,Role-Specific Skills
how does cqrs pattern work under the hood in modern distributed systems,Technical Knowledge
could you walk me through how does garbage collection work in c and how can you minimize stop-the-world pauses,Technical Knowledge
describe how you present technical trade-offs to client account managers when choosing between building a customized in-house solution and a resilient scalable architecture with higher initial development cost,Communication
how do you implement oauth2 authorization code flow with pkce in a single page application spa,Role-Specific Skills
hypothetically what are the internal mechanics of async await event loop scheduling in python,Technical Knowledge
as a senior engineer describe how you manage terraform state files lock mechanisms and module hierarchies in multi-environment setups,Role-Specific Skills
hypothetically how do you foster a psychological safety culture where developers feel safe admitting mistakes and proposing bold ideas,Leadership
from your experience explain how content security policies csp protects against common vulnerabilities in modern web applications,Technical Knowledge
as a senior engineer how do you handle situations where a an impatient product owner demands a delivery deadline you believe is unrealistic,Communication
from an architectural standpoint what happens from a networking perspective when a user types a url into a browser until the page renders occurs,Technical Knowledge
explain how circuit breaker pattern impacts latency throughput and fault tolerance,Technical Knowledge
from your experience in qa automation how do you implement contract testing between microservices with pact to ensure high performance,Role-Specific Skills
explain the principles of domain-driven design ddd and when you would avoid it,Technical Knowledge
describe a time when you mentored a career switcher unfamiliar with production pipelines who was struggling with confidence in contributing to architectural design reviews,Leadership
how do you articulate complex system constraints during cross-functional sprint planning sessions,Communication
what is the difference between symmetric encryption and threads,Technical Knowledge
in an enterprise environment describe how you design a resilient pipeline for continuous deployment with automatic rollback in modern cloud infrastructure,Role-Specific Skills
describe a challenging post-incident review where the root cause was traced back to database connection pooling saturation rather than application thread lock contention,Problem Solving
as a senior engineer how would you design a system that handles millions of concurrent websocket connections using memory-mapped files,Technical Knowledge
as a senior engineer can you explain the trade-offs of using circuit breaker pattern in production,Technical Knowledge
in your previous projects how do you handle data consistency and isolation levels in mysql innodb,Technical Knowledge
can you explain walk me through how you discovered and patched a silent data corruption bug in an asynchronous processing pipeline,Problem Solving
tell me about a time you stepped up to resolve an organizational deadlock involving migrating to microservices versus modular monolith,Leadership
could you walk me through how would you troubleshoot sudden memory exhaustion caused by an unindexed query locking the primary production database,Problem Solving
from an architectural standpoint walk me through your step-by-step debugging process when the api response time degrades from 50ms to 12 seconds occurs on a mission-critical service,Problem Solving
in your previous projects how do you establish engineering standards code quality benchmarks and automated testing rigor across a team,Leadership
as a senior engineer how do you motivate a cross-functional squad to align on strict test-driven development tdd without causing delivery friction,Leadership
during a technical review what is the difference between synchronous and asynchronous processing in distributed transactions 2pc,Technical Knowledge
hypothetically how do indexes in elasticsearch improve query performance and what are the overhead costs,Technical Knowledge
from your experience how do you communicate the long-term cost of technical debt to executive leadership who only want new features,Communication
can you explain can you explain the trade-offs of using message broker partitioning in production,Technical Knowledge
as a senior engineer describe a time when you had to convince the vp of product to prioritize a comprehensive architectural refactor,Communication
in an enterprise environment describe a challenging post-incident review where the root cause was traced back to garbage collection pause times rather than tcp socket file descriptor leaks,Problem Solving
can you explain walk me through how you would isolate an issue when the api response time degrades from 50ms to 12 seconds happens right after a major framework upgrade,Problem Solving
as a senior engineer how do you explain the difference between latency and throughput bottlenecks to customer support specialists,Communication
from your experience describe a time when you had to convince the enterprise customer success director to prioritize allocating 30 of sprint capacity to test automation,Communication
what is the difference between kafka and microservices,Technical Knowledge
how would you design a system that handles low-latency financial transactions under 5ms using database sharding,Technical Knowledge
from an architectural standpoint in data engineering how do you implement idempotent elt data pipelines in snowflake to ensure high performance,Role-Specific Skills
describe how you present technical trade-offs to customer support specialists when choosing between building a customized in-house solution and an open-source self-hosted cluster,Communication
what are the key trade-offs between apache kafka and kubernetes pods when working on microservice communication,Role-Specific Skills
what are the key trade-offs between cypress and client-side hydration when working on end-to-end regression validation,Role-Specific Skills
can you explain how would you troubleshoot sudden memory exhaustion caused by a sudden disk i o saturation freezing asynchronous write operations,Problem Solving
describe a time when you mentored a mid-level engineer aiming for senior promotion who was struggling with confidence in contributing to architectural design reviews,Leadership
from an architectural standpoint describe a challenging post-incident review where the root cause was traced back to cpu throttling by kubernetes cfs quota rather than unoptimized disk i o swapping,Problem Solving
in an enterprise environment what is your philosophy on servant leadership versus top-down command in high-performing engineering teams,Leadership
during a technical review how do you explain why refactoring technical debt prevents system crashes to customer support specialists,Communication
from an architectural standpoint how do you balance technical vision with day-to-day tactical execution as a team lead,Leadership
as a senior engineer explain the cap theorem and how cqrs pattern chooses between consistency and availability,Technical Knowledge
in an enterprise environment how do you approach troubleshooting an intermittent issue that occurs only during automated batch database backups,Problem Solving
in an enterprise environment how do you communicate a critical production outage to the chief operating officer during active incident response,Communication
from an architectural standpoint how would you troubleshoot sudden memory exhaustion caused by a runaway recursive background job consuming all available cpu,Problem Solving
during a technical review how do you explain database sharding and eventual consistency to client account managers,Communication
tell me about a situation where an automated rollback failed and you had to resolve an unexpected thread deadlock freezing background queue workers manually,Problem Solving
from your experience tell me about a time you had to deliver difficult feedback about writing thorough documentation and unit tests while maintaining trust,Leadership
from an architectural standpoint how do you explain why upgrading outdated runtime versions is critical for security to sales and marketing stakeholders,Communication
how do you explain database sharding and eventual consistency to client account managers,Communication
how do you diagnose memory leaks in long-running containerized microservices without restarting the cluster,Problem Solving
could you walk me through tell me about a time when you diagnosed and fixed a connection pool exhaustion during a flash sale in production,Problem Solving
what happens from a networking perspective when a dns recursive resolution query is executed occurs,Technical Knowledge
during a technical review how do indexes in postgresql improve query performance and what are the overhead costs,Technical Knowledge
how do you handle situations where a the chief operating officer demands a delivery deadline you believe is unrealistic,Communication
in your previous projects tell me about a difficult conversation you had with a cross-functional product manager and how you reached mutual agreement,Communication
could you walk me through describe a time when you had to convince the vp of product to prioritize pausing new feature rollouts to fix critical security vulnerabilities,Communication
can you explain tell me about a time you had to deliver difficult feedback about proactive communication during blockers while maintaining trust,Leadership
can you explain can you explain the difference between declarative programming and imperative programming in software engineering,Technical Knowledge
tell me about a time when you diagnosed and fixed a critical memory leak causing cascading oom kills in production,Problem Solving
could you walk me through describe a time when you mentored a talented engineer struggling with imposter syndrome who was struggling with handling ambiguous technical specifications,Leadership
in your previous projects what is your approach to setting up distributed tracing with opentelemetry and jaeger across microservices,Role-Specific Skills
hypothetically describe a time when you had to make a high-stakes engineering trade-off under intense time pressure,Problem Solving
during a technical review how do you handle a situation where two senior engineers on your team strongly disagree on migrating to microservices versus modular monolith,Leadership
how do you secure a cicd pipeline against supply chain attacks compromised packages and secret leakage,Role-Specific Skills
what are the key trade-offs between apache kafka and kubernetes pods when working on real-time clickstream processing,Role-Specific Skills
what is the difference between processes and rabbitmq,Technical Knowledge
can you explain can you explain the trade-offs of using memory-mapped files in production,Technical Knowledge
in an enterprise environment how do you communicate a critical production outage to the enterprise customer success director during active incident response,Communication
can you explain in devops cloud sre how do you implement zero-trust identity-aware network segmentation to ensure high performance,Role-Specific Skills
in an enterprise environment describe a time when you had to convince the enterprise customer success director to prioritize a comprehensive architectural refactor,Communication
from an architectural standpoint describe how you design a resilient pipeline for continuous deployment with automatic rollback in modern cloud infrastructure,Role-Specific Skills
from an architectural standpoint tell me about an initiative you led from conception to delivery across multiple cross-functional teams,Leadership
describe how you present technical trade-offs to non-technical business executives when choosing between faster time-to-market with accumulated tech debt and purchasing an off-the-shelf third-party integration,Communication
what is the time and space complexity of trie prefix matching and how can it be optimized,Technical Knowledge
in an enterprise environment explain how connection pooling impacts latency throughput and fault tolerance,Technical Knowledge
can you explain the trade-offs of using rate limiting in production,Technical Knowledge
what are the key trade-offs between aws lambda serverless and client-side hydration when working on real-time clickstream processing,Role-Specific Skills
how would you troubleshoot sudden memory exhaustion caused by a redis cluster split-brain event causing state inconsistency,Problem Solving
as a senior engineer how do you handle a situation where two senior engineers on your team strongly disagree on enforcing 90 code coverage requirements on pull requests,Leadership
can you explain what is the difference between rest and http 3,Technical Knowledge
in your previous projects how do you drive consensus on adopting implementing observability and distributed tracing standards when there is substantial resistance from legacy developers,Leadership
as a senior engineer tell me about a time you had to deliver difficult feedback about writing thorough documentation and unit tests while maintaining trust,Leadership
what are the key trade-offs between cypress and apache flink when working on microservice communication,Role-Specific Skills
as a senior engineer how do you identify whether a performance slowdown is caused by dns query resolution latency or application thread lock contention,Problem Solving
explain the principles of micro-frontends and when you would avoid it,Technical Knowledge
from your experience tell me about a time you investigated a critical security breach or sql injection attempt how did you contain the blast radius,Problem Solving
what are the internal mechanics of gil global interpreter lock in rust,Technical Knowledge
from an architectural standpoint how do you diagnose memory leaks in long-running containerized microservices without restarting the cluster,Problem Solving
hypothetically how do you identify whether a performance slowdown is caused by garbage collection pause times or application thread lock contention,Problem Solving
during a technical review describe how you present technical trade-offs to client account managers when choosing between a managed cloud proprietary service and a resilient scalable architecture with higher initial development cost,Communication
in an enterprise environment describe a scenario where you had to lead a project with ambiguous requirements and tight organizational deadlines,Leadership
as a senior engineer what is your philosophy on servant leadership versus top-down command in high-performing engineering teams,Leadership
in your previous projects how do you deliver constructive critical code review feedback without offending an external vendor technical contact,Communication
as a senior engineer tell me about a time you used profiling tools e g flamegraphs pprof visualvm to resolve a massive latency spike,Problem Solving
what are the key trade-offs between apache kafka and client-side hydration when working on microservice communication,Role-Specific Skills
could you walk me through how do you communicate a critical production outage to an impatient product owner during active incident response,Communication
could you walk me through describe how you supported a career switcher unfamiliar with production pipelines in transitioning to higher-impact architectural responsibilities,Leadership
can you explain how do you explain why distributed consensus algorithms cannot guarantee zero latency to product managers without coding background,Communication
in an enterprise environment what are the best practices for implementing database sharding in a high-scale service,Technical Knowledge
in an enterprise environment how do you handle a situation where two senior engineers on your team strongly disagree on choosing between go and rust for a new microservice,Leadership
hypothetically how would you troubleshoot sudden memory exhaustion caused by an exponential spike in 504 gateway timeouts,Problem Solving
in your previous projects can you share an experience where miscommunication led to a bug or delay and how you corrected it,Communication
hypothetically how would you design a system that handles real-time analytics over petabytes of data using consistent hashing,Technical Knowledge
in an enterprise environment describe how you present technical trade-offs to sales and marketing stakeholders when choosing between a managed cloud proprietary service and an open-source self-hosted cluster,Communication
in your previous projects how do you explain database sharding and eventual consistency to sales and marketing stakeholders,Communication
in your previous projects describe a time when you mentored a talented engineer struggling with imposter syndrome who was struggling with handling ambiguous technical specifications,Leadership
could you walk me through how do you approach troubleshooting an intermittent issue that disappears immediately whenever verbose debug logging is enabled,Problem Solving
how do you explain why distributed consensus algorithms cannot guarantee zero latency to non-technical business executives,Communication
in an enterprise environment how do you deliver constructive critical code review feedback without offending a peer software engineer with strong opinions,Communication
in devops cloud sre how do you implement contract testing between microservices with pact to ensure high performance,Role-Specific Skills
what is the time and space complexity of lru cache eviction with big_o_1 operations and how can it be optimized,Technical Knowledge
during a technical review how does memcached handle cache invalidation cache stampede and eviction policies,Technical Knowledge
during a technical review what strategies do you use for active listening when a colleague expresses frustration with your proposal,Communication
what is the difference between synchronous and asynchronous processing in cqrs pattern,Technical Knowledge
in an enterprise environment how do you architect an apache spark streaming job to handle out-of-order event timestamps and late data arriving,Role-Specific Skills
from an architectural standpoint describe how you supported a intern with minimal real-world experience in transitioning to higher-impact architectural responsibilities,Leadership
in an enterprise environment can you explain the trade-offs of using read-write replicas in production,Technical Knowledge
explain the cap theorem and how distributed transactions 2pc chooses between consistency and availability,Technical Knowledge
in an enterprise environment how do indexes in redis improve query performance and what are the overhead costs,Technical Knowledge
hypothetically describe a time when you mentored a mid-level engineer aiming for senior promotion who was struggling with understanding distributed systems trade-offs,Leadership
from your experience describe how you design a resilient pipeline for zero-downtime database schema migration in modern cloud infrastructure,Role-Specific Skills
describe how you design a resilient pipeline for automated test suite execution across parallel runners in modern cloud infrastructure,Role-Specific Skills
in your previous projects describe how you supported a talented engineer struggling with imposter syndrome in transitioning to higher-impact architectural responsibilities,Leadership
from an architectural standpoint describe a challenging post-incident review where the root cause was traced back to dns query resolution latency rather than microservice circuit breaker tripping prematurely,Problem Solving
hypothetically tell me about a time when you diagnosed and fixed an exponential spike in 504 gateway timeouts in production,Problem Solving
describe a challenging post-incident review where the root cause was traced back to cpu throttling by kubernetes cfs quota rather than underlying cloud network packet loss,Problem Solving
can you explain how does cdn edge caching handle cache invalidation cache stampede and eviction policies,Technical Knowledge
as a senior engineer how do you tailor your communication style when speaking with junior engineers versus c-level executives,Communication
in your previous projects what best practices do you follow for building reusable design system components in angular,Role-Specific Skills
as a senior engineer describe a time when you had to convince an impatient product owner to prioritize a comprehensive architectural refactor,Communication
describe a time when you mentored a intern with minimal real-world experience who was struggling with time management and estimation accuracy,Leadership
how would you design a system that handles 100 000 requests per second using event-driven architecture,Technical Knowledge
hypothetically in qa automation how do you implement contract testing between microservices with pact to ensure high performance,Role-Specific Skills
in an enterprise environment tell me about a situation where an automated rollback failed and you had to resolve an avalanche of unhandled exceptions crashing microservice pods manually,Problem Solving
tell me about a time you stepped up to resolve an organizational deadlock involving choosing between go and rust for a new microservice,Leadership
what is the difference between rest and udp,Technical Knowledge
in your previous projects describe how you present technical trade-offs to client account managers when choosing between building a customized in-house solution and an open-source self-hosted cluster,Communication
explain how wal write-ahead log impacts latency throughput and fault tolerance,Technical Knowledge
hypothetically describe how you present technical trade-offs to product managers without coding background when choosing between building a customized in-house solution and a resilient scalable architecture with higher initial development cost,Communication
could you walk me through describe a scenario where you negotiated the scope of a feature release with the chief operating officer,Communication
can you explain the difference between declarative programming and eventual consistency in software engineering,Technical Knowledge
can you explain how does memcached handle cache invalidation cache stampede and eviction policies,Technical Knowledge
as a senior engineer walk me through how you would isolate an issue when the api response time degrades from 50ms to 12 seconds happens right after a major framework upgrade,Problem Solving
as a senior engineer how do you explain why upgrading outdated runtime versions is critical for security to customer support specialists,Communication
how do you handle data consistency and isolation levels in mongodb,Technical Knowledge
in your previous projects describe how you present technical trade-offs to customer support specialists when choosing between a managed cloud proprietary service and a resilient scalable architecture with higher initial development cost,Communication
explain how database sharding impacts latency throughput and fault tolerance,Technical Knowledge
can you explain the trade-offs of using distributed transactions 2pc in production,Technical Knowledge
what are the key trade-offs between cypress and apache flink when working on cloud container orchestration,Role-Specific Skills
describe a time when you mentored a mid-level engineer aiming for senior promotion who was struggling with handling ambiguous technical specifications,Leadership
can you explain explain how you manage state and avoid unnecessary re-renders in react applications,Role-Specific Skills
explain how event-driven architecture impacts latency throughput and fault tolerance,Technical Knowledge
hypothetically describe a time when you mentored a newly hired backend developer adjusting to company codebase who was struggling with confidence in contributing to architectural design reviews,Leadership
in your previous projects tell me about a time you stepped up to resolve an organizational deadlock involving enforcing strict functional programming paradigms,Leadership
can you explain how do you keep team morale and velocity high during intense crunch periods or corporate restructuring,Leadership
from your experience how do you identify whether a performance slowdown is caused by garbage collection pause times or underlying cloud network packet loss,Problem Solving
in your previous projects how would you design a system that handles geo-distributed user sessions with instant failover using cqrs pattern,Technical Knowledge
in an enterprise environment how does memcached handle cache invalidation cache stampede and eviction policies,Technical Knowledge
from your experience describe how you present technical trade-offs to product managers without coding background when choosing between building a customized in-house solution and purchasing an off-the-shelf third-party integration,Communication
hypothetically tell me about a time you had to deliver difficult feedback about code quality and test design while maintaining trust,Leadership
in an enterprise environment what is the difference between synchronous and asynchronous processing in consistent hashing,Technical Knowledge
could you walk me through in cybersecurity engineering how do you implement idempotent elt data pipelines in snowflake to ensure high performance,Role-Specific Skills
in an enterprise environment explain how you manage state and avoid unnecessary re-renders in angular applications,Role-Specific Skills
what is the difference between symmetric encryption and nosql databases,Technical Knowledge
describe a challenging post-incident review where the root cause was traced back to thread lock contention on shared resource caches rather than downstream third-party rate limits,Problem Solving
what is the difference between b-tree index and nosql databases,Technical Knowledge
as a senior engineer how do you approach troubleshooting an intermittent issue that only manifests across specific geographical cloud regions,Problem Solving
what are the key trade-offs between apache kafka and playwright when working on cloud container orchestration,Role-Specific Skills
from your experience describe a time when you mentored a newly hired backend developer adjusting to company codebase who was struggling with confidence in contributing to architectural design reviews,Leadership
can you explain explain how oauth2 with pkce protects against common vulnerabilities in modern web applications,Technical Knowledge
in an enterprise environment tell me about a time you used profiling tools e g flamegraphs pprof visualvm to resolve a massive latency spike,Problem Solving
could you walk me through how do you approach troubleshooting an intermittent issue that only manifests across specific geographical cloud regions,Problem Solving
from an architectural standpoint describe a scenario where you had to lead a project with ambiguous requirements and tight organizational deadlines,Leadership
from your experience what are the best practices for implementing circuit breaker pattern in a high-scale service,Technical Knowledge
what are the key trade-offs between react server components and kubernetes pods when working on frontend state synchronization,Role-Specific Skills
in your previous projects how do you ensure accessibility cross-browser compatibility and wcag compliance in enterprise dashboard portals,Role-Specific Skills
could you walk me through how do you handle a situation where two senior engineers on your team strongly disagree on introducing graphql over restful api architecture,Leadership
how do you motivate a cross-functional squad to align on automated cicd trunk-based development without causing delivery friction,Leadership
from your experience how does cdn edge caching handle cache invalidation cache stampede and eviction policies,Technical Knowledge
tell me about a time you stepped up to resolve an organizational deadlock involving decoupling legacy monolithic database schemas,Leadership
could you walk me through what best practices do you follow for building reusable design system components in react,Role-Specific Skills
in your previous projects how do you identify whether a performance slowdown is caused by thread lock contention on shared resource caches or underlying cloud network packet loss,Problem Solving
in your previous projects explain how you manage state and avoid unnecessary re-renders in angular applications,Role-Specific Skills
how do you configure and optimize nextjs ssr caching layers for enterprise production workloads,Role-Specific Skills
hypothetically tell me about a situation where an automated rollback failed and you had to resolve an unindexed query locking the primary production database manually,Problem Solving
tell me about a time when you resolved a catastrophic database deadlock under peak traffic,Problem Solving
could you walk me through how do you articulate complex system constraints during cross-functional sprint planning sessions,Communication
can you explain how do you handle a situation where two senior engineers on your team strongly disagree on enforcing strict functional programming paradigms,Leadership
in your previous projects describe a time when you had to convince the vp of product to prioritize a comprehensive architectural refactor,Communication
during a technical review what strategies do you use for hardening linux kernel parameters against ddos in data engineering,Role-Specific Skills
in your previous projects explain the cap theorem and how wal write-ahead log chooses between consistency and availability,Technical Knowledge
from an architectural standpoint what are the best practices for implementing rate limiting in a high-scale service,Technical Knowledge
during a technical review how do you explain why distributed consensus algorithms cannot guarantee zero latency to sales and marketing stakeholders,Communication
in your previous projects describe a time when you mentored a intern with minimal real-world experience who was struggling with handling ambiguous technical specifications,Leadership
what strategies do you use for hardening linux kernel parameters against ddos in frontend engineering,Role-Specific Skills
from your experience describe a time when you mentored a junior software engineer who was struggling with understanding distributed systems trade-offs,Leadership
can you explain the trade-offs of using event-driven architecture in production,Technical Knowledge
as a senior engineer how do you investigate intermittent latency regressions when microservice circuit breaker tripping prematurely is suspected,Problem Solving
in your previous projects can you explain the difference between strong consistency and imperative programming in software engineering,Technical Knowledge
hypothetically how do you identify whether a performance slowdown is caused by thread lock contention on shared resource caches or unoptimized disk i o swapping,Problem Solving
tell me about a time you stepped up to resolve an organizational deadlock involving introducing graphql over restful api architecture,Leadership
as a senior engineer how do you explain why distributed consensus algorithms cannot guarantee zero latency to sales and marketing stakeholders,Communication
during a technical review explain how content security policies csp protects against common vulnerabilities in modern web applications,Technical Knowledge
from an architectural standpoint can you share an experience where miscommunication led to a bug or delay and how you corrected it,Communication
how would you design a system that handles 100 000 requests per second using read-write replicas,Technical Knowledge
as a senior engineer how do you debug an application that runs perfectly in local staging but fails intermittently in kubernetes production,Problem Solving
can you explain in data engineering how do you implement automated canary rollouts with argocd to ensure high performance,Role-Specific Skills
from your experience what are the key trade-offs between apache kafka and kubernetes pods when working on real-time clickstream processing,Role-Specific Skills
from an architectural standpoint in frontend engineering how do you implement automated canary rollouts with argocd to ensure high performance,Role-Specific Skills
in an enterprise environment describe a time when you mentored a junior software engineer who was struggling with proactive communication during blockers,Leadership
tell me about a time when you diagnosed and fixed an unindexed query locking the primary production database in production,Problem Solving
hypothetically tell me about a situation where an automated rollback failed and you had to resolve an exponential spike in 504 gateway timeouts manually,Problem Solving
in an enterprise environment describe a time when you had to convince a non-technical client sponsor to prioritize migrating legacy monolithic databases to microservices,Communication
can you explain how do you communicate the long-term cost of technical debt to executive leadership who only want new features,Communication
could you walk me through how do you explain why distributed consensus algorithms cannot guarantee zero latency to sales and marketing stakeholders,Communication
as a senior engineer tell me about a situation where an automated rollback failed and you had to resolve a redis cluster split-brain event causing state inconsistency manually,Problem Solving
hypothetically tell me about a difficult conversation you had with a legacy system maintainer and how you reached mutual agreement,Communication
in an enterprise environment how do you explain why refactoring technical debt prevents system crashes to client account managers,Communication
during a technical review describe how you present technical trade-offs to client account managers when choosing between a managed cloud proprietary service and purchasing an off-the-shelf third-party integration,Communication
can you share an experience where miscommunication led to a bug or delay and how you corrected it,Communication
as a senior engineer tell me about a time when you diagnosed and fixed a redis cluster split-brain event causing state inconsistency in production,Problem Solving
what is the difference between http 2 and rabbitmq,Technical Knowledge
in your previous projects how do you manage database migrations safely with zero-downtime using tools like flyway or liquibase in cybersecurity engineering,Role-Specific Skills
in your previous projects in devops cloud sre how do you implement automated canary rollouts with argocd to ensure high performance,Role-Specific Skills
as a senior engineer how do you ensure accessibility cross-browser compatibility and wcag compliance in complex single-page applications,Role-Specific Skills
as a senior engineer tell me about a time you had to deliver bad news regarding project delays to the chief operating officer,Communication
can you explain how do you investigate intermittent latency regressions when application thread lock contention is suspected,Problem Solving
could you walk me through can you explain the difference between declarative programming and eventual consistency in software engineering,Technical Knowledge
as a senior engineer describe a challenging post-incident review where the root cause was traced back to unbounded in-memory queue buffering rather than application thread lock contention,Problem Solving
what are the key trade-offs between apache kafka and playwright when working on end-to-end regression validation,Role-Specific Skills
in your previous projects describe a challenging post-incident review where the root cause was traced back to cpu throttling by kubernetes cfs quota rather than application thread lock contention,Problem Solving
describe a challenging post-incident review where the root cause was traced back to thread lock contention on shared resource caches rather than underlying cloud network packet loss,Problem Solving
in your previous projects walk me through how you would isolate an issue when memory consumption steadily climbs linearly until container restarts happens right after a major framework upgrade,Problem Solving
hypothetically how do you handle data consistency and isolation levels in dynamodb,Technical Knowledge
what are the internal mechanics of virtual method dispatch and vtables in java,Technical Knowledge
in your previous projects describe how you prioritize technical debt against business feature roadmap requests at an organizational level,Leadership
tell me about a time you had to deliver difficult feedback about confidence in contributing to architectural design reviews while maintaining trust,Leadership
in your previous projects in cybersecurity engineering how do you implement idempotent elt data pipelines in snowflake to ensure high performance,Role-Specific Skills
what are the key trade-offs between apache kafka and apache flink when working on microservice communication,Role-Specific Skills
during a technical review describe a time when you mentored a talented engineer struggling with imposter syndrome who was struggling with understanding distributed systems trade-offs,Leadership
hypothetically how would you troubleshoot sudden memory exhaustion caused by an avalanche of unhandled exceptions crashing microservice pods,Problem Solving
from your experience how do you design an idempotent api endpoint for user order placement checkout,Technical Knowledge
as a senior engineer what best practices do you follow for building reusable design system components in react,Role-Specific Skills
what are the internal mechanics of reflection and dynamic type inspection in go,Technical Knowledge
could you walk me through how would you troubleshoot sudden memory exhaustion caused by a sudden disk i o saturation freezing asynchronous write operations,Problem Solving
how do indexes in mysql innodb improve query performance and what are the overhead costs,Technical Knowledge
during a technical review what is the difference between synchronous and asynchronous processing in database sharding,Technical Knowledge
as a senior engineer how do you handle situations where a the enterprise customer success director demands a delivery deadline you believe is unrealistic,Communication
hypothetically walk me through how you solved a stubborn distributed race condition that only occurred once every thousand requests,Problem Solving
could you walk me through how do you explain why upgrading outdated runtime versions is critical for security to product managers without coding background,Communication
hypothetically how do you handle situations where a the enterprise customer success director demands a delivery deadline you believe is unrealistic,Communication
in an enterprise environment how do you design an idempotent api endpoint for user order placement checkout,Technical Knowledge
from your experience describe how you present technical trade-offs to client account managers when choosing between faster time-to-market with accumulated tech debt and an open-source self-hosted cluster,Communication
what are the key trade-offs between react server components and kubernetes long-running deployments when working on cloud container orchestration,Role-Specific Skills
during a technical review describe a challenging post-incident review where the root cause was traced back to thread lock contention on shared resource caches rather than application thread lock contention,Problem Solving
in an enterprise environment describe a time when you had to convince the chief operating officer to prioritize migrating legacy monolithic databases to microservices,Communication
in your previous projects can you explain the difference between strong consistency and functional programming in software engineering,Technical Knowledge
during a technical review describe how you present technical trade-offs to client account managers when choosing between building a customized in-house solution and a resilient scalable architecture with higher initial development cost,Communication
can you explain what is the time and space complexity of k-way merge on distributed streams and how can it be optimized,Technical Knowledge
from your experience what are the key trade-offs between aws lambda serverless and kubernetes pods when working on real-time clickstream processing,Role-Specific Skills
hypothetically how would you troubleshoot sudden memory exhaustion caused by a runaway recursive background job consuming all available cpu,Problem Solving
can you explain tell me about a time when you diagnosed and fixed a silent queue backlog causing millions of dropped events in production,Problem Solving
as a senior engineer how do you implement oauth2 authorization code flow with pkce in a single page application spa,Role-Specific Skills
can you explain describe how you run a blameless post-mortem so the team communicates openly about mistakes,Communication
in your previous projects describe a scenario where you negotiated the scope of a feature release with a non-technical client sponsor,Communication
in cybersecurity engineering how do you implement virtualized list rendering for 100k items to ensure high performance,Role-Specific Skills
in your previous projects how do you identify whether a performance slowdown is caused by garbage collection pause times or tcp socket file descriptor leaks,Problem Solving
could you walk me through how do you identify whether a performance slowdown is caused by cpu throttling by kubernetes cfs quota or application thread lock contention,Problem Solving
hypothetically what are the internal mechanics of reflection and dynamic type inspection in c,Technical Knowledge
how do you explain database sharding and eventual consistency to non-technical business executives,Communication
in your previous projects how does cdn edge caching handle cache invalidation cache stampede and eviction policies,Technical Knowledge
hypothetically how do you approach troubleshooting an intermittent issue that only reproduces under high concurrent traffic,Problem Solving
from your experience what is your approach to writing clear technical documentation rfcs and architectural decision records,Communication
from an architectural standpoint how do you architect an apache spark streaming job to handle out-of-order event timestamps and late data arriving,Role-Specific Skills
in an enterprise environment how do you ensure accessibility cross-browser compatibility and wcag compliance in enterprise dashboard portals,Role-Specific Skills
during a technical review how do you drive consensus on adopting implementing observability and distributed tracing standards when there is substantial resistance from legacy developers,Leadership
how do you explain the difference between latency and throughput bottlenecks to product managers without coding background,Communication
what are the key trade-offs between docker compose and playwright when working on end-to-end regression validation,Role-Specific Skills
can you explain describe how you supported a newly hired backend developer adjusting to company codebase in transitioning to higher-impact architectural responsibilities,Leadership
during a technical review tell me about a time you stepped up to resolve an organizational deadlock involving decoupling legacy monolithic database schemas,Leadership
could you walk me through what is your philosophy on servant leadership versus top-down command in high-performing engineering teams,Leadership
could you walk me through explain the cap theorem and how event-driven architecture chooses between consistency and availability,Technical Knowledge
how do you configure and optimize prometheus and grafana dashboards for enterprise production workloads,Role-Specific Skills
in your previous projects how do you recognize and develop emerging leadership qualities in engineers on your team,Leadership
in an enterprise environment how does memory-mapped files work under the hood in modern distributed systems,Technical Knowledge
describe how you run a blameless post-mortem so the team communicates openly about mistakes,Communication
can you explain the difference between declarative programming and imperative programming in software engineering,Technical Knowledge
can you explain how do you communicate a critical production outage to a non-technical client sponsor during active incident response,Communication
in your previous projects tell me about a time you had to deliver difficult feedback about code quality and test design while maintaining trust,Leadership
can you explain tell me about a time when a critical project you were leading was failing how did you turn it around,Leadership
from your experience what is the difference between processes and nosql databases,Technical Knowledge
tell me about a situation where an automated rollback failed and you had to resolve a sudden disk i o saturation freezing asynchronous write operations manually,Problem Solving
in your previous projects in devops cloud sre how do you implement zero-trust identity-aware network segmentation to ensure high performance,Role-Specific Skills
hypothetically describe a time when you had to convince an impatient product owner to prioritize migrating legacy monolithic databases to microservices,Communication
how would you design a system that handles geo-distributed user sessions with instant failover using consistent hashing,Technical Knowledge
can you explain describe a time when you mentored a talented engineer struggling with imposter syndrome who was struggling with writing thorough documentation and unit tests,Leadership
as a senior engineer what best practices do you follow for building reusable design system components in vue 3,Role-Specific Skills
explain how read-write replicas impacts latency throughput and fault tolerance,Technical Knowledge
during a technical review describe how you design a resilient pipeline for real-time financial transaction ingestion in modern cloud infrastructure,Role-Specific Skills
as a senior engineer tell me about an initiative you led from conception to delivery across multiple cross-functional teams,Leadership
from your experience how do you design a comprehensive regression testing matrix for a critical payment gateway service,Role-Specific Skills
during a technical review describe a time when you mentored a mid-level engineer aiming for senior promotion who was struggling with confidence in contributing to architectural design reviews,Leadership
from your experience describe a time when you had to convince an impatient product owner to prioritize allocating 30 of sprint capacity to test automation,Communication
from your experience explain how you manage state and avoid unnecessary re-renders in angular applications,Role-Specific Skills
from an architectural standpoint describe a time when you had to convince the enterprise customer success director to prioritize migrating legacy monolithic databases to microservices,Communication
during a technical review describe a time when you mentored a junior software engineer who was struggling with confidence in contributing to architectural design reviews,Leadership
as a senior engineer what best practices do you follow for building reusable design system components in angular,Role-Specific Skills
what is the difference between symmetric encryption and asymmetric encryption,Technical Knowledge
from your experience describe a time when you mentored a intern with minimal real-world experience who was struggling with understanding distributed systems trade-offs,Leadership
during a technical review walk me through your step-by-step debugging process when clients receive partial and corrupted payload responses occurs on a mission-critical service,Problem Solving
what is the difference between processes and hash index,Technical Knowledge
how do you identify whether a performance slowdown is caused by garbage collection pause times or unoptimized disk i o swapping,Problem Solving
from an architectural standpoint how do you handle data consistency and isolation levels in cassandra,Technical Knowledge
from your experience can you explain the trade-offs of using message broker partitioning in production,Technical Knowledge
from an architectural standpoint how do you identify whether a performance slowdown is caused by cpu throttling by kubernetes cfs quota or microservice circuit breaker tripping prematurely,Problem Solving
during a technical review tell me about a time you had to deliver difficult feedback about proactive communication during blockers while maintaining trust,Leadership
as a senior engineer describe a challenging post-incident review where the root cause was traced back to thread lock contention on shared resource caches rather than unoptimized disk i o swapping,Problem Solving
describe a challenging post-incident review where the root cause was traced back to unbounded in-memory queue buffering rather than microservice circuit breaker tripping prematurely,Problem Solving
can you explain how do you investigate intermittent latency regressions when unoptimized disk i o swapping is suspected,Problem Solving
in an enterprise environment describe a time when you had to manage an underperforming team member how did you handle the situation empathetically,Leadership
in your previous projects what are the key trade-offs between aws lambda serverless and client-side hydration when working on cloud container orchestration,Role-Specific Skills
in your previous projects tell me about a time you stepped up to resolve an organizational deadlock involving decoupling legacy monolithic database schemas,Leadership
in data engineering how do you implement idempotent elt data pipelines in snowflake to ensure high performance,Role-Specific Skills
can you explain describe how you supported a career switcher unfamiliar with production pipelines in transitioning to higher-impact architectural responsibilities,Leadership
can you explain how do you drive consensus on adopting strict test-driven development tdd when there is substantial resistance from legacy developers,Leadership
from an architectural standpoint explain how jwt token signing and refresh rotation protects against common vulnerabilities in modern web applications,Technical Knowledge
as a senior engineer how would you troubleshoot sudden memory exhaustion caused by an unexpected thread deadlock freezing background queue workers,Problem Solving
from an architectural standpoint in cybersecurity engineering how do you implement contract testing between microservices with pact to ensure high performance,Role-Specific Skills
in your previous projects tell me about a time when you diagnosed and fixed an avalanche of unhandled exceptions crashing microservice pods in production,Problem Solving
during a technical review describe a time when you mentored a intern with minimal real-world experience who was struggling with time management and estimation accuracy,Leadership
could you walk me through how does garbage collection work in python and how can you minimize stop-the-world pauses,Technical Knowledge
can you explain how do you deliver constructive critical code review feedback without offending a cross-functional product manager,Communication
describe a time when you mentored a newly hired backend developer adjusting to company codebase who was struggling with time management and estimation accuracy,Leadership
could you walk me through describe how you supported a junior software engineer in transitioning to higher-impact architectural responsibilities,Leadership
as a senior engineer describe how you present technical trade-offs to client account managers when choosing between a managed cloud proprietary service and a resilient scalable architecture with higher initial development cost,Communication
in your previous projects describe a time when you mentored a career switcher unfamiliar with production pipelines who was struggling with handling ambiguous technical specifications,Leadership
how do you deliver constructive critical code review feedback without offending a peer software engineer with strong opinions,Communication
during a technical review what are the key trade-offs between aws lambda serverless and apache flink when working on end-to-end regression validation,Role-Specific Skills
from your experience tell me about a difficult conversation you had with a peer software engineer with strong opinions and how you reached mutual agreement,Communication
during a technical review describe an incident where a faulty deployment caused widespread 500 server errors what was your immediate mitigation,Problem Solving
in your previous projects how do you design an idempotent api endpoint for credit card billing payments,Technical Knowledge
from an architectural standpoint describe a challenging post-incident review where the root cause was traced back to cpu throttling by kubernetes cfs quota rather than tcp socket file descriptor leaks,Problem Solving
hypothetically how do you communicate a critical production outage to an impatient product owner during active incident response,Communication
how do you investigate intermittent latency regressions when downstream third-party rate limits is suspected,Problem Solving
from an architectural standpoint how do you ensure accessibility cross-browser compatibility and wcag compliance in enterprise dashboard portals,Role-Specific Skills
in an enterprise environment what strategies do you use for partition pruning and shuffling optimization in qa automation,Role-Specific Skills
in your previous projects what is the difference between monolithic architecture and hash index,Technical Knowledge
from your experience tell me about a time when you diagnosed and fixed a sudden disk i o saturation freezing asynchronous write operations in production,Problem Solving
in an enterprise environment how do you foster a psychological safety culture where developers feel safe admitting mistakes and proposing bold ideas,Leadership
hypothetically explain the principles of event sourcing and when you would avoid it,Technical Knowledge
in an enterprise environment walk me through how you would isolate an issue when clients receive partial and corrupted payload responses happens right after a major framework upgrade,Problem Solving
in your previous projects what are the best practices for implementing event-driven architecture in a high-scale service,Technical Knowledge
from an architectural standpoint explain how you design a data lakehouse architecture using delta lake or apache iceberg,Role-Specific Skills
as a senior engineer how does distributed transactions 2pc work under the hood in modern distributed systems,Technical Knowledge
how do you identify whether a performance slowdown is caused by dns query resolution latency or underlying cloud network packet loss,Problem Solving
in your previous projects describe a situation where a third-party dependency failed unexpectedly in production how did you resolve the outage,Problem Solving
as a senior engineer how do indexes in mongodb improve query performance and what are the overhead costs,Technical Knowledge
describe how you present technical trade-offs to sales and marketing stakeholders when choosing between a managed cloud proprietary service and a resilient scalable architecture with higher initial development cost,Communication
hypothetically how do you handle a situation where two senior engineers on your team strongly disagree on choosing between go and rust for a new microservice,Leadership
during a technical review how do you write reliable maintainable end-to-end integration tests using jest and react testing library without creating flaky tests,Role-Specific Skills
from an architectural standpoint in frontend engineering how do you implement zero-trust identity-aware network segmentation to ensure high performance,Role-Specific Skills
in an enterprise environment how do you communicate a critical production outage to an impatient product owner during active incident response,Communication
can you explain explain how you design a data lakehouse architecture using delta lake or apache iceberg,Role-Specific Skills
could you walk me through tell me about a situation where an automated rollback failed and you had to resolve an unexpected thread deadlock freezing background queue workers manually,Problem Solving
can you explain how do you identify whether a performance slowdown is caused by dns query resolution latency or unoptimized disk i o swapping,Problem Solving
hypothetically tell me about a time you championed a cultural change or diversity initiative within your engineering department,Leadership
how do you identify whether a performance slowdown is caused by thread lock contention on shared resource caches or application thread lock contention,Problem Solving
from an architectural standpoint what are the best practices for implementing cqrs pattern in a high-scale service,Technical Knowledge
can you explain tell me about a time you championed a cultural change or diversity initiative within your engineering department,Leadership
what are the key trade-offs between docker compose and kubernetes long-running deployments when working on frontend state synchronization,Role-Specific Skills
tell me about a time you stepped up to resolve an organizational deadlock involving enforcing strict functional programming paradigms,Leadership
hypothetically what is your philosophy on servant leadership versus top-down command in high-performing engineering teams,Leadership
could you walk me through explain how distributed transactions 2pc impacts latency throughput and fault tolerance,Technical Knowledge
can you explain how would you design a system that handles millions of concurrent websocket connections using cqrs pattern,Technical Knowledge
during a technical review tell me about a time you stepped up to resolve an organizational deadlock involving enforcing 90 code coverage requirements on pull requests,Leadership
as a senior engineer how do you resolve shared memory mutation without mutexes in multithreaded applications,Technical Knowledge
from an architectural standpoint can you explain the difference between strong consistency and imperative programming in software engineering,Technical Knowledge
hypothetically how do you ensure accessibility cross-browser compatibility and wcag compliance in mobile-responsive web applications,Role-Specific Skills
how do you identify whether a performance slowdown is caused by cpu throttling by kubernetes cfs quota or tcp socket file descriptor leaks,Problem Solving
can you explain explain how you manage state and avoid unnecessary re-renders in svelte applications,Role-Specific Skills
from your experience how do you foster a psychological safety culture where developers feel safe admitting mistakes and proposing bold ideas,Leadership
describe a time when you mentored a talented engineer struggling with imposter syndrome who was struggling with code quality and test design,Leadership
can you explain describe how you present technical trade-offs to sales and marketing stakeholders when choosing between building a customized in-house solution and purchasing an off-the-shelf third-party integration,Communication
in your previous projects how do you secure a cicd pipeline against supply chain attacks compromised packages and secret leakage,Role-Specific Skills
from your experience can you explain the difference between object-oriented programming and stateless microservices in software engineering,Technical Knowledge
during a technical review in data engineering how do you implement idempotent elt data pipelines in snowflake to ensure high performance,Role-Specific Skills
in your previous projects describe a time when you mentored a career switcher unfamiliar with production pipelines who was struggling with confidence in contributing to architectural design reviews,Leadership
in your previous projects how do you approach troubleshooting an intermittent issue that disappears immediately whenever verbose debug logging is enabled,Problem Solving
hypothetically how do you identify whether a performance slowdown is caused by cpu throttling by kubernetes cfs quota or underlying cloud network packet loss,Problem Solving
could you walk me through describe how you present technical trade-offs to client account managers when choosing between faster time-to-market with accumulated tech debt and purchasing an off-the-shelf third-party integration,Communication
in your previous projects how would you design a system that handles geo-distributed user sessions with instant failover using event-driven architecture,Technical Knowledge
from your experience how do you explain why refactoring technical debt prevents system crashes to client account managers,Communication
describe how you present technical trade-offs to sales and marketing stakeholders when choosing between faster time-to-market with accumulated tech debt and purchasing an off-the-shelf third-party integration,Communication
in your previous projects walk me through how you solved a stubborn distributed race condition that only occurred once every thousand requests,Problem Solving
how do you drive consensus on adopting implementing observability and distributed tracing standards when there is substantial resistance from legacy developers,Leadership
how would you design a system that handles geo-distributed user sessions with instant failover using distributed transactions 2pc,Technical Knowledge
hypothetically how would you troubleshoot sudden memory exhaustion caused by a redis cluster split-brain event causing state inconsistency,Problem Solving
from your experience how do you communicate a critical production outage to the enterprise customer success director during active incident response,Communication
explain the cap theorem and how connection pooling chooses between consistency and availability,Technical Knowledge
in your previous projects how do you drive consensus on adopting mandatory peer code reviews and static security scanning when there is substantial resistance from legacy developers,Leadership
how do you identify whether a performance slowdown is caused by dns query resolution latency or tcp socket file descriptor leaks,Problem Solving
as a senior engineer how do you drive consensus on adopting strict test-driven development tdd when there is substantial resistance from legacy developers,Leadership
in an enterprise environment tell me about a time you championed a cultural change or diversity initiative within your engineering department,Leadership
from an architectural standpoint how do you profile and eliminate bundle bloat tree-shaking failures and excessive css in modern web applications,Role-Specific Skills
as a senior engineer how do you balance technical vision with day-to-day tactical execution as a team lead,Leadership
from your experience how do you identify whether a performance slowdown is caused by database connection pooling saturation or microservice circuit breaker tripping prematurely,Problem Solving
from your experience explain the principles of service mesh and when you would avoid it,Technical Knowledge
what are the key trade-offs between docker compose and kubernetes long-running deployments when working on end-to-end regression validation,Role-Specific Skills
from an architectural standpoint what is the time and space complexity of dijkstra s shortest path algorithm and how can it be optimized,Technical Knowledge
how do you explain why upgrading outdated runtime versions is critical for security to non-technical business executives,Communication
in your previous projects describe a time when you mentored a intern with minimal real-world experience who was struggling with writing thorough documentation and unit tests,Leadership
how does rate limiting work under the hood in modern distributed systems,Technical Knowledge
from your experience explain the cap theorem and how cqrs pattern chooses between consistency and availability,Technical Knowledge
as a senior engineer describe a challenging post-incident review where the root cause was traced back to cpu throttling by kubernetes cfs quota rather than underlying cloud network packet loss,Problem Solving
from your experience how do you handle situations where a the vp of product demands a delivery deadline you believe is unrealistic,Communication
hypothetically tell me about a time you had to deliver bad news regarding project delays to the vp of product,Communication
in an enterprise environment how do you communicate the long-term cost of technical debt to executive leadership who only want new features,Communication
how do you foster a psychological safety culture where developers feel safe admitting mistakes and proposing bold ideas,Leadership
can you explain how do you deliver constructive critical code review feedback without offending a legacy system maintainer,Communication
from an architectural standpoint describe a time when you had to convince a non-technical client sponsor to prioritize migrating legacy monolithic databases to microservices,Communication
could you walk me through how do you explain why upgrading outdated runtime versions is critical for security to customer support specialists,Communication
during a technical review what is the difference between synchronous and asynchronous processing in event-driven architecture,Technical Knowledge
hypothetically what is the difference between optimistic locking and graphql,Technical Knowledge
could you walk me through how do you deliver constructive critical code review feedback without offending a peer software engineer with strong opinions,Communication
hypothetically what is your approach to setting up distributed tracing with opentelemetry and jaeger across microservices,Role-Specific Skills
can you explain describe a time when you had to convince the enterprise customer success director to prioritize pausing new feature rollouts to fix critical security vulnerabilities,Communication
can you explain describe a time when you had to convince the chief operating officer to prioritize pausing new feature rollouts to fix critical security vulnerabilities,Communication
how do you ensure accessibility cross-browser compatibility and wcag compliance in enterprise dashboard portals,Role-Specific Skills
how would you design a system that handles 100 000 requests per second using rate limiting,Technical Knowledge
hypothetically how do you handle data consistency and isolation levels in cassandra,Technical Knowledge
as a senior engineer how do you identify whether a performance slowdown is caused by thread lock contention on shared resource caches or downstream third-party rate limits,Problem Solving
how do you handle a situation where two senior engineers on your team strongly disagree on enforcing 90 code coverage requirements on pull requests,Leadership
during a technical review in data engineering how do you implement contract testing between microservices with pact to ensure high performance,Role-Specific Skills
hypothetically tell me about a time you had to deliver difficult feedback about understanding distributed systems trade-offs while maintaining trust,Leadership
hypothetically walk me through how you would isolate an issue when memory consumption steadily climbs linearly until container restarts happens right after a major framework upgrade,Problem Solving
during a technical review tell me about a time you stepped up to resolve an organizational deadlock involving authorizing third-party cloud vendor lock-in,Leadership
explain the cap theorem and how circuit breaker pattern chooses between consistency and availability,Technical Knowledge
in cybersecurity engineering how do you implement idempotent elt data pipelines in snowflake to ensure high performance,Role-Specific Skills
can you explain describe a time when you had to convince the enterprise customer success director to prioritize a comprehensive architectural refactor,Communication
in your previous projects how do you design an idempotent api endpoint for user order placement checkout,Technical Knowledge
from your experience what are the best practices for implementing event-driven architecture in a high-scale service,Technical Knowledge
in an enterprise environment what methodology do you apply when decomposing a messy undocumented legacy system bug,Problem Solving
in an enterprise environment how do you explain why distributed consensus algorithms cannot guarantee zero latency to client account managers,Communication
in an enterprise environment tell me about a time you successfully onboarded multiple new engineers while maintaining ongoing sprint commitments,Leadership
how do you identify whether a performance slowdown is caused by dns query resolution latency or microservice circuit breaker tripping prematurely,Problem Solving
can you explain tell me about a time when you resolved a catastrophic database deadlock under peak traffic,Problem Solving
could you walk me through explain how cors policy enforcement protects against common vulnerabilities in modern web applications,Technical Knowledge
could you walk me through tell me about a time you had to deliver difficult feedback about confidence in contributing to architectural design reviews while maintaining trust,Leadership
could you walk me through how do you secure a cicd pipeline against supply chain attacks compromised packages and secret leakage,Role-Specific Skills
hypothetically tell me about a time you investigated a critical security breach or sql injection attempt how did you contain the blast radius,Problem Solving
from your experience what happens from a networking perspective when a tls 1 3 handshake is established occurs,Technical Knowledge
during a technical review how do you handle disagreements during an architectural design meeting when consensus cannot be reached,Communication
during a technical review tell me about an initiative you led from conception to delivery across multiple cross-functional teams,Leadership
in an enterprise environment tell me about a time you successfully persuaded a skeptical teammate to adopt a new testing methodology,Communication
describe a time when you mentored a career switcher unfamiliar with production pipelines who was struggling with writing thorough documentation and unit tests,Leadership
can you explain how do you design an idempotent api endpoint for credit card billing payments,Technical Knowledge
in an enterprise environment describe a time when you mentored a career switcher unfamiliar with production pipelines who was struggling with code quality and test design,Leadership
from an architectural standpoint tell me about a time you investigated a critical security breach or sql injection attempt how did you contain the blast radius,Problem Solving
describe how you design a resilient pipeline for continuous deployment with automatic rollback in modern cloud infrastructure,Role-Specific Skills
what strategies do you use for optimizing core web vitals lcp inp cls in devops cloud sre,Role-Specific Skills
during a technical review how do you handle situations where a a non-technical client sponsor demands a delivery deadline you believe is unrealistic,Communication
in an enterprise environment what are the key trade-offs between react server components and apache flink when working on frontend state synchronization,Role-Specific Skills
in your previous projects in frontend engineering how do you implement automated canary rollouts with argocd to ensure high performance,Role-Specific Skills
during a technical review how do you investigate intermittent latency regressions when underlying cloud network packet loss is suspected,Problem Solving
what is the difference between b-tree index and threads,Technical Knowledge
from an architectural standpoint how do you configure and optimize apache airflow dag schedulers for enterprise production workloads,Role-Specific Skills
hypothetically how do you approach troubleshooting an intermittent issue that triggers only after a service has been running continuously for several days,Problem Solving
can you explain describe how you present technical trade-offs to client account managers when choosing between a managed cloud proprietary service and purchasing an off-the-shelf third-party integration,Communication
how would you design a system that handles real-time analytics over petabytes of data using circuit breaker pattern,Technical Knowledge
what is the difference between optimistic locking and pessimistic locking,Technical Knowledge
during a technical review how do you identify whether a performance slowdown is caused by thread lock contention on shared resource caches or microservice circuit breaker tripping prematurely,Problem Solving
describe a scenario where you negotiated the scope of a feature release with an impatient product owner,Communication
in an enterprise environment tell me about a time when you diagnosed and fixed an unindexed query locking the primary production database in production,Problem Solving
what are the key trade-offs between aws lambda serverless and kubernetes pods when working on microservice communication,Role-Specific Skills
from your experience in frontend engineering how do you implement idempotent elt data pipelines in snowflake to ensure high performance,Role-Specific Skills
describe a time when you had to convince the enterprise customer success director to prioritize pausing new feature rollouts to fix critical security vulnerabilities,Communication
from an architectural standpoint how do you explain why upgrading outdated runtime versions is critical for security to client account managers,Communication
in your previous projects how do you keep team morale and velocity high during intense crunch periods or corporate restructuring,Leadership
in your previous projects describe a time when you had to convince the chief operating officer to prioritize pausing new feature rollouts to fix critical security vulnerabilities,Communication
could you walk me through how do you configure and optimize prometheus and grafana dashboards for enterprise production workloads,Role-Specific Skills
from your experience how do you handle a situation where two senior engineers on your team strongly disagree on choosing between go and rust for a new microservice,Leadership
in your previous projects how would you troubleshoot sudden memory exhaustion caused by a runaway recursive background job consuming all available cpu,Problem Solving
can you explain how do you handle a situation where two senior engineers on your team strongly disagree on decoupling legacy monolithic database schemas,Leadership
can you explain describe how you present technical trade-offs to non-technical business executives when choosing between faster time-to-market with accumulated tech debt and purchasing an off-the-shelf third-party integration,Communication
in an enterprise environment tell me about a time you stepped up to resolve an organizational deadlock involving choosing between go and rust for a new microservice,Leadership
how would you design a system that handles millions of concurrent websocket connections using cqrs pattern,Technical Knowledge
how do you identify whether a performance slowdown is caused by cpu throttling by kubernetes cfs quota or downstream third-party rate limits,Problem Solving
during a technical review how do you architect an apache spark streaming job to handle out-of-order event timestamps and late data arriving,Role-Specific Skills
from your experience how do you motivate a cross-functional squad to align on implementing observability and distributed tracing standards without causing delivery friction,Leadership
as a senior engineer describe a time when you mentored a mid-level engineer aiming for senior promotion who was struggling with handling ambiguous technical specifications,Leadership
could you walk me through how do you run effective 1-on-1 meetings that support the long-term career growth of your direct reports,Leadership
from an architectural standpoint how do you balance delegating important tasks to junior developers while maintaining high delivery quality,Leadership
from an architectural standpoint describe how you present technical trade-offs to customer support specialists when choosing between a managed cloud proprietary service and purchasing an off-the-shelf third-party integration,Communication
during a technical review how do you ensure accessibility cross-browser compatibility and wcag compliance in e-commerce checkout funnels,Role-Specific Skills
from an architectural standpoint describe a time when you had to convince a non-technical client sponsor to prioritize pausing new feature rollouts to fix critical security vulnerabilities,Communication
how would you troubleshoot sudden memory exhaustion caused by a runaway recursive background job consuming all available cpu,Problem Solving
in your previous projects describe a situation where executive management proposed an unreasonable technical mandate how did you push back,Leadership
from your experience tell me about an initiative you led from conception to delivery across multiple cross-functional teams,Leadership
what are the key trade-offs between cypress and kubernetes pods when working on real-time clickstream processing,Role-Specific Skills
during a technical review how do you profile and eliminate bundle bloat tree-shaking failures and excessive css in modern web applications,Role-Specific Skills
how would you design a system that handles real-time analytics over petabytes of data using message broker partitioning,Technical Knowledge
hypothetically tell me about a time you used profiling tools e g flamegraphs pprof visualvm to resolve a massive latency spike,Problem Solving
from an architectural standpoint tell me about a time you used profiling tools e g flamegraphs pprof visualvm to resolve a massive latency spike,Problem Solving
how do you ensure accessibility cross-browser compatibility and wcag compliance in mobile-responsive web applications,Role-Specific Skills
how do you communicate a critical production outage to the chief operating officer during active incident response,Communication
in an enterprise environment describe a time when you mentored a mid-level engineer aiming for senior promotion who was struggling with writing thorough documentation and unit tests,Leadership
could you walk me through how do you determine the root cause of network packet loss and tcp retransmission timeouts between microservices,Problem Solving
describe a challenging post-incident review where the root cause was traced back to cpu throttling by kubernetes cfs quota rather than microservice circuit breaker tripping prematurely,Problem Solving
as a senior engineer describe a situation where a third-party dependency failed unexpectedly in production how did you resolve the outage,Problem Solving
in an enterprise environment how do you configure and optimize apache airflow dag schedulers for enterprise production workloads,Role-Specific Skills
how do you identify whether a performance slowdown is caused by database connection pooling saturation or underlying cloud network packet loss,Problem Solving
could you walk me through describe a time when you mentored a intern with minimal real-world experience who was struggling with proactive communication during blockers,Leadership
what strategies do you use for hardening linux kernel parameters against ddos in qa automation,Role-Specific Skills
from an architectural standpoint how do you motivate a cross-functional squad to align on mandatory peer code reviews and static security scanning without causing delivery friction,Leadership
can you explain describe a time when you had to convince the vp of product to prioritize migrating legacy monolithic databases to microservices,Communication
can you explain how do you ensure accessibility cross-browser compatibility and wcag compliance in e-commerce checkout funnels,Role-Specific Skills
what strategies do you use for optimizing core web vitals lcp inp cls in cybersecurity engineering,Role-Specific Skills
from your experience describe a time when you had to convince the vp of product to prioritize a comprehensive architectural refactor,Communication
what are the key trade-offs between apache kafka and kubernetes pods when working on frontend state synchronization,Role-Specific Skills
describe a time when you had to convince an impatient product owner to prioritize allocating 30 of sprint capacity to test automation,Communication
as a senior engineer how do you drive consensus on adopting adopting asynchronous event-driven architectures when there is substantial resistance from legacy developers,Leadership
in an enterprise environment walk me through how you would isolate an issue when memory consumption steadily climbs linearly until container restarts happens right after a major framework upgrade,Problem Solving
could you walk me through tell me about a situation where an automated rollback failed and you had to resolve a sudden disk i o saturation freezing asynchronous write operations manually,Problem Solving
what are the key trade-offs between cypress and kubernetes long-running deployments when working on microservice communication,Role-Specific Skills
in your previous projects how would you troubleshoot sudden memory exhaustion caused by an unexpected thread deadlock freezing background queue workers,Problem Solving
during a technical review how do you debug an application that runs perfectly in local staging but fails intermittently in kubernetes production,Problem Solving
walk me through how you would isolate an issue when clients receive partial and corrupted payload responses happens right after a major framework upgrade,Problem Solving
in your previous projects how do you architect an apache spark streaming job to handle out-of-order event timestamps and late data arriving,Role-Specific Skills
hypothetically in qa automation how do you implement automated canary rollouts with argocd to ensure high performance,Role-Specific Skills
during a technical review what is the time and space complexity of dijkstra s shortest path algorithm and how can it be optimized,Technical Knowledge
tell me about a time you successfully persuaded a skeptical teammate to adopt a new testing methodology,Communication
hypothetically walk me through your step-by-step debugging process when kafka consumer lag continuously grows without consumer rebalancing occurs on a mission-critical service,Problem Solving
in an enterprise environment how do you explain the difference between latency and throughput bottlenecks to sales and marketing stakeholders,Communication
in an enterprise environment how would you design a system that handles millions of concurrent websocket connections using wal write-ahead log,Technical Knowledge
how do you explain the difference between latency and throughput bottlenecks to client account managers,Communication
what are the best practices for implementing read-write replicas in a high-scale service,Technical Knowledge
tell me about a time you had to deliver bad news regarding project delays to the vp of product,Communication
describe how you present technical trade-offs to sales and marketing stakeholders when choosing between faster time-to-market with accumulated tech debt and an open-source self-hosted cluster,Communication
describe how you present technical trade-offs to client account managers when choosing between building a customized in-house solution and purchasing an off-the-shelf third-party integration,Communication
hypothetically how do you handle situations where a the vp of product demands a delivery deadline you believe is unrealistic,Communication
what are the key trade-offs between aws lambda serverless and kubernetes pods when working on cloud container orchestration,Role-Specific Skills
during a technical review tell me about a situation where an automated rollback failed and you had to resolve an unexpected thread deadlock freezing background queue workers manually,Problem Solving
as a senior engineer describe a scenario where you negotiated the scope of a feature release with the enterprise customer success director,Communication
hypothetically describe how you supported a career switcher unfamiliar with production pipelines in transitioning to higher-impact architectural responsibilities,Leadership
could you walk me through how do you approach troubleshooting an intermittent issue that triggers only after a service has been running continuously for several days,Problem Solving
in your previous projects what is your approach to writing clear technical documentation rfcs and architectural decision records,Communication
could you walk me through how do you handle situations where a an impatient product owner demands a delivery deadline you believe is unrealistic,Communication
as a senior engineer in devops cloud sre how do you implement zero-trust identity-aware network segmentation to ensure high performance,Role-Specific Skills
in an enterprise environment describe a time when you had to convince an impatient product owner to prioritize migrating legacy monolithic databases to microservices,Communication
during a technical review how do you approach troubleshooting an intermittent issue that happens exclusively on mobile clients with unstable network connections,Problem Solving
could you walk me through tell me about a time you stepped up to resolve an organizational deadlock involving introducing graphql over restful api architecture,Leadership
can you explain how would you design a system that handles millions of concurrent websocket connections using distributed transactions 2pc,Technical Knowledge
could you walk me through how do you foster a psychological safety culture where developers feel safe admitting mistakes and proposing bold ideas,Leadership
what is the difference between optimistic locking and asymmetric encryption,Technical Knowledge
as a senior engineer tell me about a difficult conversation you had with a cross-functional product manager and how you reached mutual agreement,Communication
describe a scenario where you negotiated the scope of a feature release with a non-technical client sponsor,Communication
as a senior engineer describe a time when you had to convince an impatient product owner to prioritize allocating 30 of sprint capacity to test automation,Communication
could you walk me through what are the best practices for implementing rate limiting in a high-scale service,Technical Knowledge
what is the time and space complexity of binary search on a rotated sorted array and how can it be optimized,Technical Knowledge
can you explain tell me about a time when you diagnosed and fixed a runaway recursive background job consuming all available cpu in production,Problem Solving
from your experience walk me through your step-by-step debugging process when memory consumption steadily climbs linearly until container restarts occurs on a mission-critical service,Problem Solving
tell me about a time you had to deliver difficult feedback about understanding distributed systems trade-offs while maintaining trust,Leadership
what strategies do you use for hardening linux kernel parameters against ddos in cybersecurity engineering,Role-Specific Skills
hypothetically how do you triage and prioritize five simultaneous critical production alerts during an on-call shift,Problem Solving
in your previous projects how do you communicate a critical production outage to the enterprise customer success director during active incident response,Communication
in your previous projects what is the difference between kafka and http 3,Technical Knowledge
as a senior engineer tell me about a time you had to deliver bad news regarding project delays to the vp of product,Communication
from your experience how do you ensure accessibility cross-browser compatibility and wcag compliance in enterprise dashboard portals,Role-Specific Skills
could you walk me through how do you handle a situation where two senior engineers on your team strongly disagree on decoupling legacy monolithic database schemas,Leadership
how do indexes in postgresql improve query performance and what are the overhead costs,Technical Knowledge
as a senior engineer how do you resolve thread starvation and livelocks in multithreaded applications,Technical Knowledge
could you walk me through how do you explain why distributed consensus algorithms cannot guarantee zero latency to client account managers,Communication
as a senior engineer how do you explain why refactoring technical debt prevents system crashes to client account managers,Communication
in an enterprise environment describe how you supported a intern with minimal real-world experience in transitioning to higher-impact architectural responsibilities,Leadership
can you explain what strategies do you use for optimizing core web vitals lcp inp cls in frontend engineering,Role-Specific Skills
during a technical review in cybersecurity engineering how do you implement virtualized list rendering for 100k items to ensure high performance,Role-Specific Skills
during a technical review in qa automation how do you implement zero-trust identity-aware network segmentation to ensure high performance,Role-Specific Skills
in an enterprise environment what is the difference between synchronous and asynchronous processing in rate limiting,Technical Knowledge
as a senior engineer what are the key trade-offs between apache kafka and kubernetes long-running deployments when working on frontend state synchronization,Role-Specific Skills
how would you design a system that handles real-time analytics over petabytes of data using event-driven architecture,Technical Knowledge
in an enterprise environment tell me about a time when a critical project you were leading was failing how did you turn it around,Leadership
in your previous projects how would you design a system that handles low-latency financial transactions under 5ms using read-write replicas,Technical Knowledge
from an architectural standpoint describe a time when you had to convince the enterprise customer success director to prioritize a comprehensive architectural refactor,Communication
as a senior engineer how would you troubleshoot sudden memory exhaustion caused by a critical memory leak causing cascading oom kills,Problem Solving
from an architectural standpoint describe a time when you had to convince the enterprise customer success director to prioritize allocating 30 of sprint capacity to test automation,Communication
can you explain how do you write reliable maintainable end-to-end integration tests using selenium grid without creating flaky tests,Role-Specific Skills
from an architectural standpoint in cybersecurity engineering how do you implement virtualized list rendering for 100k items to ensure high performance,Role-Specific Skills
hypothetically how do indexes in cassandra improve query performance and what are the overhead costs,Technical Knowledge
in an enterprise environment what is the difference between synchronous and asynchronous processing in memory-mapped files,Technical Knowledge
during a technical review describe a scenario where you had to lead a project with ambiguous requirements and tight organizational deadlines,Leadership
how do you identify whether a performance slowdown is caused by cpu throttling by kubernetes cfs quota or underlying cloud network packet loss,Problem Solving
during a technical review describe how you manage terraform state files lock mechanisms and module hierarchies in multi-environment setups,Role-Specific Skills
how do you handle data consistency and isolation levels in elasticsearch,Technical Knowledge
describe a challenging post-incident review where the root cause was traced back to unbounded in-memory queue buffering rather than application thread lock contention,Problem Solving
how do you handle data consistency and isolation levels in cassandra,Technical Knowledge
from your experience explain how wal write-ahead log impacts latency throughput and fault tolerance,Technical Knowledge
what is the difference between b-tree index and rabbitmq,Technical Knowledge
could you walk me through what best practices do you follow for building reusable design system components in svelte,Role-Specific Skills
as a senior engineer what are the key trade-offs between react server components and client-side hydration when working on end-to-end regression validation,Role-Specific Skills
in an enterprise environment how do you ensure accessibility cross-browser compatibility and wcag compliance in e-commerce checkout funnels,Role-Specific Skills
during a technical review tell me about a difficult conversation you had with a cross-functional product manager and how you reached mutual agreement,Communication
hypothetically how do you resolve race conditions and deadlocks in multithreaded applications,Technical Knowledge
from your experience explain how connection pooling impacts latency throughput and fault tolerance,Technical Knowledge
could you walk me through tell me about a time you had to deliver difficult feedback about code quality and test design while maintaining trust,Leadership
as a senior engineer tell me about a time when you diagnosed and fixed an exponential spike in 504 gateway timeouts in production,Problem Solving
during a technical review how do you navigate team member promotions performance evaluations and compensation reviews fairly,Leadership
as a senior engineer tell me about a time when you diagnosed and fixed an unexpected thread deadlock freezing background queue workers in production,Problem Solving
in an enterprise environment how do you identify whether a performance slowdown is caused by cpu throttling by kubernetes cfs quota or unoptimized disk i o swapping,Problem Solving
from an architectural standpoint tell me about a time you had to deliver bad news regarding project delays to a non-technical client sponsor,Communication
in an enterprise environment how do you write reliable maintainable end-to-end integration tests using jest and react testing library without creating flaky tests,Role-Specific Skills
tell me about a difficult conversation you had with an external vendor technical contact and how you reached mutual agreement,Communication
from your experience how do you establish engineering standards code quality benchmarks and automated testing rigor across a team,Leadership
as a senior engineer what is the time and space complexity of quicksort vs mergesort and how can it be optimized,Technical Knowledge
hypothetically what is the difference between synchronous and asynchronous processing in distributed transactions 2pc,Technical Knowledge
can you explain how do you motivate a cross-functional squad to align on adopting asynchronous event-driven architectures without causing delivery friction,Leadership
during a technical review how do you foster a psychological safety culture where developers feel safe admitting mistakes and proposing bold ideas,Leadership
could you walk me through how do you communicate a critical production outage to the chief operating officer during active incident response,Communication
can you explain how do you motivate a cross-functional squad to align on moving to container orchestration and gitops without causing delivery friction,Leadership
from your experience tell me about a time you had to deliver difficult feedback about code quality and test design while maintaining trust,Leadership
can you explain how do you ensure accessibility cross-browser compatibility and wcag compliance in complex single-page applications,Role-Specific Skills
could you walk me through how do you drive consensus on adopting moving to container orchestration and gitops when there is substantial resistance from legacy developers,Leadership
during a technical review what are the key trade-offs between cypress and kubernetes long-running deployments when working on cloud container orchestration,Role-Specific Skills
in an enterprise environment what are the key trade-offs between aws lambda serverless and kubernetes pods when working on real-time clickstream processing,Role-Specific Skills
what are the key trade-offs between react server components and apache flink when working on frontend state synchronization,Role-Specific Skills
as a senior engineer describe a time when you mentored a career switcher unfamiliar with production pipelines who was struggling with time management and estimation accuracy,Leadership
what are the key trade-offs between cypress and client-side hydration when working on microservice communication,Role-Specific Skills
describe a time when you had to convince a non-technical client sponsor to prioritize a comprehensive architectural refactor,Communication
what is the difference between synchronous and asynchronous processing in connection pooling,Technical Knowledge
hypothetically what strategies do you use for partition pruning and shuffling optimization in cybersecurity engineering,Role-Specific Skills
in an enterprise environment what are the internal mechanics of goroutines vs os threads in rust,Technical Knowledge
how do indexes in dynamodb improve query performance and what are the overhead costs,Technical Knowledge
can you explain how do you approach troubleshooting an intermittent issue that fails unpredictably once every several thousand requests,Problem Solving
from an architectural standpoint describe a time when you mentored a newly hired backend developer adjusting to company codebase who was struggling with time management and estimation accuracy,Leadership
in an enterprise environment tell me about a situation where an automated rollback failed and you had to resolve a runaway recursive background job consuming all available cpu manually,Problem Solving
can you explain describe how you supported a junior software engineer in transitioning to higher-impact architectural responsibilities,Leadership
in your previous projects explain the principles of domain-driven design ddd and when you would avoid it,Technical Knowledge
from an architectural standpoint tell me about a time you had to deliver difficult feedback about time management and estimation accuracy while maintaining trust,Leadership
from your experience how do you investigate intermittent latency regressions when microservice circuit breaker tripping prematurely is suspected,Problem Solving
hypothetically how does garbage collection work in python and how can you minimize stop-the-world pauses,Technical Knowledge
from your experience explain how you manage state and avoid unnecessary re-renders in svelte applications,Role-Specific Skills
what is the difference between http 2 and udp,Technical Knowledge
what are the key trade-offs between apache kafka and kubernetes long-running deployments when working on cloud container orchestration,Role-Specific Skills
in an enterprise environment what is your approach to writing clear technical documentation rfcs and architectural decision records,Communication
hypothetically how do you manage database migrations safely with zero-downtime using tools like flyway or liquibase in devops cloud sre,Role-Specific Skills
as a senior engineer how do you deliver constructive critical code review feedback without offending a peer software engineer with strong opinions,Communication
can you explain the trade-offs of using database sharding in production,Technical Knowledge
from an architectural standpoint describe a time when you had to convince a non-technical client sponsor to prioritize allocating 30 of sprint capacity to test automation,Communication
during a technical review how do you design an idempotent api endpoint for user order placement checkout,Technical Knowledge
what is the difference between rest and rabbitmq,Technical Knowledge
from your experience what are the internal mechanics of goroutines vs os threads in rust,Technical Knowledge
from your experience how do you navigate team member promotions performance evaluations and compensation reviews fairly,Leadership
what are the internal mechanics of virtual method dispatch and vtables in c,Technical Knowledge
what are the internal mechanics of goroutines vs os threads in java,Technical Knowledge
how does distributed transactions 2pc work under the hood in modern distributed systems,Technical Knowledge
as a senior engineer describe an incident where a faulty deployment caused widespread 500 server errors what was your immediate mitigation,Problem Solving
in your previous projects in frontend engineering how do you implement contract testing between microservices with pact to ensure high performance,Role-Specific Skills
could you walk me through walk me through your step-by-step debugging process when the http request error rate spikes to 25 occurs on a mission-critical service,Problem Solving
as a senior engineer explain the cap theorem and how memory-mapped files chooses between consistency and availability,Technical Knowledge
what are the internal mechanics of memory allocation and heap management in java,Technical Knowledge
in an enterprise environment how do you handle situations where a a non-technical client sponsor demands a delivery deadline you believe is unrealistic,Communication
describe a time when you had to convince an impatient product owner to prioritize pausing new feature rollouts to fix critical security vulnerabilities,Communication
in an enterprise environment what is the difference between blue-green deployments and canary deployments in kubernetes,Role-Specific Skills
from an architectural standpoint in data engineering how do you implement virtualized list rendering for 100k items to ensure high performance,Role-Specific Skills
as a senior engineer how do you explain the difference between latency and throughput bottlenecks to client account managers,Communication
from an architectural standpoint how does garbage collection work in python and how can you minimize stop-the-world pauses,Technical Knowledge
could you walk me through describe how you present technical trade-offs to customer support specialists when choosing between a managed cloud proprietary service and an open-source self-hosted cluster,Communication
in an enterprise environment how do you motivate a cross-functional squad to align on strict test-driven development tdd without causing delivery friction,Leadership
hypothetically how do you explain the difference between latency and throughput bottlenecks to product managers without coding background,Communication
from an architectural standpoint explain the cap theorem and how memory-mapped files chooses between consistency and availability,Technical Knowledge
during a technical review how do you investigate intermittent latency regressions when downstream third-party rate limits is suspected,Problem Solving
what strategies do you use for mocking flaky third-party payment endpoints in qa automation,Role-Specific Skills
hypothetically walk me through how you would isolate an issue when worker nodes abruptly crash without emitting a stack trace happens right after a major framework upgrade,Problem Solving
hypothetically what are the key trade-offs between cypress and client-side hydration when working on frontend state synchronization,Role-Specific Skills
in your previous projects how do you balance technical vision with day-to-day tactical execution as a team lead,Leadership
in an enterprise environment describe how you design a resilient pipeline for automated test suite execution across parallel runners in modern cloud infrastructure,Role-Specific Skills
can you explain describe a time when you mentored a mid-level engineer aiming for senior promotion who was struggling with understanding distributed systems trade-offs,Leadership
describe how you supported a intern with minimal real-world experience in transitioning to higher-impact architectural responsibilities,Leadership
from an architectural standpoint tell me about a time you stepped up to resolve an organizational deadlock involving choosing between go and rust for a new microservice,Leadership
hypothetically how do you implement oauth2 authorization code flow with pkce in a single page application spa,Role-Specific Skills
can you explain tell me about a situation where an automated rollback failed and you had to resolve a silent queue backlog causing millions of dropped events manually,Problem Solving
during a technical review explain how you manage state and avoid unnecessary re-renders in svelte applications,Role-Specific Skills
can you explain describe a time when you had to convince the chief operating officer to prioritize allocating 30 of sprint capacity to test automation,Communication
during a technical review describe a time when you had to convince the enterprise customer success director to prioritize a comprehensive architectural refactor,Communication
hypothetically how does garbage collection work in c and how can you minimize stop-the-world pauses,Technical Knowledge
as a senior engineer how do you secure a cicd pipeline against supply chain attacks compromised packages and secret leakage,Role-Specific Skills
what are the key trade-offs between cypress and apache flink when working on frontend state synchronization,Role-Specific Skills
what strategies do you use for partition pruning and shuffling optimization in qa automation,Role-Specific Skills
what are the key trade-offs between docker compose and client-side hydration when working on microservice communication,Role-Specific Skills
how do you explain the difference between latency and throughput bottlenecks to non-technical business executives,Communication
could you walk me through in cybersecurity engineering how do you implement contract testing between microservices with pact to ensure high performance,Role-Specific Skills
from an architectural standpoint how do you explain why distributed consensus algorithms cannot guarantee zero latency to product managers without coding background,Communication
as a senior engineer how would you troubleshoot sudden memory exhaustion caused by an unindexed query locking the primary production database,Problem Solving
as a senior engineer how do you manage database migrations safely with zero-downtime using tools like flyway or liquibase in frontend engineering,Role-Specific Skills
during a technical review describe how you present technical trade-offs to non-technical business executives when choosing between building a customized in-house solution and a resilient scalable architecture with higher initial development cost,Communication
in an enterprise environment what are the key trade-offs between cypress and kubernetes long-running deployments when working on end-to-end regression validation,Role-Specific Skills
as a senior engineer what happens from a networking perspective when a tls 1 3 handshake is established occurs,Technical Knowledge
in your previous projects how do you identify whether a performance slowdown is caused by database connection pooling saturation or tcp socket file descriptor leaks,Problem Solving
in your previous projects how do you communicate a critical production outage to an impatient product owner during active incident response,Communication
in your previous projects walk me through your step-by-step debugging process when kafka consumer lag continuously grows without consumer rebalancing occurs on a mission-critical service,Problem Solving
describe how you present technical trade-offs to product managers without coding background when choosing between building a customized in-house solution and purchasing an off-the-shelf third-party integration,Communication
hypothetically describe a time when you had to convince the enterprise customer success director to prioritize pausing new feature rollouts to fix critical security vulnerabilities,Communication
in your previous projects how do you handle a situation where two senior engineers on your team strongly disagree on authorizing third-party cloud vendor lock-in,Leadership
can you explain how do you configure and optimize nextjs ssr caching layers for enterprise production workloads,Role-Specific Skills
in an enterprise environment how do you investigate intermittent latency regressions when application thread lock contention is suspected,Problem Solving
as a senior engineer explain how message broker partitioning impacts latency throughput and fault tolerance,Technical Knowledge
during a technical review how do you investigate intermittent latency regressions when unoptimized disk i o swapping is suspected,Problem Solving
from an architectural standpoint what is the time and space complexity of k-way merge on distributed streams and how can it be optimized,Technical Knowledge
from your experience how do you resolve race conditions and deadlocks in multithreaded applications,Technical Knowledge
hypothetically describe a complex technical problem where you had very limited log data and monitoring how did you isolate root cause,Problem Solving
from an architectural standpoint what are the internal mechanics of async await event loop scheduling in go,Technical Knowledge
hypothetically describe a time when you had to convince the chief operating officer to prioritize migrating legacy monolithic databases to microservices,Communication
can you explain how do you manage database migrations safely with zero-downtime using tools like flyway or liquibase in data engineering,Role-Specific Skills
can you explain how do you recognize and develop emerging leadership qualities in engineers on your team,Leadership
from an architectural standpoint describe a time when you had to convince the enterprise customer success director to prioritize pausing new feature rollouts to fix critical security vulnerabilities,Communication
from an architectural standpoint what is the difference between optimistic locking and asymmetric encryption,Technical Knowledge
how do you drive consensus on adopting adopting asynchronous event-driven architectures when there is substantial resistance from legacy developers,Leadership
hypothetically explain how you manage state and avoid unnecessary re-renders in angular applications,Role-Specific Skills
from an architectural standpoint in frontend engineering how do you implement contract testing between microservices with pact to ensure high performance,Role-Specific Skills
hypothetically how do you determine the root cause of network packet loss and tcp retransmission timeouts between microservices,Problem Solving
from an architectural standpoint tell me about a situation where an automated rollback failed and you had to resolve a critical memory leak causing cascading oom kills manually,Problem Solving
can you explain walk me through your step-by-step debugging process when clients receive partial and corrupted payload responses occurs on a mission-critical service,Problem Solving
could you walk me through tell me about a situation where an automated rollback failed and you had to resolve an avalanche of unhandled exceptions crashing microservice pods manually,Problem Solving
can you explain how do indexes in elasticsearch improve query performance and what are the overhead costs,Technical Knowledge
what are the key trade-offs between cypress and client-side hydration when working on real-time clickstream processing,Role-Specific Skills
describe how you present technical trade-offs to product managers without coding background when choosing between a managed cloud proprietary service and purchasing an off-the-shelf third-party integration,Communication
hypothetically how do you communicate a critical production outage to the vp of product during active incident response,Communication
what is the difference between processes and http 3,Technical Knowledge
what strategies do you use for partition pruning and shuffling optimization in frontend engineering,Role-Specific Skills
how would you design a system that handles millions of concurrent websocket connections using database sharding,Technical Knowledge
in your previous projects can you share an example of a time when your initial hypothesis about a severe bug turned out to be wrong,Problem Solving
from your experience walk me through your step-by-step debugging process when kafka consumer lag continuously grows without consumer rebalancing occurs on a mission-critical service,Problem Solving
what is the difference between synchronous and asynchronous processing in consistent hashing,Technical Knowledge
what are the key trade-offs between apache kafka and client-side hydration when working on frontend state synchronization,Role-Specific Skills
from your experience how do you ensure accessibility cross-browser compatibility and wcag compliance in e-commerce checkout funnels,Role-Specific Skills
hypothetically how do you write reliable maintainable end-to-end integration tests using playwright without creating flaky tests,Role-Specific Skills
in your previous projects describe how you present technical trade-offs to sales and marketing stakeholders when choosing between building a customized in-house solution and a resilient scalable architecture with higher initial development cost,Communication
could you walk me through how do you communicate a critical production outage to a non-technical client sponsor during active incident response,Communication
in an enterprise environment how do you drive consensus on adopting implementing observability and distributed tracing standards when there is substantial resistance from legacy developers,Leadership
hypothetically what are the key trade-offs between cypress and playwright when working on frontend state synchronization,Role-Specific Skills
tell me about a time you had to deliver difficult feedback about handling ambiguous technical specifications while maintaining trust,Leadership
can you explain how does in-memory guava cache handle cache invalidation cache stampede and eviction policies,Technical Knowledge
in your previous projects describe how you present technical trade-offs to product managers without coding background when choosing between a managed cloud proprietary service and purchasing an off-the-shelf third-party integration,Communication
from your experience can you explain the trade-offs of using circuit breaker pattern in production,Technical Knowledge
can you explain the trade-offs of using circuit breaker pattern in production,Technical Knowledge
in frontend engineering how do you implement automated canary rollouts with argocd to ensure high performance,Role-Specific Skills
how would you design a system that handles low-latency financial transactions under 5ms using memory-mapped files,Technical Knowledge
hypothetically what are the key trade-offs between apache kafka and playwright when working on real-time clickstream processing,Role-Specific Skills
during a technical review describe a challenging post-incident review where the root cause was traced back to cpu throttling by kubernetes cfs quota rather than microservice circuit breaker tripping prematurely,Problem Solving
what are the key trade-offs between aws lambda serverless and kubernetes pods when working on end-to-end regression validation,Role-Specific Skills
in an enterprise environment explain the principles of clean architecture and when you would avoid it,Technical Knowledge
during a technical review describe a complex technical problem where you had very limited log data and monitoring how did you isolate root cause,Problem Solving
during a technical review how do you explain database sharding and eventual consistency to sales and marketing stakeholders,Communication
in your previous projects how do you communicate a critical production outage to a non-technical client sponsor during active incident response,Communication
can you explain how do you troubleshoot high cpu utilization and thread starvation when memory metrics appear completely normal,Problem Solving
can you explain tell me about a time you noticed an engineer feeling burned out or disengaged what actions did you take,Leadership
could you walk me through describe a challenging post-incident review where the root cause was traced back to unbounded in-memory queue buffering rather than microservice circuit breaker tripping prematurely,Problem Solving
in your previous projects how do you explain the difference between latency and throughput bottlenecks to customer support specialists,Communication
from your experience tell me about a situation where an automated rollback failed and you had to resolve an unindexed query locking the primary production database manually,Problem Solving
from an architectural standpoint tell me about a difficult conversation you had with a legacy system maintainer and how you reached mutual agreement,Communication
during a technical review how do you communicate a critical production outage to an impatient product owner during active incident response,Communication
could you walk me through tell me about a time when you resolved a catastrophic database deadlock under peak traffic,Problem Solving
from your experience tell me about a time you had to deliver difficult feedback about time management and estimation accuracy while maintaining trust,Leadership
in an enterprise environment how would you troubleshoot sudden memory exhaustion caused by a runaway recursive background job consuming all available cpu,Problem Solving
in an enterprise environment how do you explain database sharding and eventual consistency to client account managers,Communication
as a senior engineer how would you design a system that handles 100 000 requests per second using memory-mapped files,Technical Knowledge
can you explain what strategies do you use for optimizing core web vitals lcp inp cls in data engineering,Role-Specific Skills
could you walk me through tell me about a difficult conversation you had with a strict qa lead and how you reached mutual agreement,Communication
from an architectural standpoint describe how you present technical trade-offs to product managers without coding background when choosing between building a customized in-house solution and a resilient scalable architecture with higher initial development cost,Communication
hypothetically tell me about a time you stepped up to resolve an organizational deadlock involving choosing between go and rust for a new microservice,Leadership
as a senior engineer how do you manage database migrations safely with zero-downtime using tools like flyway or liquibase in cybersecurity engineering,Role-Specific Skills
in an enterprise environment what strategies do you use for mocking flaky third-party payment endpoints in frontend engineering,Role-Specific Skills
as a senior engineer what is the time and space complexity of k-way merge on distributed streams and how can it be optimized,Technical Knowledge
from your experience walk me through how you would isolate an issue when worker nodes abruptly crash without emitting a stack trace happens right after a major framework upgrade,Problem Solving
in your previous projects in cybersecurity engineering how do you implement zero-trust identity-aware network segmentation to ensure high performance,Role-Specific Skills
in your previous projects how do you investigate intermittent latency regressions when microservice circuit breaker tripping prematurely is suspected,Problem Solving
how do you identify whether a performance slowdown is caused by cpu throttling by kubernetes cfs quota or microservice circuit breaker tripping prematurely,Problem Solving
in an enterprise environment describe a challenging post-incident review where the root cause was traced back to cpu throttling by kubernetes cfs quota rather than unoptimized disk i o swapping,Problem Solving
from your experience describe a time when you had to convince a non-technical client sponsor to prioritize pausing new feature rollouts to fix critical security vulnerabilities,Communication
in your previous projects how do you design a comprehensive regression testing matrix for a critical payment gateway service,Role-Specific Skills
during a technical review how do you diagnose memory leaks in long-running containerized microservices without restarting the cluster,Problem Solving
from your experience how do you determine the root cause of network packet loss and tcp retransmission timeouts between microservices,Problem Solving
how would you design a system that handles low-latency financial transactions under 5ms using rate limiting,Technical Knowledge
in your previous projects describe a time when you mentored a newly hired backend developer adjusting to company codebase who was struggling with time management and estimation accuracy,Leadership
could you walk me through walk me through how you solved a stubborn distributed race condition that only occurred once every thousand requests,Problem Solving
in an enterprise environment how do you explain database sharding and eventual consistency to product managers without coding background,Communication
how do you identify whether a performance slowdown is caused by cpu throttling by kubernetes cfs quota or application thread lock contention,Problem Solving
can you explain how do you identify whether a performance slowdown is caused by dns query resolution latency or downstream third-party rate limits,Problem Solving
during a technical review tell me about a time you stepped up to resolve an organizational deadlock involving migrating to microservices versus modular monolith,Leadership
from an architectural standpoint how do you deliver constructive critical code review feedback without offending an external vendor technical contact,Communication
can you explain describe a time when you mentored a intern with minimal real-world experience who was struggling with writing thorough documentation and unit tests,Leadership
could you walk me through describe how you supported a mid-level engineer aiming for senior promotion in transitioning to higher-impact architectural responsibilities,Leadership
as a senior engineer describe a time when you mentored a career switcher unfamiliar with production pipelines who was struggling with understanding distributed systems trade-offs,Leadership
during a technical review how do you identify whether a performance slowdown is caused by database connection pooling saturation or downstream third-party rate limits,Problem Solving
hypothetically describe how you prioritize technical debt against business feature roadmap requests at an organizational level,Leadership
in your previous projects how do you configure and optimize prometheus and grafana dashboards for enterprise production workloads,Role-Specific Skills
from your experience what is your approach to setting up distributed tracing with opentelemetry and jaeger across microservices,Role-Specific Skills
could you walk me through describe a situation where executive management proposed an unreasonable technical mandate how did you push back,Leadership
from an architectural standpoint how do you deliver constructive critical code review feedback without offending a legacy system maintainer,Communication
from your experience what strategies do you use for optimizing core web vitals lcp inp cls in qa automation,Role-Specific Skills
in an enterprise environment tell me about a time you had to deliver bad news regarding project delays to the vp of product,Communication
could you walk me through what is the difference between sql databases and http 3,Technical Knowledge
describe a time when you mentored a talented engineer struggling with imposter syndrome who was struggling with confidence in contributing to architectural design reviews,Leadership
from an architectural standpoint how do you motivate a cross-functional squad to align on implementing observability and distributed tracing standards without causing delivery friction,Leadership
hypothetically how do you architect an apache spark streaming job to handle out-of-order event timestamps and late data arriving,Role-Specific Skills
hypothetically how do you diagnose memory leaks in long-running containerized microservices without restarting the cluster,Problem Solving
from an architectural standpoint tell me about a time when a critical project you were leading was failing how did you turn it around,Leadership
can you explain tell me about a time you stepped up to resolve an organizational deadlock involving decoupling legacy monolithic database schemas,Leadership
what are the best practices for implementing memory-mapped files in a high-scale service,Technical Knowledge
from your experience describe how you present technical trade-offs to product managers without coding background when choosing between faster time-to-market with accumulated tech debt and a resilient scalable architecture with higher initial development cost,Communication
as a senior engineer what best practices do you follow for building reusable design system components in svelte,Role-Specific Skills
describe how you present technical trade-offs to client account managers when choosing between faster time-to-market with accumulated tech debt and an open-source self-hosted cluster,Communication
in your previous projects describe a time when you had to convince the chief operating officer to prioritize migrating legacy monolithic databases to microservices,Communication
from an architectural standpoint tell me about a situation where an automated rollback failed and you had to resolve a silent queue backlog causing millions of dropped events manually,Problem Solving
describe a time when you had to convince the vp of product to prioritize migrating legacy monolithic databases to microservices,Communication
during a technical review what strategies do you use for mocking flaky third-party payment endpoints in devops cloud sre,Role-Specific Skills
from your experience how do you drive consensus on adopting automated cicd trunk-based development when there is substantial resistance from legacy developers,Leadership
could you walk me through what methodology do you apply when decomposing a messy undocumented legacy system bug,Problem Solving
from an architectural standpoint explain how content security policies csp protects against common vulnerabilities in modern web applications,Technical Knowledge
as a senior engineer explain the principles of micro-frontends and when you would avoid it,Technical Knowledge
during a technical review what is your approach to setting up distributed tracing with opentelemetry and jaeger across microservices,Role-Specific Skills
can you explain how do you facilitate discussions between teams that have conflicting technical priorities or api requirements,Communication
from an architectural standpoint describe how you prioritize technical debt against business feature roadmap requests at an organizational level,Leadership
in your previous projects how do you implement oauth2 authorization code flow with pkce in a single page application spa,Role-Specific Skills
what is the difference between b-tree index and hash index,Technical Knowledge
hypothetically how do you establish engineering standards code quality benchmarks and automated testing rigor across a team,Leadership
how do you handle situations where a a non-technical client sponsor demands a delivery deadline you believe is unrealistic,Communication
from an architectural standpoint how do you ensure accessibility cross-browser compatibility and wcag compliance in e-commerce checkout funnels,Role-Specific Skills
could you walk me through can you explain the trade-offs of using wal write-ahead log in production,Technical Knowledge
how do you resolve shared memory mutation without mutexes in multithreaded applications,Technical Knowledge
from an architectural standpoint describe a situation where executive management proposed an unreasonable technical mandate how did you push back,Leadership
can you explain how do you motivate a cross-functional squad to align on mandatory peer code reviews and static security scanning without causing delivery friction,Leadership
can you explain what strategies do you use for active listening when a colleague expresses frustration with your proposal,Communication
from your experience how would you design a system that handles millions of concurrent websocket connections using wal write-ahead log,Technical Knowledge
in an enterprise environment in frontend engineering how do you implement idempotent elt data pipelines in snowflake to ensure high performance,Role-Specific Skills
hypothetically how do you configure and optimize apache airflow dag schedulers for enterprise production workloads,Role-Specific Skills
describe how you supported a junior software engineer in transitioning to higher-impact architectural responsibilities,Leadership
could you walk me through in devops cloud sre how do you implement zero-trust identity-aware network segmentation to ensure high performance,Role-Specific Skills
can you explain tell me about a difficult conversation you had with a peer software engineer with strong opinions and how you reached mutual agreement,Communication
describe a time when you had to convince the enterprise customer success director to prioritize a comprehensive architectural refactor,Communication
from an architectural standpoint how do you navigate team member promotions performance evaluations and compensation reviews fairly,Leadership
what are the key trade-offs between react server components and kubernetes long-running deployments when working on microservice communication,Role-Specific Skills
how do you explain database sharding and eventual consistency to product managers without coding background,Communication
could you walk me through how do you investigate intermittent latency regressions when underlying cloud network packet loss is suspected,Problem Solving
how do you configure and optimize hashicorp vault for secrets for enterprise production workloads,Role-Specific Skills
as a senior engineer describe a scenario where you negotiated the scope of a feature release with the chief operating officer,Communication
what are the best practices for implementing circuit breaker pattern in a high-scale service,Technical Knowledge
how do you drive consensus on adopting automated cicd trunk-based development when there is substantial resistance from legacy developers,Leadership
what are the key trade-offs between react server components and apache flink when working on real-time clickstream processing,Role-Specific Skills
from an architectural standpoint what is the difference between synchronous and asynchronous processing in message broker partitioning,Technical Knowledge
as a senior engineer explain how you design a data lakehouse architecture using delta lake or apache iceberg,Role-Specific Skills
from your experience what best practices do you follow for building reusable design system components in svelte,Role-Specific Skills
what are the key trade-offs between apache kafka and kubernetes long-running deployments when working on microservice communication,Role-Specific Skills
how do you explain why refactoring technical debt prevents system crashes to client account managers,Communication
from an architectural standpoint in devops cloud sre how do you implement contract testing between microservices with pact to ensure high performance,Role-Specific Skills
tell me about a time you used profiling tools e g flamegraphs pprof visualvm to resolve a massive latency spike,Problem Solving
how would you design a system that handles millions of concurrent websocket connections using read-write replicas,Technical Knowledge
in an enterprise environment describe how you supported a mid-level engineer aiming for senior promotion in transitioning to higher-impact architectural responsibilities,Leadership
in your previous projects what are the key trade-offs between cypress and playwright when working on end-to-end regression validation,Role-Specific Skills
in devops cloud sre how do you implement zero-trust identity-aware network segmentation to ensure high performance,Role-Specific Skills
from your experience describe a time when you mentored a junior software engineer who was struggling with code quality and test design,Leadership
during a technical review describe a situation where a third-party dependency failed unexpectedly in production how did you resolve the outage,Problem Solving
can you explain describe how you supported a intern with minimal real-world experience in transitioning to higher-impact architectural responsibilities,Leadership
in your previous projects how do you handle a situation where two senior engineers on your team strongly disagree on enforcing strict functional programming paradigms,Leadership
from an architectural standpoint walk me through how you would isolate an issue when the http request error rate spikes to 25 happens right after a major framework upgrade,Problem Solving
in your previous projects how do you explain why refactoring technical debt prevents system crashes to client account managers,Communication
what is the difference between synchronous and asynchronous processing in wal write-ahead log,Technical Knowledge
hypothetically how would you troubleshoot sudden memory exhaustion caused by an unindexed query locking the primary production database,Problem Solving
could you walk me through what strategies do you use for hardening linux kernel parameters against ddos in qa automation,Role-Specific Skills
could you walk me through how do you motivate a cross-functional squad to align on strict test-driven development tdd without causing delivery friction,Leadership
from an architectural standpoint what strategies do you use for active listening when a colleague expresses frustration with your proposal,Communication
as a senior engineer describe how you present technical trade-offs to customer support specialists when choosing between a managed cloud proprietary service and a resilient scalable architecture with higher initial development cost,Communication
hypothetically describe how you supported a mid-level engineer aiming for senior promotion in transitioning to higher-impact architectural responsibilities,Leadership
in data engineering how do you implement automated canary rollouts with argocd to ensure high performance,Role-Specific Skills
could you walk me through walk me through how you would isolate an issue when database replication lag surges past 30 minutes happens right after a major framework upgrade,Problem Solving
in your previous projects how do you troubleshoot high cpu utilization and thread starvation when memory metrics appear completely normal,Problem Solving
hypothetically describe a time when you mentored a career switcher unfamiliar with production pipelines who was struggling with code quality and test design,Leadership
how do you identify whether a performance slowdown is caused by thread lock contention on shared resource caches or downstream third-party rate limits,Problem Solving
can you explain tell me about a time you had to deliver bad news regarding project delays to the enterprise customer success director,Communication
in an enterprise environment describe the configuration of kubernetes horizontal pod autoscalers hpa based on custom prometheus metrics,Role-Specific Skills
during a technical review describe how you supported a career switcher unfamiliar with production pipelines in transitioning to higher-impact architectural responsibilities,Leadership
can you explain how do you determine the root cause of network packet loss and tcp retransmission timeouts between microservices,Problem Solving
hypothetically tell me about a time you had to deliver difficult feedback about confidence in contributing to architectural design reviews while maintaining trust,Leadership
during a technical review what are the internal mechanics of gil global interpreter lock in rust,Technical Knowledge
in an enterprise environment how would you troubleshoot sudden memory exhaustion caused by a sudden disk i o saturation freezing asynchronous write operations,Problem Solving
how do you drive consensus on adopting mandatory peer code reviews and static security scanning when there is substantial resistance from legacy developers,Leadership
describe a time when you had to convince the vp of product to prioritize pausing new feature rollouts to fix critical security vulnerabilities,Communication
hypothetically describe a time when you mentored a junior software engineer who was struggling with time management and estimation accuracy,Leadership
as a senior engineer how do you handle a situation where two senior engineers on your team strongly disagree on introducing graphql over restful api architecture,Leadership
in an enterprise environment what are the best practices for implementing read-write replicas in a high-scale service,Technical Knowledge
during a technical review how would you troubleshoot sudden memory exhaustion caused by an exponential spike in 504 gateway timeouts,Problem Solving
explain the cap theorem and how event-driven architecture chooses between consistency and availability,Technical Knowledge
from your experience describe a time when you mentored a junior software engineer who was struggling with handling ambiguous technical specifications,Leadership
hypothetically how do you motivate a cross-functional squad to align on mandatory peer code reviews and static security scanning without causing delivery friction,Leadership
as a senior engineer how do you approach troubleshooting an intermittent issue that triggers only after a service has been running continuously for several days,Problem Solving
can you explain how do you explain the difference between latency and throughput bottlenecks to client account managers,Communication
from your experience how do you approach troubleshooting an intermittent issue that occurs only during automated batch database backups,Problem Solving
from your experience tell me about a situation where an automated rollback failed and you had to resolve a connection pool exhaustion during a flash sale manually,Problem Solving
from your experience in devops cloud sre how do you implement automated canary rollouts with argocd to ensure high performance,Role-Specific Skills
can you explain how do you approach troubleshooting an intermittent issue that disappears immediately whenever verbose debug logging is enabled,Problem Solving
in an enterprise environment in devops cloud sre how do you implement contract testing between microservices with pact to ensure high performance,Role-Specific Skills
tell me about a time when you diagnosed and fixed an avalanche of unhandled exceptions crashing microservice pods in production,Problem Solving
as a senior engineer what are the key trade-offs between cypress and kubernetes pods when working on microservice communication,Role-Specific Skills
as a senior engineer how do you deliver constructive critical code review feedback without offending a strict qa lead,Communication
in your previous projects describe how you supported a mid-level engineer aiming for senior promotion in transitioning to higher-impact architectural responsibilities,Leadership
during a technical review how do you approach troubleshooting an intermittent issue that fails unpredictably once every several thousand requests,Problem Solving
from your experience tell me about a time you had to deliver bad news regarding project delays to the chief operating officer,Communication
during a technical review what are the internal mechanics of gil global interpreter lock in c,Technical Knowledge
explain the cap theorem and how database sharding chooses between consistency and availability,Technical Knowledge
explain the cap theorem and how cqrs pattern chooses between consistency and availability,Technical Knowledge
during a technical review describe how you supported a mid-level engineer aiming for senior promotion in transitioning to higher-impact architectural responsibilities,Leadership
hypothetically explain how you manage state and avoid unnecessary re-renders in vue 3 applications,Role-Specific Skills
can you explain how do you drive consensus on adopting adopting asynchronous event-driven architectures when there is substantial resistance from legacy developers,Leadership
from your experience can you explain the trade-offs of using consistent hashing in production,Technical Knowledge
as a senior engineer describe how you present technical trade-offs to non-technical business executives when choosing between faster time-to-market with accumulated tech debt and an open-source self-hosted cluster,Communication
from an architectural standpoint how do you facilitate discussions between teams that have conflicting technical priorities or api requirements,Communication
in your previous projects how do you determine the root cause of network packet loss and tcp retransmission timeouts between microservices,Problem Solving
describe a time when you mentored a junior software engineer who was struggling with proactive communication during blockers,Leadership
what is the time and space complexity of topological sort for dag dependencies and how can it be optimized,Technical Knowledge
in an enterprise environment how do you establish engineering standards code quality benchmarks and automated testing rigor across a team,Leadership
could you walk me through how do you debug an application that runs perfectly in local staging but fails intermittently in kubernetes production,Problem Solving
in an enterprise environment how do you handle a situation where two senior engineers on your team strongly disagree on authorizing third-party cloud vendor lock-in,Leadership
how do you communicate a critical production outage to the enterprise customer success director during active incident response,Communication
in an enterprise environment in qa automation how do you implement virtualized list rendering for 100k items to ensure high performance,Role-Specific Skills
as a senior engineer describe a time when you had to convince the enterprise customer success director to prioritize pausing new feature rollouts to fix critical security vulnerabilities,Communication
in an enterprise environment tell me about a time you had to deliver difficult feedback about time management and estimation accuracy while maintaining trust,Leadership
describe a time when you had to convince the enterprise customer success director to prioritize migrating legacy monolithic databases to microservices,Communication
in your previous projects what are the internal mechanics of goroutines vs os threads in python,Technical Knowledge
could you walk me through walk me through how you would isolate an issue when worker nodes abruptly crash without emitting a stack trace happens right after a major framework upgrade,Problem Solving
can you explain how do you handle situations where a the vp of product demands a delivery deadline you believe is unrealistic,Communication
can you explain how do you implement oauth2 authorization code flow with pkce in a single page application spa,Role-Specific Skills
in an enterprise environment can you explain the difference between stateful services and eventual consistency in software engineering,Technical Knowledge
hypothetically walk me through your step-by-step debugging process when clients receive partial and corrupted payload responses occurs on a mission-critical service,Problem Solving
as a senior engineer walk me through how you would isolate an issue when the http request error rate spikes to 25 happens right after a major framework upgrade,Problem Solving
in an enterprise environment tell me about a situation where an automated rollback failed and you had to resolve a critical memory leak causing cascading oom kills manually,Problem Solving
from your experience describe how you present technical trade-offs to sales and marketing stakeholders when choosing between faster time-to-market with accumulated tech debt and purchasing an off-the-shelf third-party integration,Communication
could you walk me through how do you profile and eliminate bundle bloat tree-shaking failures and excessive css in modern web applications,Role-Specific Skills
from an architectural standpoint what are the key trade-offs between react server components and kubernetes long-running deployments when working on end-to-end regression validation,Role-Specific Skills
from your experience describe a time when you mentored a career switcher unfamiliar with production pipelines who was struggling with writing thorough documentation and unit tests,Leadership
what are the key trade-offs between aws lambda serverless and playwright when working on real-time clickstream processing,Role-Specific Skills
can you explain tell me about a time you had to deliver difficult feedback about handling ambiguous technical specifications while maintaining trust,Leadership
during a technical review describe how you supported a junior software engineer in transitioning to higher-impact architectural responsibilities,Leadership
in your previous projects tell me about a time you successfully persuaded a skeptical teammate to adopt a new testing methodology,Communication
from your experience how do you identify whether a performance slowdown is caused by thread lock contention on shared resource caches or tcp socket file descriptor leaks,Problem Solving
from an architectural standpoint how do you handle a situation where two senior engineers on your team strongly disagree on choosing between go and rust for a new microservice,Leadership
hypothetically how do you balance technical vision with day-to-day tactical execution as a team lead,Leadership
describe a challenging post-incident review where the root cause was traced back to cpu throttling by kubernetes cfs quota rather than downstream third-party rate limits,Problem Solving
can you explain how do you communicate a critical production outage to the vp of product during active incident response,Communication
during a technical review how do you balance delegating important tasks to junior developers while maintaining high delivery quality,Leadership
in your previous projects describe a time when you had to convince a non-technical client sponsor to prioritize pausing new feature rollouts to fix critical security vulnerabilities,Communication
from your experience what is the difference between symmetric encryption and http 3,Technical Knowledge
as a senior engineer explain how jwt token signing and refresh rotation protects against common vulnerabilities in modern web applications,Technical Knowledge
during a technical review how do you motivate a cross-functional squad to align on implementing observability and distributed tracing standards without causing delivery friction,Leadership
tell me about a situation where an automated rollback failed and you had to resolve a critical memory leak causing cascading oom kills manually,Problem Solving
how do you handle situations where a the enterprise customer success director demands a delivery deadline you believe is unrealistic,Communication
could you walk me through how do you ensure accessibility cross-browser compatibility and wcag compliance in enterprise dashboard portals,Role-Specific Skills
in an enterprise environment how do you identify whether a performance slowdown is caused by dns query resolution latency or microservice circuit breaker tripping prematurely,Problem Solving
can you explain describe a time when you had to convince an impatient product owner to prioritize allocating 30 of sprint capacity to test automation,Communication
as a senior engineer tell me about a time you stepped up to resolve an organizational deadlock involving enforcing 90 code coverage requirements on pull requests,Leadership
in an enterprise environment what happens from a networking perspective when a tls 1 3 handshake is established occurs,Technical Knowledge
in your previous projects how do you handle situations where a an impatient product owner demands a delivery deadline you believe is unrealistic,Communication
explain how memory-mapped files impacts latency throughput and fault tolerance,Technical Knowledge
from an architectural standpoint how do indexes in dynamodb improve query performance and what are the overhead costs,Technical Knowledge
how do you write reliable maintainable end-to-end integration tests using playwright without creating flaky tests,Role-Specific Skills
hypothetically how do you identify whether a performance slowdown is caused by thread lock contention on shared resource caches or underlying cloud network packet loss,Problem Solving
tell me about a situation where an automated rollback failed and you had to resolve an avalanche of unhandled exceptions crashing microservice pods manually,Problem Solving
from your experience tell me about a time you used profiling tools e g flamegraphs pprof visualvm to resolve a massive latency spike,Problem Solving
as a senior engineer how do you architect an apache spark streaming job to handle out-of-order event timestamps and late data arriving,Role-Specific Skills
could you walk me through how do you handle disagreements during an architectural design meeting when consensus cannot be reached,Communication
describe a challenging post-incident review where the root cause was traced back to garbage collection pause times rather than tcp socket file descriptor leaks,Problem Solving
during a technical review describe a time when you had to make a high-stakes engineering trade-off under intense time pressure,Problem Solving
how does garbage collection work in java and how can you minimize stop-the-world pauses,Technical Knowledge
from your experience how do you articulate complex system constraints during cross-functional sprint planning sessions,Communication
what is the difference between b-tree index and microservices,Technical Knowledge
could you walk me through describe a time when you mentored a mid-level engineer aiming for senior promotion who was struggling with confidence in contributing to architectural design reviews,Leadership
could you walk me through tell me about a time you stepped up to resolve an organizational deadlock involving decoupling legacy monolithic database schemas,Leadership
during a technical review describe a challenging post-incident review where the root cause was traced back to garbage collection pause times rather than tcp socket file descriptor leaks,Problem Solving
describe a challenging post-incident review where the root cause was traced back to database connection pooling saturation rather than microservice circuit breaker tripping prematurely,Problem Solving
as a senior engineer how do you balance delegating important tasks to junior developers while maintaining high delivery quality,Leadership
from your experience what strategies do you use for optimizing core web vitals lcp inp cls in cybersecurity engineering,Role-Specific Skills
what are the internal mechanics of goroutines vs os threads in rust,Technical Knowledge
what are the key trade-offs between react server components and apache flink when working on cloud container orchestration,Role-Specific Skills
can you explain in frontend engineering how do you implement zero-trust identity-aware network segmentation to ensure high performance,Role-Specific Skills
during a technical review how do you motivate a cross-functional squad to align on automated cicd trunk-based development without causing delivery friction,Leadership
in an enterprise environment how do you communicate a critical production outage to a non-technical client sponsor during active incident response,Communication
what strategies do you use for hardening linux kernel parameters against ddos in data engineering,Role-Specific Skills
how do you balance technical vision with day-to-day tactical execution as a team lead,Leadership
can you explain how do you identify whether a performance slowdown is caused by database connection pooling saturation or underlying cloud network packet loss,Problem Solving
tell me about a time you investigated a critical security breach or sql injection attempt how did you contain the blast radius,Problem Solving
from an architectural standpoint walk me through how you would isolate an issue when worker nodes abruptly crash without emitting a stack trace happens right after a major framework upgrade,Problem Solving
could you walk me through describe a time when you mentored a talented engineer struggling with imposter syndrome who was struggling with time management and estimation accuracy,Leadership
from an architectural standpoint how do you identify whether a performance slowdown is caused by cpu throttling by kubernetes cfs quota or unoptimized disk i o swapping,Problem Solving
could you walk me through explain the cap theorem and how connection pooling chooses between consistency and availability,Technical Knowledge
explain the cap theorem and how memory-mapped files chooses between consistency and availability,Technical Knowledge
as a senior engineer how do you configure and optimize prometheus and grafana dashboards for enterprise production workloads,Role-Specific Skills
can you explain how do you design an idempotent api endpoint for user order placement checkout,Technical Knowledge
in an enterprise environment how do you tailor your communication style when speaking with junior engineers versus c-level executives,Communication
from an architectural standpoint explain the principles of service mesh and when you would avoid it,Technical Knowledge
as a senior engineer what happens from a networking perspective when a dns recursive resolution query is executed occurs,Technical Knowledge
in your previous projects explain how you design a data lakehouse architecture using delta lake or apache iceberg,Role-Specific Skills
from your experience tell me about a situation where an automated rollback failed and you had to resolve a silent queue backlog causing millions of dropped events manually,Problem Solving
can you explain how do you deliver constructive critical code review feedback without offending a peer software engineer with strong opinions,Communication
as a senior engineer tell me about a difficult conversation you had with a legacy system maintainer and how you reached mutual agreement,Communication
hypothetically what is the time and space complexity of binary search on a rotated sorted array and how can it be optimized,Technical Knowledge
can you explain tell me about a time when you diagnosed and fixed an unexpected thread deadlock freezing background queue workers in production,Problem Solving
describe an incident where a faulty deployment caused widespread 500 server errors what was your immediate mitigation,Problem Solving
from an architectural standpoint what is the difference between symmetric encryption and hash index,Technical Knowledge
describe a challenging post-incident review where the root cause was traced back to garbage collection pause times rather than application thread lock contention,Problem Solving
in your previous projects walk me through your step-by-step debugging process when the http request error rate spikes to 25 occurs on a mission-critical service,Problem Solving
during a technical review in devops cloud sre how do you implement automated canary rollouts with argocd to ensure high performance,Role-Specific Skills
hypothetically how do you run effective 1-on-1 meetings that support the long-term career growth of your direct reports,Leadership
from an architectural standpoint describe how you supported a junior software engineer in transitioning to higher-impact architectural responsibilities,Leadership
describe how you present technical trade-offs to sales and marketing stakeholders when choosing between building a customized in-house solution and an open-source self-hosted cluster,Communication
in your previous projects tell me about a time you used profiling tools e g flamegraphs pprof visualvm to resolve a massive latency spike,Problem Solving
how do you approach troubleshooting an intermittent issue that fails unpredictably once every several thousand requests,Problem Solving
in your previous projects how do you identify whether a performance slowdown is caused by cpu throttling by kubernetes cfs quota or underlying cloud network packet loss,Problem Solving
could you walk me through in frontend engineering how do you implement zero-trust identity-aware network segmentation to ensure high performance,Role-Specific Skills
from your experience how do you approach troubleshooting an intermittent issue that happens exclusively on mobile clients with unstable network connections,Problem Solving
during a technical review what are the key trade-offs between docker compose and kubernetes pods when working on frontend state synchronization,Role-Specific Skills
can you explain how do you investigate intermittent latency regressions when underlying cloud network packet loss is suspected,Problem Solving
could you walk me through how do you keep team morale and velocity high during intense crunch periods or corporate restructuring,Leadership
can you explain the difference between object-oriented programming and imperative programming in software engineering,Technical Knowledge
what is the difference between symmetric encryption and rabbitmq,Technical Knowledge
describe a time when you had to convince an impatient product owner to prioritize migrating legacy monolithic databases to microservices,Communication
hypothetically can you explain the trade-offs of using rate limiting in production,Technical Knowledge
in your previous projects tell me about a situation where an automated rollback failed and you had to resolve a runaway recursive background job consuming all available cpu manually,Problem Solving
in an enterprise environment what is the difference between tcp and http 3,Technical Knowledge
from an architectural standpoint in devops cloud sre how do you implement zero-trust identity-aware network segmentation to ensure high performance,Role-Specific Skills
could you walk me through tell me about a situation where an automated rollback failed and you had to resolve a silent queue backlog causing millions of dropped events manually,Problem Solving
could you walk me through how do you implement oauth2 authorization code flow with pkce in a single page application spa,Role-Specific Skills
hypothetically how do you configure and optimize prometheus and grafana dashboards for enterprise production workloads,Role-Specific Skills
can you explain describe a situation where a third-party dependency failed unexpectedly in production how did you resolve the outage,Problem Solving
hypothetically explain the principles of hexagonal architecture and when you would avoid it,Technical Knowledge
from your experience how do you handle data consistency and isolation levels in cassandra,Technical Knowledge
hypothetically describe a challenging post-incident review where the root cause was traced back to unbounded in-memory queue buffering rather than tcp socket file descriptor leaks,Problem Solving
from an architectural standpoint how do you explain why distributed consensus algorithms cannot guarantee zero latency to client account managers,Communication
in your previous projects describe a scenario where you negotiated the scope of a feature release with the vp of product,Communication
how would you design a system that handles real-time analytics over petabytes of data using distributed transactions 2pc,Technical Knowledge
during a technical review how do you troubleshoot high cpu utilization and thread starvation when memory metrics appear completely normal,Problem Solving
from an architectural standpoint in devops cloud sre how do you implement automated canary rollouts with argocd to ensure high performance,Role-Specific Skills
could you walk me through tell me about a time you investigated a critical security breach or sql injection attempt how did you contain the blast radius,Problem Solving
from your experience describe a time when you mentored a intern with minimal real-world experience who was struggling with time management and estimation accuracy,Leadership
as a senior engineer in qa automation how do you implement automated canary rollouts with argocd to ensure high performance,Role-Specific Skills
hypothetically tell me about a time you stepped up to resolve an organizational deadlock involving migrating to microservices versus modular monolith,Leadership
in your previous projects describe a scenario where you negotiated the scope of a feature release with the chief operating officer,Communication
in your previous projects describe how you present technical trade-offs to product managers without coding background when choosing between building a customized in-house solution and purchasing an off-the-shelf third-party integration,Communication
hypothetically how do you communicate a critical production outage to a non-technical client sponsor during active incident response,Communication
what are the key trade-offs between apache kafka and kubernetes pods when working on end-to-end regression validation,Role-Specific Skills
from your experience explain how oauth2 with pkce protects against common vulnerabilities in modern web applications,Technical Knowledge
during a technical review tell me about a time you stepped up to resolve an organizational deadlock involving introducing graphql over restful api architecture,Leadership
what are the internal mechanics of gil global interpreter lock in c,Technical Knowledge
what are the key trade-offs between react server components and kubernetes long-running deployments when working on frontend state synchronization,Role-Specific Skills
as a senior engineer can you share an experience where miscommunication led to a bug or delay and how you corrected it,Communication
how do you approach troubleshooting an intermittent issue that disappears immediately whenever verbose debug logging is enabled,Problem Solving
how do you explain why distributed consensus algorithms cannot guarantee zero latency to customer support specialists,Communication
what is the difference between monolithic architecture and http 3,Technical Knowledge
in an enterprise environment can you share an example of a time when your initial hypothesis about a severe bug turned out to be wrong,Problem Solving
as a senior engineer tell me about a time you stepped up to resolve an organizational deadlock involving introducing graphql over restful api architecture,Leadership
from an architectural standpoint describe a time when you mentored a mid-level engineer aiming for senior promotion who was struggling with handling ambiguous technical specifications,Leadership
what strategies do you use for mocking flaky third-party payment endpoints in devops cloud sre,Role-Specific Skills
what are the key trade-offs between cypress and playwright when working on end-to-end regression validation,Role-Specific Skills
in your previous projects in qa automation how do you implement idempotent elt data pipelines in snowflake to ensure high performance,Role-Specific Skills
from your experience tell me about a time when you diagnosed and fixed an avalanche of unhandled exceptions crashing microservice pods in production,Problem Solving
from an architectural standpoint describe a time when you had to manage an underperforming team member how did you handle the situation empathetically,Leadership
in your previous projects how do you approach troubleshooting an intermittent issue that triggers only after a service has been running continuously for several days,Problem Solving
hypothetically tell me about a situation where an automated rollback failed and you had to resolve a connection pool exhaustion during a flash sale manually,Problem Solving
from your experience in data engineering how do you implement virtualized list rendering for 100k items to ensure high performance,Role-Specific Skills
as a senior engineer tell me about a time you had to deliver difficult feedback about time management and estimation accuracy while maintaining trust,Leadership
from your experience describe a challenging post-incident review where the root cause was traced back to unbounded in-memory queue buffering rather than downstream third-party rate limits,Problem Solving
from your experience describe a situation where a third-party dependency failed unexpectedly in production how did you resolve the outage,Problem Solving
in your previous projects how would you troubleshoot sudden memory exhaustion caused by a connection pool exhaustion during a flash sale,Problem Solving
from an architectural standpoint how do you run effective 1-on-1 meetings that support the long-term career growth of your direct reports,Leadership
tell me about a difficult conversation you had with a legacy system maintainer and how you reached mutual agreement,Communication
as a senior engineer describe a time when you had to convince the vp of product to prioritize allocating 30 of sprint capacity to test automation,Communication
from an architectural standpoint describe a time when you had to convince the chief operating officer to prioritize allocating 30 of sprint capacity to test automation,Communication
could you walk me through how do you configure and optimize kubernetes ingress controllers for enterprise production workloads,Role-Specific Skills
hypothetically describe a time when you mentored a junior software engineer who was struggling with confidence in contributing to architectural design reviews,Leadership
hypothetically describe the configuration of kubernetes horizontal pod autoscalers hpa based on custom prometheus metrics,Role-Specific Skills
could you walk me through how do you recognize and develop emerging leadership qualities in engineers on your team,Leadership
how does read-write replicas work under the hood in modern distributed systems,Technical Knowledge
could you walk me through how would you troubleshoot sudden memory exhaustion caused by a silent queue backlog causing millions of dropped events,Problem Solving
could you walk me through describe a time when you had to convince an impatient product owner to prioritize migrating legacy monolithic databases to microservices,Communication
as a senior engineer in data engineering how do you implement zero-trust identity-aware network segmentation to ensure high performance,Role-Specific Skills
in your previous projects how do you deliver constructive critical code review feedback without offending a cross-functional product manager,Communication
in an enterprise environment walk me through your step-by-step debugging process when the api response time degrades from 50ms to 12 seconds occurs on a mission-critical service,Problem Solving
how do you identify whether a performance slowdown is caused by dns query resolution latency or application thread lock contention,Problem Solving
during a technical review walk me through how you would isolate an issue when kafka consumer lag continuously grows without consumer rebalancing happens right after a major framework upgrade,Problem Solving
in your previous projects describe a time when you mentored a talented engineer struggling with imposter syndrome who was struggling with confidence in contributing to architectural design reviews,Leadership
could you walk me through describe a time when you had to convince the enterprise customer success director to prioritize pausing new feature rollouts to fix critical security vulnerabilities,Communication
in your previous projects describe how you present technical trade-offs to customer support specialists when choosing between building a customized in-house solution and an open-source self-hosted cluster,Communication
as a senior engineer can you explain the difference between declarative programming and imperative programming in software engineering,Technical Knowledge
could you walk me through tell me about a time you had to deliver bad news regarding project delays to the enterprise customer success director,Communication
can you explain how do you motivate a cross-functional squad to align on implementing observability and distributed tracing standards without causing delivery friction,Leadership
in your previous projects how do you resolve shared memory mutation without mutexes in multithreaded applications,Technical Knowledge
in your previous projects explain how you manage state and avoid unnecessary re-renders in vue 3 applications,Role-Specific Skills
from your experience what methodology do you apply when decomposing a messy undocumented legacy system bug,Problem Solving
how would you design a system that handles 100 000 requests per second using wal write-ahead log,Technical Knowledge
from an architectural standpoint how do you handle a situation where two senior engineers on your team strongly disagree on enforcing 90 code coverage requirements on pull requests,Leadership
what are the key trade-offs between react server components and kubernetes pods when working on real-time clickstream processing,Role-Specific Skills
what strategies do you use for partition pruning and shuffling optimization in cybersecurity engineering,Role-Specific Skills
tell me about a difficult conversation you had with a strict qa lead and how you reached mutual agreement,Communication
describe a time when you mentored a newly hired backend developer adjusting to company codebase who was struggling with code quality and test design,Leadership
could you walk me through in frontend engineering how do you implement contract testing between microservices with pact to ensure high performance,Role-Specific Skills
explain how you manage state and avoid unnecessary re-renders in vue 3 applications,Role-Specific Skills
in an enterprise environment tell me about a time when you diagnosed and fixed a sudden disk i o saturation freezing asynchronous write operations in production,Problem Solving
as a senior engineer describe a scenario where you had to lead a project with ambiguous requirements and tight organizational deadlines,Leadership
from your experience describe how you present technical trade-offs to product managers without coding background when choosing between a managed cloud proprietary service and purchasing an off-the-shelf third-party integration,Communication
hypothetically how do you explain database sharding and eventual consistency to non-technical business executives,Communication
from an architectural standpoint describe the configuration of kubernetes horizontal pod autoscalers hpa based on custom prometheus metrics,Role-Specific Skills
how does memcached handle cache invalidation cache stampede and eviction policies,Technical Knowledge
during a technical review how do you explain why refactoring technical debt prevents system crashes to product managers without coding background,Communication
what are the internal mechanics of reflection and dynamic type inspection in c,Technical Knowledge
hypothetically how do you navigate team member promotions performance evaluations and compensation reviews fairly,Leadership
in an enterprise environment how does redis handle cache invalidation cache stampede and eviction policies,Technical Knowledge
from an architectural standpoint tell me about a time you championed a cultural change or diversity initiative within your engineering department,Leadership
what are the key trade-offs between cypress and playwright when working on frontend state synchronization,Role-Specific Skills
during a technical review how do you configure and optimize kubernetes ingress controllers for enterprise production workloads,Role-Specific Skills
hypothetically how do you approach troubleshooting an intermittent issue that occurs only during automated batch database backups,Problem Solving
from an architectural standpoint how do you manage database migrations safely with zero-downtime using tools like flyway or liquibase in cybersecurity engineering,Role-Specific Skills
in your previous projects tell me about a time when a critical project you were leading was failing how did you turn it around,Leadership
during a technical review what are the internal mechanics of memory allocation and heap management in rust,Technical Knowledge
from your experience explain the principles of micro-frontends and when you would avoid it,Technical Knowledge
as a senior engineer describe a challenging post-incident review where the root cause was traced back to dns query resolution latency rather than underlying cloud network packet loss,Problem Solving
hypothetically describe a challenging post-incident review where the root cause was traced back to unbounded in-memory queue buffering rather than application thread lock contention,Problem Solving
in an enterprise environment what strategies do you use for hardening linux kernel parameters against ddos in devops cloud sre,Role-Specific Skills
from your experience how do you approach troubleshooting an intermittent issue that triggers only after a service has been running continuously for several days,Problem Solving
as a senior engineer in cybersecurity engineering how do you implement idempotent elt data pipelines in snowflake to ensure high performance,Role-Specific Skills
how does event-driven architecture work under the hood in modern distributed systems,Technical Knowledge
in an enterprise environment describe an incident where a faulty deployment caused widespread 500 server errors what was your immediate mitigation,Problem Solving
what are the internal mechanics of goroutines vs os threads in python,Technical Knowledge
hypothetically describe a time when you mentored a intern with minimal real-world experience who was struggling with proactive communication during blockers,Leadership
hypothetically what strategies do you use for optimizing core web vitals lcp inp cls in cybersecurity engineering,Role-Specific Skills
as a senior engineer tell me about a time you had to deliver bad news regarding project delays to an impatient product owner,Communication
can you explain how do you communicate a critical production outage to the chief operating officer during active incident response,Communication
as a senior engineer how do you recognize and develop emerging leadership qualities in engineers on your team,Leadership
could you walk me through how do you motivate a cross-functional squad to align on adopting asynchronous event-driven architectures without causing delivery friction,Leadership
explain how cors policy enforcement protects against common vulnerabilities in modern web applications,Technical Knowledge
from your experience how do you manage database migrations safely with zero-downtime using tools like flyway or liquibase in data engineering,Role-Specific Skills
in your previous projects how do you motivate a cross-functional squad to align on moving to container orchestration and gitops without causing delivery friction,Leadership
what are the internal mechanics of gil global interpreter lock in java,Technical Knowledge
in your previous projects describe how you present technical trade-offs to product managers without coding background when choosing between a managed cloud proprietary service and a resilient scalable architecture with higher initial development cost,Communication
can you explain how do you handle situations where a an impatient product owner demands a delivery deadline you believe is unrealistic,Communication
as a senior engineer how do you configure and optimize hashicorp vault for secrets for enterprise production workloads,Role-Specific Skills
during a technical review describe a time when you mentored a mid-level engineer aiming for senior promotion who was struggling with code quality and test design,Leadership
as a senior engineer tell me about a time you stepped up to resolve an organizational deadlock involving enforcing strict functional programming paradigms,Leadership
from your experience how do you manage database migrations safely with zero-downtime using tools like flyway or liquibase in qa automation,Role-Specific Skills
how do you establish engineering standards code quality benchmarks and automated testing rigor across a team,Leadership
could you walk me through how would you design a system that handles real-time analytics over petabytes of data using cqrs pattern,Technical Knowledge
could you walk me through tell me about a time you had to deliver difficult feedback about understanding distributed systems trade-offs while maintaining trust,Leadership
could you walk me through describe a time when you had to convince the vp of product to prioritize allocating 30 of sprint capacity to test automation,Communication
during a technical review describe a time when you had to convince an impatient product owner to prioritize allocating 30 of sprint capacity to test automation,Communication
from an architectural standpoint describe how you present technical trade-offs to non-technical business executives when choosing between a managed cloud proprietary service and an open-source self-hosted cluster,Communication
from an architectural standpoint walk me through how you would isolate an issue when clients receive partial and corrupted payload responses happens right after a major framework upgrade,Problem Solving
during a technical review how do you drive consensus on adopting moving to container orchestration and gitops when there is substantial resistance from legacy developers,Leadership
during a technical review tell me about a time when you diagnosed and fixed a sudden disk i o saturation freezing asynchronous write operations in production,Problem Solving
hypothetically walk me through your step-by-step debugging process when worker nodes abruptly crash without emitting a stack trace occurs on a mission-critical service,Problem Solving
could you walk me through tell me about a situation where an automated rollback failed and you had to resolve a critical memory leak causing cascading oom kills manually,Problem Solving
as a senior engineer can you explain the trade-offs of using read-write replicas in production,Technical Knowledge
as a senior engineer tell me about a time you had to deliver difficult feedback about confidence in contributing to architectural design reviews while maintaining trust,Leadership
in your previous projects describe a challenging post-incident review where the root cause was traced back to database connection pooling saturation rather than tcp socket file descriptor leaks,Problem Solving
as a senior engineer what are the key trade-offs between react server components and client-side hydration when working on frontend state synchronization,Role-Specific Skills
during a technical review what is the time and space complexity of trie prefix matching and how can it be optimized,Technical Knowledge
can you explain how do you ensure accessibility cross-browser compatibility and wcag compliance in mobile-responsive web applications,Role-Specific Skills
in your previous projects describe a scenario where you negotiated the scope of a feature release with an impatient product owner,Communication
in your previous projects describe a challenging post-incident review where the root cause was traced back to garbage collection pause times rather than microservice circuit breaker tripping prematurely,Problem Solving
during a technical review how do you recognize and develop emerging leadership qualities in engineers on your team,Leadership
from an architectural standpoint describe how you present technical trade-offs to non-technical business executives when choosing between building a customized in-house solution and purchasing an off-the-shelf third-party integration,Communication
how do you ensure requirements and technical architecture are clearly understood across a distributed team,Communication
in an enterprise environment describe how you manage terraform state files lock mechanisms and module hierarchies in multi-environment setups,Role-Specific Skills
in your previous projects describe a challenging post-incident review where the root cause was traced back to garbage collection pause times rather than downstream third-party rate limits,Problem Solving
describe a scenario where you negotiated the scope of a feature release with the chief operating officer,Communication
describe a challenging post-incident review where the root cause was traced back to database connection pooling saturation rather than underlying cloud network packet loss,Problem Solving
can you explain in qa automation how do you implement zero-trust identity-aware network segmentation to ensure high performance,Role-Specific Skills
can you explain what best practices do you follow for building reusable design system components in react,Role-Specific Skills
could you walk me through how do you configure and optimize nextjs ssr caching layers for enterprise production workloads,Role-Specific Skills
describe how you present technical trade-offs to client account managers when choosing between a managed cloud proprietary service and a resilient scalable architecture with higher initial development cost,Communication
in your previous projects how do you explain database sharding and eventual consistency to client account managers,Communication
in frontend engineering how do you implement idempotent elt data pipelines in snowflake to ensure high performance,Role-Specific Skills
could you walk me through how do you diagnose memory leaks in long-running containerized microservices without restarting the cluster,Problem Solving
tell me about a situation where an automated rollback failed and you had to resolve a redis cluster split-brain event causing state inconsistency manually,Problem Solving
explain how rate limiting impacts latency throughput and fault tolerance,Technical Knowledge
how would you design a system that handles millions of concurrent websocket connections using wal write-ahead log,Technical Knowledge
hypothetically how do you communicate a critical production outage to the chief operating officer during active incident response,Communication
hypothetically how do you explain why upgrading outdated runtime versions is critical for security to non-technical business executives,Communication
in an enterprise environment what are the key trade-offs between react server components and kubernetes pods when working on cloud container orchestration,Role-Specific Skills
during a technical review walk me through how you would isolate an issue when the http request error rate spikes to 25 happens right after a major framework upgrade,Problem Solving
from an architectural standpoint tell me about a time you noticed an engineer feeling burned out or disengaged what actions did you take,Leadership
as a senior engineer tell me about a time you successfully onboarded multiple new engineers while maintaining ongoing sprint commitments,Leadership
in your previous projects how do you drive consensus on adopting strict test-driven development tdd when there is substantial resistance from legacy developers,Leadership
could you walk me through how do you design an idempotent api endpoint for credit card billing payments,Technical Knowledge
in your previous projects how do you approach troubleshooting an intermittent issue that only manifests across specific geographical cloud regions,Problem Solving
in an enterprise environment can you explain the difference between object-oriented programming and stateless microservices in software engineering,Technical Knowledge
hypothetically describe a situation where executive management proposed an unreasonable technical mandate how did you push back,Leadership
hypothetically describe an incident where a faulty deployment caused widespread 500 server errors what was your immediate mitigation,Problem Solving
describe a time when you mentored a intern with minimal real-world experience who was struggling with handling ambiguous technical specifications,Leadership
could you walk me through describe a challenging post-incident review where the root cause was traced back to garbage collection pause times rather than downstream third-party rate limits,Problem Solving
during a technical review how do you ensure requirements and technical architecture are clearly understood across a distributed team,Communication
in an enterprise environment in frontend engineering how do you implement virtualized list rendering for 100k items to ensure high performance,Role-Specific Skills
how does garbage collection work in c and how can you minimize stop-the-world pauses,Technical Knowledge
in your previous projects what strategies do you use for partition pruning and shuffling optimization in frontend engineering,Role-Specific Skills
during a technical review what best practices do you follow for building reusable design system components in react,Role-Specific Skills
in an enterprise environment describe how you prioritize technical debt against business feature roadmap requests at an organizational level,Leadership
from your experience how do you explain database sharding and eventual consistency to sales and marketing stakeholders,Communication
from an architectural standpoint how do you investigate intermittent latency regressions when unoptimized disk i o swapping is suspected,Problem Solving
from your experience what are the key trade-offs between aws lambda serverless and kubernetes long-running deployments when working on cloud container orchestration,Role-Specific Skills
could you walk me through tell me about a situation where an automated rollback failed and you had to resolve a redis cluster split-brain event causing state inconsistency manually,Problem Solving
from your experience tell me about a time you had to deliver difficult feedback about confidence in contributing to architectural design reviews while maintaining trust,Leadership
how would you design a system that handles geo-distributed user sessions with instant failover using memory-mapped files,Technical Knowledge
in an enterprise environment how do you communicate a critical production outage to the vp of product during active incident response,Communication
hypothetically describe a challenging post-incident review where the root cause was traced back to garbage collection pause times rather than microservice circuit breaker tripping prematurely,Problem Solving
can you explain how do you communicate a critical production outage to an impatient product owner during active incident response,Communication
could you walk me through how do you investigate intermittent latency regressions when microservice circuit breaker tripping prematurely is suspected,Problem Solving
how would you troubleshoot sudden memory exhaustion caused by an exponential spike in 504 gateway timeouts,Problem Solving
in your previous projects how do you handle data consistency and isolation levels in redis,Technical Knowledge
could you walk me through can you share an experience where miscommunication led to a bug or delay and how you corrected it,Communication
from your experience walk me through how you would isolate an issue when kafka consumer lag continuously grows without consumer rebalancing happens right after a major framework upgrade,Problem Solving
during a technical review how do you articulate complex system constraints during cross-functional sprint planning sessions,Communication
how do you facilitate discussions between teams that have conflicting technical priorities or api requirements,Communication
could you walk me through describe a scenario where you had to lead a project with ambiguous requirements and tight organizational deadlines,Leadership
from your experience describe a time when you had to convince the enterprise customer success director to prioritize migrating legacy monolithic databases to microservices,Communication
from your experience describe a time when you had to convince the chief operating officer to prioritize a comprehensive architectural refactor,Communication
as a senior engineer how would you design a system that handles geo-distributed user sessions with instant failover using message broker partitioning,Technical Knowledge
hypothetically tell me about a time when you diagnosed and fixed a sudden disk i o saturation freezing asynchronous write operations in production,Problem Solving
as a senior engineer describe how you supported a career switcher unfamiliar with production pipelines in transitioning to higher-impact architectural responsibilities,Leadership
could you walk me through describe a scenario where you negotiated the scope of a feature release with the vp of product,Communication
from your experience tell me about a time when you diagnosed and fixed a runaway recursive background job consuming all available cpu in production,Problem Solving
can you explain what are the best practices for implementing cqrs pattern in a high-scale service,Technical Knowledge
from an architectural standpoint tell me about a difficult conversation you had with a strict qa lead and how you reached mutual agreement,Communication
explain the cap theorem and how message broker partitioning chooses between consistency and availability,Technical Knowledge
from an architectural standpoint tell me about a time you successfully persuaded a skeptical teammate to adopt a new testing methodology,Communication
during a technical review tell me about a time you stepped up to resolve an organizational deadlock involving choosing between go and rust for a new microservice,Leadership
hypothetically describe a challenging post-incident review where the root cause was traced back to thread lock contention on shared resource caches rather than underlying cloud network packet loss,Problem Solving
could you walk me through describe how you present technical trade-offs to non-technical business executives when choosing between a managed cloud proprietary service and a resilient scalable architecture with higher initial development cost,Communication
could you walk me through tell me about a time you successfully onboarded multiple new engineers while maintaining ongoing sprint commitments,Leadership
during a technical review how do you handle situations where a an impatient product owner demands a delivery deadline you believe is unrealistic,Communication
as a senior engineer how does redis handle cache invalidation cache stampede and eviction policies,Technical Knowledge
during a technical review how do indexes in mysql innodb improve query performance and what are the overhead costs,Technical Knowledge
can you explain can you explain the trade-offs of using event-driven architecture in production,Technical Knowledge
can you explain how do you handle situations where a the enterprise customer success director demands a delivery deadline you believe is unrealistic,Communication
during a technical review how would you troubleshoot sudden memory exhaustion caused by a redis cluster split-brain event causing state inconsistency,Problem Solving
during a technical review walk me through how you discovered and patched a silent data corruption bug in an asynchronous processing pipeline,Problem Solving
could you walk me through how do you handle a situation where two senior engineers on your team strongly disagree on migrating to microservices versus modular monolith,Leadership
can you explain what are the internal mechanics of reflection and dynamic type inspection in c,Technical Knowledge
could you walk me through can you explain the difference between strong consistency and functional programming in software engineering,Technical Knowledge
could you walk me through describe how you present technical trade-offs to client account managers when choosing between a managed cloud proprietary service and an open-source self-hosted cluster,Communication
in an enterprise environment how do you identify whether a performance slowdown is caused by dns query resolution latency or tcp socket file descriptor leaks,Problem Solving
hypothetically tell me about a time you noticed an engineer feeling burned out or disengaged what actions did you take,Leadership
in your previous projects how do you deliver constructive critical code review feedback without offending a peer software engineer with strong opinions,Communication
as a senior engineer how do you motivate a cross-functional squad to align on moving to container orchestration and gitops without causing delivery friction,Leadership
can you explain how do you write reliable maintainable end-to-end integration tests using jest and react testing library without creating flaky tests,Role-Specific Skills
in an enterprise environment describe a time when you mentored a career switcher unfamiliar with production pipelines who was struggling with confidence in contributing to architectural design reviews,Leadership
from your experience how do you identify whether a performance slowdown is caused by cpu throttling by kubernetes cfs quota or tcp socket file descriptor leaks,Problem Solving
from your experience tell me about a difficult conversation you had with an external vendor technical contact and how you reached mutual agreement,Communication
in your previous projects describe how you supported a junior software engineer in transitioning to higher-impact architectural responsibilities,Leadership
in your previous projects in qa automation how do you implement virtualized list rendering for 100k items to ensure high performance,Role-Specific Skills
what is the difference between http 2 and asymmetric encryption,Technical Knowledge
could you walk me through how do you design an idempotent api endpoint for webhook notifications delivery,Technical Knowledge
during a technical review describe a time when you mentored a talented engineer struggling with imposter syndrome who was struggling with handling ambiguous technical specifications,Leadership
describe how you present technical trade-offs to sales and marketing stakeholders when choosing between building a customized in-house solution and a resilient scalable architecture with higher initial development cost,Communication
how do you resolve the aba problem in lock-free data structures in multithreaded applications,Technical Knowledge
during a technical review describe a challenging post-incident review where the root cause was traced back to dns query resolution latency rather than underlying cloud network packet loss,Problem Solving
describe a time when you mentored a intern with minimal real-world experience who was struggling with confidence in contributing to architectural design reviews,Leadership
describe a time when you mentored a junior software engineer who was struggling with time management and estimation accuracy,Leadership
how do you identify whether a performance slowdown is caused by dns query resolution latency or downstream third-party rate limits,Problem Solving
can you explain what is your philosophy on servant leadership versus top-down command in high-performing engineering teams,Leadership
hypothetically in cybersecurity engineering how do you implement automated canary rollouts with argocd to ensure high performance,Role-Specific Skills
during a technical review tell me about a time you had to deliver bad news regarding project delays to the enterprise customer success director,Communication
hypothetically how do you deliver constructive critical code review feedback without offending a legacy system maintainer,Communication
could you walk me through how do you approach troubleshooting an intermittent issue that happens exclusively on mobile clients with unstable network connections,Problem Solving
hypothetically what are the internal mechanics of goroutines vs os threads in java,Technical Knowledge
as a senior engineer how do you determine the root cause of network packet loss and tcp retransmission timeouts between microservices,Problem Solving
could you walk me through describe how you present technical trade-offs to customer support specialists when choosing between building a customized in-house solution and an open-source self-hosted cluster,Communication
as a senior engineer how do you motivate a cross-functional squad to align on adopting asynchronous event-driven architectures without causing delivery friction,Leadership
describe how you present technical trade-offs to product managers without coding background when choosing between faster time-to-market with accumulated tech debt and an open-source self-hosted cluster,Communication
from an architectural standpoint how would you troubleshoot sudden memory exhaustion caused by a connection pool exhaustion during a flash sale,Problem Solving
as a senior engineer how do you design a comprehensive regression testing matrix for a critical payment gateway service,Role-Specific Skills
hypothetically describe how you supported a intern with minimal real-world experience in transitioning to higher-impact architectural responsibilities,Leadership
in an enterprise environment can you explain the trade-offs of using memory-mapped files in production,Technical Knowledge
can you explain explain how you manage state and avoid unnecessary re-renders in vue 3 applications,Role-Specific Skills
how would you design a system that handles millions of concurrent websocket connections using distributed transactions 2pc,Technical Knowledge
from an architectural standpoint how do you ensure accessibility cross-browser compatibility and wcag compliance in mobile-responsive web applications,Role-Specific Skills
describe how you supported a talented engineer struggling with imposter syndrome in transitioning to higher-impact architectural responsibilities,Leadership
in an enterprise environment can you explain the trade-offs of using database sharding in production,Technical Knowledge
hypothetically how do you recognize and develop emerging leadership qualities in engineers on your team,Leadership
what are the key trade-offs between aws lambda serverless and playwright when working on end-to-end regression validation,Role-Specific Skills
can you explain how do you approach troubleshooting an intermittent issue that only manifests across specific geographical cloud regions,Problem Solving
can you explain what best practices do you follow for building reusable design system components in angular,Role-Specific Skills
as a senior engineer describe how you supported a junior software engineer in transitioning to higher-impact architectural responsibilities,Leadership
from an architectural standpoint how do you communicate the long-term cost of technical debt to executive leadership who only want new features,Communication
from an architectural standpoint what are the key trade-offs between cypress and client-side hydration when working on end-to-end regression validation,Role-Specific Skills
can you explain how does garbage collection work in c and how can you minimize stop-the-world pauses,Technical Knowledge
during a technical review describe how you prioritize technical debt against business feature roadmap requests at an organizational level,Leadership
could you walk me through explain how you manage state and avoid unnecessary re-renders in svelte applications,Role-Specific Skills
in an enterprise environment in cybersecurity engineering how do you implement virtualized list rendering for 100k items to ensure high performance,Role-Specific Skills
as a senior engineer describe a scenario where you negotiated the scope of a feature release with an impatient product owner,Communication
how do you design an idempotent api endpoint for user order placement checkout,Technical Knowledge
in an enterprise environment how do you motivate a cross-functional squad to align on mandatory peer code reviews and static security scanning without causing delivery friction,Leadership
in cybersecurity engineering how do you implement automated canary rollouts with argocd to ensure high performance,Role-Specific Skills
could you walk me through walk me through your step-by-step debugging process when kafka consumer lag continuously grows without consumer rebalancing occurs on a mission-critical service,Problem Solving
in an enterprise environment tell me about a difficult conversation you had with a peer software engineer with strong opinions and how you reached mutual agreement,Communication
could you walk me through what are the key trade-offs between aws lambda serverless and apache flink when working on cloud container orchestration,Role-Specific Skills
can you explain describe a challenging post-incident review where the root cause was traced back to dns query resolution latency rather than downstream third-party rate limits,Problem Solving
in an enterprise environment what are the best practices for implementing wal write-ahead log in a high-scale service,Technical Knowledge
could you walk me through how would you design a system that handles millions of concurrent websocket connections using cqrs pattern,Technical Knowledge
could you walk me through how do you explain the difference between latency and throughput bottlenecks to sales and marketing stakeholders,Communication
from an architectural standpoint walk me through how you solved a stubborn distributed race condition that only occurred once every thousand requests,Problem Solving
how do you handle data consistency and isolation levels in dynamodb,Technical Knowledge
during a technical review describe a scenario where you negotiated the scope of a feature release with a non-technical client sponsor,Communication
describe a time when you mentored a talented engineer struggling with imposter syndrome who was struggling with understanding distributed systems trade-offs,Leadership
how does message broker partitioning work under the hood in modern distributed systems,Technical Knowledge
in qa automation how do you implement automated canary rollouts with argocd to ensure high performance,Role-Specific Skills
can you explain tell me about a time when you diagnosed and fixed a sudden disk i o saturation freezing asynchronous write operations in production,Problem Solving
from an architectural standpoint what methodology do you apply when decomposing a messy undocumented legacy system bug,Problem Solving
during a technical review how do you drive consensus on adopting automated cicd trunk-based development when there is substantial resistance from legacy developers,Leadership
from your experience how do you drive consensus on adopting mandatory peer code reviews and static security scanning when there is substantial resistance from legacy developers,Leadership
how do you identify whether a performance slowdown is caused by dns query resolution latency or unoptimized disk i o swapping,Problem Solving
during a technical review what happens from a networking perspective when a user types a url into a browser until the page renders occurs,Technical Knowledge
in an enterprise environment how do you handle a situation where two senior engineers on your team strongly disagree on enforcing strict functional programming paradigms,Leadership
during a technical review describe a time when you had to convince the chief operating officer to prioritize a comprehensive architectural refactor,Communication
from your experience describe a time when you mentored a talented engineer struggling with imposter syndrome who was struggling with understanding distributed systems trade-offs,Leadership
during a technical review how do you configure and optimize apache airflow dag schedulers for enterprise production workloads,Role-Specific Skills
in your previous projects in data engineering how do you implement zero-trust identity-aware network segmentation to ensure high performance,Role-Specific Skills
as a senior engineer what are the key trade-offs between docker compose and kubernetes long-running deployments when working on real-time clickstream processing,Role-Specific Skills
explain the principles of service mesh and when you would avoid it,Technical Knowledge
can you explain how does garbage collection work in python and how can you minimize stop-the-world pauses,Technical Knowledge
could you walk me through how do you drive consensus on adopting automated cicd trunk-based development when there is substantial resistance from legacy developers,Leadership
what are the key trade-offs between react server components and playwright when working on real-time clickstream processing,Role-Specific Skills
could you walk me through how do you handle a situation where two senior engineers on your team strongly disagree on authorizing third-party cloud vendor lock-in,Leadership
in your previous projects how do you debug an application that runs perfectly in local staging but fails intermittently in kubernetes production,Problem Solving
describe a challenging post-incident review where the root cause was traced back to garbage collection pause times rather than microservice circuit breaker tripping prematurely,Problem Solving
as a senior engineer how do you ensure accessibility cross-browser compatibility and wcag compliance in e-commerce checkout funnels,Role-Specific Skills
could you walk me through tell me about a time you had to deliver bad news regarding project delays to the vp of product,Communication
describe a time when you had to convince the chief operating officer to prioritize allocating 30 of sprint capacity to test automation,Communication
could you walk me through explain how you manage state and avoid unnecessary re-renders in angular applications,Role-Specific Skills
as a senior engineer how do you resolve race conditions and deadlocks in multithreaded applications,Technical Knowledge
in your previous projects describe how you manage terraform state files lock mechanisms and module hierarchies in multi-environment setups,Role-Specific Skills
describe a time when you mentored a junior software engineer who was struggling with writing thorough documentation and unit tests,Leadership
what are the key trade-offs between cypress and kubernetes pods when working on end-to-end regression validation,Role-Specific Skills
could you walk me through describe a scenario where you negotiated the scope of a feature release with a non-technical client sponsor,Communication
as a senior engineer how do you explain database sharding and eventual consistency to client account managers,Communication
in your previous projects describe a time when you mentored a mid-level engineer aiming for senior promotion who was struggling with time management and estimation accuracy,Leadership
hypothetically tell me about a time when a critical project you were leading was failing how did you turn it around,Leadership
could you walk me through how do you handle situations where a a non-technical client sponsor demands a delivery deadline you believe is unrealistic,Communication
how would you design a system that handles real-time analytics over petabytes of data using memory-mapped files,Technical Knowledge
could you walk me through walk me through your step-by-step debugging process when worker nodes abruptly crash without emitting a stack trace occurs on a mission-critical service,Problem Solving
in an enterprise environment how do you navigate team member promotions performance evaluations and compensation reviews fairly,Leadership
from an architectural standpoint how do you deliver constructive critical code review feedback without offending a peer software engineer with strong opinions,Communication
can you explain how do you handle situations where a a non-technical client sponsor demands a delivery deadline you believe is unrealistic,Communication
in an enterprise environment describe a challenging post-incident review where the root cause was traced back to unbounded in-memory queue buffering rather than application thread lock contention,Problem Solving
hypothetically how do you approach troubleshooting an intermittent issue that fails unpredictably once every several thousand requests,Problem Solving
in an enterprise environment what are the internal mechanics of reflection and dynamic type inspection in rust,Technical Knowledge
from your experience how do you ensure requirements and technical architecture are clearly understood across a distributed team,Communication
in an enterprise environment tell me about a time when you diagnosed and fixed a runaway recursive background job consuming all available cpu in production,Problem Solving
how do you drive consensus on adopting moving to container orchestration and gitops when there is substantial resistance from legacy developers,Leadership
could you walk me through how do you resolve shared memory mutation without mutexes in multithreaded applications,Technical Knowledge
from your experience tell me about a difficult conversation you had with a strict qa lead and how you reached mutual agreement,Communication
in your previous projects what is the difference between monolithic architecture and microservices,Technical Knowledge
from an architectural standpoint how do you handle a situation where two senior engineers on your team strongly disagree on enforcing strict functional programming paradigms,Leadership
could you walk me through describe a challenging post-incident review where the root cause was traced back to dns query resolution latency rather than microservice circuit breaker tripping prematurely,Problem Solving
how do you identify whether a performance slowdown is caused by unbounded in-memory queue buffering or microservice circuit breaker tripping prematurely,Problem Solving
can you explain describe a time when you had to convince a non-technical client sponsor to prioritize allocating 30 of sprint capacity to test automation,Communication
describe a challenging post-incident review where the root cause was traced back to thread lock contention on shared resource caches rather than microservice circuit breaker tripping prematurely,Problem Solving
walk me through how you would isolate an issue when database replication lag surges past 30 minutes happens right after a major framework upgrade,Problem Solving
as a senior engineer describe a time when you mentored a intern with minimal real-world experience who was struggling with proactive communication during blockers,Leadership
as a senior engineer tell me about a situation where an automated rollback failed and you had to resolve an unexpected thread deadlock freezing background queue workers manually,Problem Solving
could you walk me through tell me about a time when you diagnosed and fixed an unexpected thread deadlock freezing background queue workers in production,Problem Solving
hypothetically how do you handle a situation where two senior engineers on your team strongly disagree on authorizing third-party cloud vendor lock-in,Leadership
can you explain can you share an experience where miscommunication led to a bug or delay and how you corrected it,Communication
hypothetically explain how you design a data lakehouse architecture using delta lake or apache iceberg,Role-Specific Skills
walk me through your step-by-step debugging process when the http request error rate spikes to 25 occurs on a mission-critical service,Problem Solving
how would you design a system that handles millions of concurrent websocket connections using message broker partitioning,Technical Knowledge
how do you identify whether a performance slowdown is caused by thread lock contention on shared resource caches or underlying cloud network packet loss,Problem Solving
could you walk me through describe a time when you had to make a high-stakes engineering trade-off under intense time pressure,Problem Solving
in an enterprise environment can you explain the difference between object-oriented programming and functional programming in software engineering,Technical Knowledge
from an architectural standpoint how do you approach troubleshooting an intermittent issue that happens exclusively on mobile clients with unstable network connections,Problem Solving
can you explain describe a time when you had to manage an underperforming team member how did you handle the situation empathetically,Leadership
in an enterprise environment how do you configure and optimize prometheus and grafana dashboards for enterprise production workloads,Role-Specific Skills
in your previous projects how do you handle a situation where two senior engineers on your team strongly disagree on decoupling legacy monolithic database schemas,Leadership
from your experience can you share an experience where miscommunication led to a bug or delay and how you corrected it,Communication
can you explain can you share an example of a time when your initial hypothesis about a severe bug turned out to be wrong,Problem Solving
how do you handle a situation where two senior engineers on your team strongly disagree on decoupling legacy monolithic database schemas,Leadership
from an architectural standpoint how do you write reliable maintainable end-to-end integration tests using jest and react testing library without creating flaky tests,Role-Specific Skills
how does garbage collection work in go and how can you minimize stop-the-world pauses,Technical Knowledge
from your experience how do you write reliable maintainable end-to-end integration tests using playwright without creating flaky tests,Role-Specific Skills
from your experience what are the best practices for implementing wal write-ahead log in a high-scale service,Technical Knowledge
as a senior engineer describe how you present technical trade-offs to non-technical business executives when choosing between building a customized in-house solution and purchasing an off-the-shelf third-party integration,Communication
tell me about a time when you diagnosed and fixed a sudden disk i o saturation freezing asynchronous write operations in production,Problem Solving
describe how you present technical trade-offs to customer support specialists when choosing between building a customized in-house solution and a resilient scalable architecture with higher initial development cost,Communication
during a technical review what are the best practices for implementing cqrs pattern in a high-scale service,Technical Knowledge
could you walk me through how do you communicate a critical production outage to the enterprise customer success director during active incident response,Communication
as a senior engineer describe how you supported a mid-level engineer aiming for senior promotion in transitioning to higher-impact architectural responsibilities,Leadership
what is the difference between optimistic locking and udp,Technical Knowledge
hypothetically in data engineering how do you implement idempotent elt data pipelines in snowflake to ensure high performance,Role-Specific Skills
during a technical review how do you explain why refactoring technical debt prevents system crashes to non-technical business executives,Communication
could you walk me through describe a time when you had to convince the vp of product to prioritize a comprehensive architectural refactor,Communication
as a senior engineer describe a challenging post-incident review where the root cause was traced back to database connection pooling saturation rather than microservice circuit breaker tripping prematurely,Problem Solving
in an enterprise environment in frontend engineering how do you implement contract testing between microservices with pact to ensure high performance,Role-Specific Skills
from an architectural standpoint tell me about a time you stepped up to resolve an organizational deadlock involving migrating to microservices versus modular monolith,Leadership
hypothetically what is the difference between sql databases and http 3,Technical Knowledge
from an architectural standpoint how do you explain the difference between latency and throughput bottlenecks to non-technical business executives,Communication
how would you design a system that handles 100 000 requests per second using distributed transactions 2pc,Technical Knowledge
from your experience in qa automation how do you implement idempotent elt data pipelines in snowflake to ensure high performance,Role-Specific Skills
hypothetically how do you drive consensus on adopting implementing observability and distributed tracing standards when there is substantial resistance from legacy developers,Leadership
during a technical review how do you motivate a cross-functional squad to align on mandatory peer code reviews and static security scanning without causing delivery friction,Leadership
can you explain the difference between stateful services and imperative programming in software engineering,Technical Knowledge
how would you design a system that handles real-time analytics over petabytes of data using read-write replicas,Technical Knowledge
in your previous projects explain the cap theorem and how read-write replicas chooses between consistency and availability,Technical Knowledge
from your experience explain how read-write replicas impacts latency throughput and fault tolerance,Technical Knowledge
could you walk me through describe a time when you had to manage an underperforming team member how did you handle the situation empathetically,Leadership
describe a time when you mentored a newly hired backend developer adjusting to company codebase who was struggling with understanding distributed systems trade-offs,Leadership
hypothetically tell me about a time you stepped up to resolve an organizational deadlock involving authorizing third-party cloud vendor lock-in,Leadership
from an architectural standpoint describe how you present technical trade-offs to client account managers when choosing between building a customized in-house solution and purchasing an off-the-shelf third-party integration,Communication
as a senior engineer tell me about a situation where an automated rollback failed and you had to resolve an avalanche of unhandled exceptions crashing microservice pods manually,Problem Solving
during a technical review how do you tailor your communication style when speaking with junior engineers versus c-level executives,Communication
from an architectural standpoint describe how you supported a newly hired backend developer adjusting to company codebase in transitioning to higher-impact architectural responsibilities,Leadership
could you walk me through how do you deliver constructive critical code review feedback without offending a legacy system maintainer,Communication
in an enterprise environment tell me about a time when you diagnosed and fixed a critical memory leak causing cascading oom kills in production,Problem Solving
hypothetically in devops cloud sre how do you implement virtualized list rendering for 100k items to ensure high performance,Role-Specific Skills
describe a time when you had to convince the vp of product to prioritize allocating 30 of sprint capacity to test automation,Communication
could you walk me through how do you balance technical vision with day-to-day tactical execution as a team lead,Leadership
in your previous projects can you explain the trade-offs of using rate limiting in production,Technical Knowledge
as a senior engineer explain how you manage state and avoid unnecessary re-renders in vue 3 applications,Role-Specific Skills
in your previous projects tell me about a time you stepped up to resolve an organizational deadlock involving authorizing third-party cloud vendor lock-in,Leadership
during a technical review how do you secure a cicd pipeline against supply chain attacks compromised packages and secret leakage,Role-Specific Skills
in your previous projects tell me about a difficult conversation you had with a legacy system maintainer and how you reached mutual agreement,Communication
can you explain the trade-offs of using wal write-ahead log in production,Technical Knowledge
hypothetically how do you explain database sharding and eventual consistency to client account managers,Communication
in an enterprise environment how would you troubleshoot sudden memory exhaustion caused by an unindexed query locking the primary production database,Problem Solving
describe how you present technical trade-offs to customer support specialists when choosing between faster time-to-market with accumulated tech debt and an open-source self-hosted cluster,Communication
hypothetically explain how you manage state and avoid unnecessary re-renders in react applications,Role-Specific Skills
in an enterprise environment how do indexes in cassandra improve query performance and what are the overhead costs,Technical Knowledge
hypothetically how do you profile and eliminate bundle bloat tree-shaking failures and excessive css in modern web applications,Role-Specific Skills
how does cdn edge caching handle cache invalidation cache stampede and eviction policies,Technical Knowledge
in your previous projects how do you run effective 1-on-1 meetings that support the long-term career growth of your direct reports,Leadership
from an architectural standpoint how do you communicate a critical production outage to the vp of product during active incident response,Communication
as a senior engineer describe a scenario where you negotiated the scope of a feature release with the vp of product,Communication
from your experience how do you drive consensus on adopting implementing observability and distributed tracing standards when there is substantial resistance from legacy developers,Leadership
can you explain how do you identify whether a performance slowdown is caused by unbounded in-memory queue buffering or tcp socket file descriptor leaks,Problem Solving
describe a time when you mentored a newly hired backend developer adjusting to company codebase who was struggling with proactive communication during blockers,Leadership
from an architectural standpoint what best practices do you follow for building reusable design system components in angular,Role-Specific Skills
how does consistent hashing work under the hood in modern distributed systems,Technical Knowledge
can you explain explain how content security policies csp protects against common vulnerabilities in modern web applications,Technical Knowledge
during a technical review how do you design a comprehensive regression testing matrix for a critical payment gateway service,Role-Specific Skills
in your previous projects tell me about a time you had to deliver difficult feedback about proactive communication during blockers while maintaining trust,Leadership
can you explain how do you configure and optimize apache airflow dag schedulers for enterprise production workloads,Role-Specific Skills
can you explain how do you identify whether a performance slowdown is caused by database connection pooling saturation or unoptimized disk i o swapping,Problem Solving
during a technical review how do you motivate a cross-functional squad to align on moving to container orchestration and gitops without causing delivery friction,Leadership
how do you identify whether a performance slowdown is caused by garbage collection pause times or downstream third-party rate limits,Problem Solving
from an architectural standpoint how do you establish engineering standards code quality benchmarks and automated testing rigor across a team,Leadership
in an enterprise environment tell me about a time you stepped up to resolve an organizational deadlock involving migrating to microservices versus modular monolith,Leadership
in an enterprise environment how do you articulate complex system constraints during cross-functional sprint planning sessions,Communication
in your previous projects what are the internal mechanics of virtual method dispatch and vtables in python,Technical Knowledge
in your previous projects how do you ensure accessibility cross-browser compatibility and wcag compliance in complex single-page applications,Role-Specific Skills
as a senior engineer what happens from a networking perspective when a packet travels across nat gateways and routers occurs,Technical Knowledge
from your experience describe a time when you had to convince the chief operating officer to prioritize migrating legacy monolithic databases to microservices,Communication
as a senior engineer describe a scenario where you negotiated the scope of a feature release with a non-technical client sponsor,Communication
from your experience what are the key trade-offs between apache kafka and client-side hydration when working on frontend state synchronization,Role-Specific Skills
from your experience what is the difference between processes and asymmetric encryption,Technical Knowledge
from an architectural standpoint what are the internal mechanics of virtual method dispatch and vtables in java,Technical Knowledge
what is the difference between synchronous and asynchronous processing in memory-mapped files,Technical Knowledge
can you explain tell me about a difficult conversation you had with a legacy system maintainer and how you reached mutual agreement,Communication
could you walk me through explain how read-write replicas impacts latency throughput and fault tolerance,Technical Knowledge
hypothetically how do you drive consensus on adopting adopting asynchronous event-driven architectures when there is substantial resistance from legacy developers,Leadership
as a senior engineer how do you design an idempotent api endpoint for credit card billing payments,Technical Knowledge
can you explain tell me about a situation where an automated rollback failed and you had to resolve an avalanche of unhandled exceptions crashing microservice pods manually,Problem Solving
what are the best practices for implementing cqrs pattern in a high-scale service,Technical Knowledge
in your previous projects how does message broker partitioning work under the hood in modern distributed systems,Technical Knowledge
describe a time when you mentored a newly hired backend developer adjusting to company codebase who was struggling with writing thorough documentation and unit tests,Leadership
from an architectural standpoint what strategies do you use for hardening linux kernel parameters against ddos in devops cloud sre,Role-Specific Skills
in qa automation how do you implement idempotent elt data pipelines in snowflake to ensure high performance,Role-Specific Skills
in an enterprise environment tell me about a difficult conversation you had with a legacy system maintainer and how you reached mutual agreement,Communication
hypothetically in qa automation how do you implement idempotent elt data pipelines in snowflake to ensure high performance,Role-Specific Skills
how do you ensure accessibility cross-browser compatibility and wcag compliance in e-commerce checkout funnels,Role-Specific Skills
what strategies do you use for optimizing core web vitals lcp inp cls in qa automation,Role-Specific Skills
in an enterprise environment how do you investigate intermittent latency regressions when downstream third-party rate limits is suspected,Problem Solving
hypothetically how do you handle data consistency and isolation levels in postgresql,Technical Knowledge
hypothetically describe a time when you mentored a talented engineer struggling with imposter syndrome who was struggling with understanding distributed systems trade-offs,Leadership
hypothetically how do you secure a cicd pipeline against supply chain attacks compromised packages and secret leakage,Role-Specific Skills
in an enterprise environment how would you troubleshoot sudden memory exhaustion caused by a connection pool exhaustion during a flash sale,Problem Solving
hypothetically describe how you supported a talented engineer struggling with imposter syndrome in transitioning to higher-impact architectural responsibilities,Leadership
could you walk me through in devops cloud sre how do you implement idempotent elt data pipelines in snowflake to ensure high performance,Role-Specific Skills
in an enterprise environment what strategies do you use for partition pruning and shuffling optimization in cybersecurity engineering,Role-Specific Skills
how do you motivate a cross-functional squad to align on implementing observability and distributed tracing standards without causing delivery friction,Leadership
could you walk me through how do you drive consensus on adopting implementing observability and distributed tracing standards when there is substantial resistance from legacy developers,Leadership
as a senior engineer how do indexes in elasticsearch improve query performance and what are the overhead costs,Technical Knowledge
from an architectural standpoint how do you handle a situation where two senior engineers on your team strongly disagree on decoupling legacy monolithic database schemas,Leadership
as a senior engineer how do indexes in dynamodb improve query performance and what are the overhead costs,Technical Knowledge
describe how you present technical trade-offs to customer support specialists when choosing between building a customized in-house solution and purchasing an off-the-shelf third-party integration,Communication
from your experience tell me about a time when you resolved a catastrophic database deadlock under peak traffic,Problem Solving
during a technical review can you explain the trade-offs of using connection pooling in production,Technical Knowledge
can you explain describe a challenging post-incident review where the root cause was traced back to thread lock contention on shared resource caches rather than unoptimized disk i o swapping,Problem Solving
can you explain how do you manage database migrations safely with zero-downtime using tools like flyway or liquibase in devops cloud sre,Role-Specific Skills
how do you approach troubleshooting an intermittent issue that only manifests across specific geographical cloud regions,Problem Solving
hypothetically how do you handle disagreements during an architectural design meeting when consensus cannot be reached,Communication
hypothetically how do you balance delegating important tasks to junior developers while maintaining high delivery quality,Leadership
from an architectural standpoint how do you identify whether a performance slowdown is caused by dns query resolution latency or underlying cloud network packet loss,Problem Solving
describe a challenging post-incident review where the root cause was traced back to dns query resolution latency rather than tcp socket file descriptor leaks,Problem Solving
during a technical review how do you drive consensus on adopting strict test-driven development tdd when there is substantial resistance from legacy developers,Leadership
as a senior engineer how would you troubleshoot sudden memory exhaustion caused by a redis cluster split-brain event causing state inconsistency,Problem Solving
in your previous projects can you explain the difference between object-oriented programming and functional programming in software engineering,Technical Knowledge
how do you handle situations where a the vp of product demands a delivery deadline you believe is unrealistic,Communication
during a technical review tell me about a time you had to deliver difficult feedback about understanding distributed systems trade-offs while maintaining trust,Leadership
how do you approach troubleshooting an intermittent issue that triggers only after a service has been running continuously for several days,Problem Solving
in an enterprise environment tell me about a time you had to deliver difficult feedback about proactive communication during blockers while maintaining trust,Leadership
from an architectural standpoint describe a scenario where you negotiated the scope of a feature release with a non-technical client sponsor,Communication
as a senior engineer how do you profile and eliminate bundle bloat tree-shaking failures and excessive css in modern web applications,Role-Specific Skills
hypothetically what best practices do you follow for building reusable design system components in vue 3,Role-Specific Skills
in your previous projects tell me about a time when you diagnosed and fixed an unexpected thread deadlock freezing background queue workers in production,Problem Solving
could you walk me through walk me through your step-by-step debugging process when database replication lag surges past 30 minutes occurs on a mission-critical service,Problem Solving
what are the key trade-offs between aws lambda serverless and client-side hydration when working on cloud container orchestration,Role-Specific Skills
during a technical review how do you write reliable maintainable end-to-end integration tests using cypress without creating flaky tests,Role-Specific Skills
could you walk me through walk me through how you would isolate an issue when clients receive partial and corrupted payload responses happens right after a major framework upgrade,Problem Solving
can you explain walk me through your step-by-step debugging process when memory consumption steadily climbs linearly until container restarts occurs on a mission-critical service,Problem Solving
from your experience in data engineering how do you implement automated canary rollouts with argocd to ensure high performance,Role-Specific Skills
could you walk me through tell me about a time you had to deliver bad news regarding project delays to a non-technical client sponsor,Communication
in your previous projects how would you design a system that handles low-latency financial transactions under 5ms using memory-mapped files,Technical Knowledge
describe a complex technical problem where you had very limited log data and monitoring how did you isolate root cause,Problem Solving
could you walk me through can you explain the trade-offs of using distributed transactions 2pc in production,Technical Knowledge
describe how you present technical trade-offs to client account managers when choosing between a managed cloud proprietary service and purchasing an off-the-shelf third-party integration,Communication
walk me through how you would isolate an issue when memory consumption steadily climbs linearly until container restarts happens right after a major framework upgrade,Problem Solving
hypothetically can you share an experience where miscommunication led to a bug or delay and how you corrected it,Communication
as a senior engineer how would you design a system that handles millions of concurrent websocket connections using consistent hashing,Technical Knowledge
what are the internal mechanics of reflection and dynamic type inspection in rust,Technical Knowledge
could you walk me through describe how you design a resilient pipeline for continuous deployment with automatic rollback in modern cloud infrastructure,Role-Specific Skills
as a senior engineer describe a time when you had to manage an underperforming team member how did you handle the situation empathetically,Leadership
in an enterprise environment how do you motivate a cross-functional squad to align on implementing observability and distributed tracing standards without causing delivery friction,Leadership
can you explain what is the time and space complexity of lru cache eviction with big_o_1 operations and how can it be optimized,Technical Knowledge
from your experience how do you recognize and develop emerging leadership qualities in engineers on your team,Leadership
in your previous projects how do you motivate a cross-functional squad to align on strict test-driven development tdd without causing delivery friction,Leadership
hypothetically how do you motivate a cross-functional squad to align on implementing observability and distributed tracing standards without causing delivery friction,Leadership
during a technical review what is the difference between blue-green deployments and canary deployments in kubernetes,Role-Specific Skills
in data engineering how do you implement contract testing between microservices with pact to ensure high performance,Role-Specific Skills
from your experience how do you keep team morale and velocity high during intense crunch periods or corporate restructuring,Leadership
in your previous projects what are the key trade-offs between cypress and apache flink when working on real-time clickstream processing,Role-Specific Skills
in your previous projects walk me through your step-by-step debugging process when memory consumption steadily climbs linearly until container restarts occurs on a mission-critical service,Problem Solving
as a senior engineer tell me about a difficult conversation you had with an external vendor technical contact and how you reached mutual agreement,Communication
from an architectural standpoint describe a time when you mentored a talented engineer struggling with imposter syndrome who was struggling with understanding distributed systems trade-offs,Leadership
could you walk me through tell me about a time you noticed an engineer feeling burned out or disengaged what actions did you take,Leadership
from your experience how do you resolve the aba problem in lock-free data structures in multithreaded applications,Technical Knowledge
in your previous projects how do you deliver constructive critical code review feedback without offending a strict qa lead,Communication
in an enterprise environment tell me about a time you had to deliver bad news regarding project delays to a non-technical client sponsor,Communication
could you walk me through explain the cap theorem and how rate limiting chooses between consistency and availability,Technical Knowledge
in your previous projects tell me about a time you had to deliver difficult feedback about understanding distributed systems trade-offs while maintaining trust,Leadership
in your previous projects how do you diagnose memory leaks in long-running containerized microservices without restarting the cluster,Problem Solving
as a senior engineer describe how you present technical trade-offs to non-technical business executives when choosing between faster time-to-market with accumulated tech debt and purchasing an off-the-shelf third-party integration,Communication
can you explain the difference between object-oriented programming and functional programming in software engineering,Technical Knowledge
could you walk me through describe how you prioritize technical debt against business feature roadmap requests at an organizational level,Leadership
how do you identify whether a performance slowdown is caused by unbounded in-memory queue buffering or application thread lock contention,Problem Solving
can you explain in frontend engineering how do you implement idempotent elt data pipelines in snowflake to ensure high performance,Role-Specific Skills
what are the key trade-offs between apache kafka and apache flink when working on real-time clickstream processing,Role-Specific Skills
as a senior engineer how does cqrs pattern work under the hood in modern distributed systems,Technical Knowledge
how would you design a system that handles low-latency financial transactions under 5ms using wal write-ahead log,Technical Knowledge
from your experience what is the difference between synchronous and asynchronous processing in rate limiting,Technical Knowledge
hypothetically describe how you design a resilient pipeline for automated test suite execution across parallel runners in modern cloud infrastructure,Role-Specific Skills
describe a challenging post-incident review where the root cause was traced back to garbage collection pause times rather than underlying cloud network packet loss,Problem Solving
in your previous projects how do you explain the difference between latency and throughput bottlenecks to client account managers,Communication
can you explain the trade-offs of using memory-mapped files in production,Technical Knowledge
from your experience what happens from a networking perspective when a packet travels across nat gateways and routers occurs,Technical Knowledge
as a senior engineer tell me about a time you stepped up to resolve an organizational deadlock involving choosing between go and rust for a new microservice,Leadership
can you explain how would you troubleshoot sudden memory exhaustion caused by a critical memory leak causing cascading oom kills,Problem Solving
from your experience what are the key trade-offs between react server components and kubernetes pods when working on microservice communication,Role-Specific Skills
as a senior engineer tell me about a time you noticed an engineer feeling burned out or disengaged what actions did you take,Leadership
how do you resolve race conditions and deadlocks in multithreaded applications,Technical Knowledge
could you walk me through how do you explain database sharding and eventual consistency to customer support specialists,Communication
from your experience describe how you supported a career switcher unfamiliar with production pipelines in transitioning to higher-impact architectural responsibilities,Leadership
in your previous projects how do you write reliable maintainable end-to-end integration tests using cypress without creating flaky tests,Role-Specific Skills
how would you design a system that handles 100 000 requests per second using message broker partitioning,Technical Knowledge
from your experience explain how jwt token signing and refresh rotation protects against common vulnerabilities in modern web applications,Technical Knowledge
how do you debug an application that runs perfectly in local staging but fails intermittently in kubernetes production,Problem Solving
from your experience describe an incident where a faulty deployment caused widespread 500 server errors what was your immediate mitigation,Problem Solving
tell me about a situation where an automated rollback failed and you had to resolve a connection pool exhaustion during a flash sale manually,Problem Solving
could you walk me through explain how you design a data lakehouse architecture using delta lake or apache iceberg,Role-Specific Skills
as a senior engineer how do you articulate complex system constraints during cross-functional sprint planning sessions,Communication
in your previous projects what are the key trade-offs between cypress and kubernetes pods when working on real-time clickstream processing,Role-Specific Skills
in an enterprise environment how do you motivate a cross-functional squad to align on moving to container orchestration and gitops without causing delivery friction,Leadership
hypothetically how do you deliver constructive critical code review feedback without offending an external vendor technical contact,Communication
during a technical review tell me about a time you had to deliver bad news regarding project delays to the chief operating officer,Communication
during a technical review tell me about a time when you diagnosed and fixed an unindexed query locking the primary production database in production,Problem Solving
in your previous projects how do you ensure accessibility cross-browser compatibility and wcag compliance in e-commerce checkout funnels,Role-Specific Skills
in an enterprise environment tell me about a time when you diagnosed and fixed a silent queue backlog causing millions of dropped events in production,Problem Solving
can you explain how do you architect an apache spark streaming job to handle out-of-order event timestamps and late data arriving,Role-Specific Skills
what are the key trade-offs between react server components and playwright when working on end-to-end regression validation,Role-Specific Skills
can you explain how would you troubleshoot sudden memory exhaustion caused by a runaway recursive background job consuming all available cpu,Problem Solving
as a senior engineer how do you handle situations where a the vp of product demands a delivery deadline you believe is unrealistic,Communication
from your experience walk me through how you would isolate an issue when clients receive partial and corrupted payload responses happens right after a major framework upgrade,Problem Solving
in an enterprise environment tell me about a time you stepped up to resolve an organizational deadlock involving enforcing strict functional programming paradigms,Leadership
can you share an example of a time when your initial hypothesis about a severe bug turned out to be wrong,Problem Solving
how would you design a system that handles millions of concurrent websocket connections using memory-mapped files,Technical Knowledge
as a senior engineer describe a time when you mentored a mid-level engineer aiming for senior promotion who was struggling with writing thorough documentation and unit tests,Leadership
during a technical review tell me about a time you successfully onboarded multiple new engineers while maintaining ongoing sprint commitments,Leadership
how do you handle data consistency and isolation levels in mysql innodb,Technical Knowledge
hypothetically how do you handle a situation where two senior engineers on your team strongly disagree on introducing graphql over restful api architecture,Leadership
as a senior engineer what methodology do you apply when decomposing a messy undocumented legacy system bug,Problem Solving
hypothetically describe a situation where a third-party dependency failed unexpectedly in production how did you resolve the outage,Problem Solving
describe a time when you mentored a newly hired backend developer adjusting to company codebase who was struggling with handling ambiguous technical specifications,Leadership
from an architectural standpoint how do you explain why refactoring technical debt prevents system crashes to non-technical business executives,Communication
as a senior engineer how do you configure and optimize kubernetes ingress controllers for enterprise production workloads,Role-Specific Skills
as a senior engineer how would you troubleshoot sudden memory exhaustion caused by an exponential spike in 504 gateway timeouts,Problem Solving
from your experience how do you debug an application that runs perfectly in local staging but fails intermittently in kubernetes production,Problem Solving
describe how you design a resilient pipeline for real-time financial transaction ingestion in modern cloud infrastructure,Role-Specific Skills
hypothetically what best practices do you follow for building reusable design system components in react,Role-Specific Skills
can you explain how do you handle a situation where two senior engineers on your team strongly disagree on introducing graphql over restful api architecture,Leadership
can you explain how do you tailor your communication style when speaking with junior engineers versus c-level executives,Communication
could you walk me through how do you identify whether a performance slowdown is caused by dns query resolution latency or microservice circuit breaker tripping prematurely,Problem Solving
how do you manage database migrations safely with zero-downtime using tools like flyway or liquibase in frontend engineering,Role-Specific Skills
in an enterprise environment in cybersecurity engineering how do you implement contract testing between microservices with pact to ensure high performance,Role-Specific Skills
during a technical review how do you explain why upgrading outdated runtime versions is critical for security to customer support specialists,Communication
how do you explain why upgrading outdated runtime versions is critical for security to sales and marketing stakeholders,Communication
what is the difference between rest and hash index,Technical Knowledge
during a technical review how do you run effective 1-on-1 meetings that support the long-term career growth of your direct reports,Leadership
describe how you present technical trade-offs to product managers without coding background when choosing between building a customized in-house solution and a resilient scalable architecture with higher initial development cost,Communication
from an architectural standpoint what is your approach to setting up distributed tracing with opentelemetry and jaeger across microservices,Role-Specific Skills
tell me about a time you had to deliver difficult feedback about writing thorough documentation and unit tests while maintaining trust,Leadership
hypothetically how do you investigate intermittent latency regressions when unoptimized disk i o swapping is suspected,Problem Solving
during a technical review how do you ensure accessibility cross-browser compatibility and wcag compliance in complex single-page applications,Role-Specific Skills
could you walk me through how do you configure and optimize apache airflow dag schedulers for enterprise production workloads,Role-Specific Skills
what are the key trade-offs between docker compose and playwright when working on real-time clickstream processing,Role-Specific Skills
hypothetically describe a time when you mentored a talented engineer struggling with imposter syndrome who was struggling with proactive communication during blockers,Leadership
could you walk me through describe a scenario where you negotiated the scope of a feature release with an impatient product owner,Communication
walk me through your step-by-step debugging process when memory consumption steadily climbs linearly until container restarts occurs on a mission-critical service,Problem Solving
from an architectural standpoint how do you debug an application that runs perfectly in local staging but fails intermittently in kubernetes production,Problem Solving
what are the key trade-offs between docker compose and kubernetes pods when working on frontend state synchronization,Role-Specific Skills
in your previous projects how do you write reliable maintainable end-to-end integration tests using playwright without creating flaky tests,Role-Specific Skills
what is the difference between monolithic architecture and microservices,Technical Knowledge
during a technical review explain how you manage state and avoid unnecessary re-renders in vue 3 applications,Role-Specific Skills
how do you identify whether a performance slowdown is caused by garbage collection pause times or underlying cloud network packet loss,Problem Solving
in an enterprise environment what is the difference between synchronous and asynchronous processing in cqrs pattern,Technical Knowledge
what are the key trade-offs between apache kafka and client-side hydration when working on real-time clickstream processing,Role-Specific Skills
from your experience describe a time when you mentored a mid-level engineer aiming for senior promotion who was struggling with code quality and test design,Leadership
could you walk me through tell me about a time you had to deliver bad news regarding project delays to the chief operating officer,Communication
hypothetically tell me about a difficult conversation you had with a strict qa lead and how you reached mutual agreement,Communication
during a technical review tell me about a time you had to deliver difficult feedback about handling ambiguous technical specifications while maintaining trust,Leadership
from an architectural standpoint tell me about a time you stepped up to resolve an organizational deadlock involving decoupling legacy monolithic database schemas,Leadership
hypothetically in cybersecurity engineering how do you implement idempotent elt data pipelines in snowflake to ensure high performance,Role-Specific Skills
from an architectural standpoint explain how cors policy enforcement protects against common vulnerabilities in modern web applications,Technical Knowledge
in your previous projects how do you handle situations where a the chief operating officer demands a delivery deadline you believe is unrealistic,Communication
in an enterprise environment how do you manage database migrations safely with zero-downtime using tools like flyway or liquibase in cybersecurity engineering,Role-Specific Skills
could you walk me through describe a time when you mentored a junior software engineer who was struggling with proactive communication during blockers,Leadership
in an enterprise environment describe a situation where executive management proposed an unreasonable technical mandate how did you push back,Leadership
as a senior engineer explain the cap theorem and how read-write replicas chooses between consistency and availability,Technical Knowledge
from your experience describe a time when you mentored a career switcher unfamiliar with production pipelines who was struggling with handling ambiguous technical specifications,Leadership
explain the cap theorem and how wal write-ahead log chooses between consistency and availability,Technical Knowledge
what are the key trade-offs between cypress and kubernetes pods when working on microservice communication,Role-Specific Skills
can you explain how do you handle disagreements during an architectural design meeting when consensus cannot be reached,Communication
how would you design a system that handles real-time analytics over petabytes of data using rate limiting,Technical Knowledge
in your previous projects how do indexes in cassandra improve query performance and what are the overhead costs,Technical Knowledge
in an enterprise environment how do you facilitate discussions between teams that have conflicting technical priorities or api requirements,Communication
could you walk me through tell me about a time you stepped up to resolve an organizational deadlock involving migrating to microservices versus modular monolith,Leadership
could you walk me through describe how you manage terraform state files lock mechanisms and module hierarchies in multi-environment setups,Role-Specific Skills
could you walk me through how do you manage database migrations safely with zero-downtime using tools like flyway or liquibase in qa automation,Role-Specific Skills
could you walk me through how do you deliver constructive critical code review feedback without offending an external vendor technical contact,Communication
could you walk me through tell me about a situation where an automated rollback failed and you had to resolve a connection pool exhaustion during a flash sale manually,Problem Solving
can you explain tell me about a time you successfully onboarded multiple new engineers while maintaining ongoing sprint commitments,Leadership
how do you handle situations where a an impatient product owner demands a delivery deadline you believe is unrealistic,Communication
in an enterprise environment how do you design a comprehensive regression testing matrix for a critical payment gateway service,Role-Specific Skills
could you walk me through how do you drive consensus on adopting strict test-driven development tdd when there is substantial resistance from legacy developers,Leadership
from an architectural standpoint can you explain the difference between object-oriented programming and imperative programming in software engineering,Technical Knowledge
from your experience tell me about a time you stepped up to resolve an organizational deadlock involving choosing between go and rust for a new microservice,Leadership
what are the key trade-offs between cypress and apache flink when working on end-to-end regression validation,Role-Specific Skills
hypothetically tell me about a difficult conversation you had with a cross-functional product manager and how you reached mutual agreement,Communication
can you explain how would you design a system that handles low-latency financial transactions under 5ms using circuit breaker pattern,Technical Knowledge
during a technical review how do you handle a situation where two senior engineers on your team strongly disagree on enforcing strict functional programming paradigms,Leadership
from your experience how do you facilitate discussions between teams that have conflicting technical priorities or api requirements,Communication
in your previous projects in frontend engineering how do you implement virtualized list rendering for 100k items to ensure high performance,Role-Specific Skills
during a technical review explain the cap theorem and how message broker partitioning chooses between consistency and availability,Technical Knowledge
describe a scenario where you negotiated the scope of a feature release with the vp of product,Communication
hypothetically explain how you manage state and avoid unnecessary re-renders in svelte applications,Role-Specific Skills
during a technical review how do you deliver constructive critical code review feedback without offending a peer software engineer with strong opinions,Communication
could you walk me through tell me about a time you stepped up to resolve an organizational deadlock involving choosing between go and rust for a new microservice,Leadership
can you explain the difference between stateful services and stateless microservices in software engineering,Technical Knowledge
during a technical review describe how you present technical trade-offs to non-technical business executives when choosing between a managed cloud proprietary service and purchasing an off-the-shelf third-party integration,Communication
what is your philosophy on servant leadership versus top-down command in high-performing engineering teams,Leadership
describe a time when you had to convince a non-technical client sponsor to prioritize allocating 30 of sprint capacity to test automation,Communication
describe a challenging post-incident review where the root cause was traced back to cpu throttling by kubernetes cfs quota rather than tcp socket file descriptor leaks,Problem Solving
what are the key trade-offs between react server components and kubernetes long-running deployments when working on real-time clickstream processing,Role-Specific Skills
from your experience how do you design an idempotent api endpoint for inventory reservation systems,Technical Knowledge
in an enterprise environment how do you manage database migrations safely with zero-downtime using tools like flyway or liquibase in qa automation,Role-Specific Skills
during a technical review what are the best practices for implementing circuit breaker pattern in a high-scale service,Technical Knowledge
from your experience in qa automation how do you implement virtualized list rendering for 100k items to ensure high performance,Role-Specific Skills
could you walk me through describe a time when you had to convince the chief operating officer to prioritize migrating legacy monolithic databases to microservices,Communication
in an enterprise environment describe a time when you had to convince the chief operating officer to prioritize allocating 30 of sprint capacity to test automation,Communication
in an enterprise environment what happens from a networking perspective when a packet travels across nat gateways and routers occurs,Technical Knowledge
as a senior engineer tell me about a time when a critical project you were leading was failing how did you turn it around,Leadership
from an architectural standpoint describe a time when you had to convince the chief operating officer to prioritize a comprehensive architectural refactor,Communication
what is the difference between synchronous and asynchronous processing in distributed transactions 2pc,Technical Knowledge
from your experience tell me about a time you noticed an engineer feeling burned out or disengaged what actions did you take,Leadership
in an enterprise environment how do you handle situations where a the chief operating officer demands a delivery deadline you believe is unrealistic,Communication
in an enterprise environment describe a time when you mentored a newly hired backend developer adjusting to company codebase who was struggling with time management and estimation accuracy,Leadership
from your experience how do you balance technical vision with day-to-day tactical execution as a team lead,Leadership
as a senior engineer what is your approach to setting up distributed tracing with opentelemetry and jaeger across microservices,Role-Specific Skills
in an enterprise environment how do you handle a situation where two senior engineers on your team strongly disagree on introducing graphql over restful api architecture,Leadership
can you explain describe a time when you mentored a intern with minimal real-world experience who was struggling with code quality and test design,Leadership
from your experience can you share an example of a time when your initial hypothesis about a severe bug turned out to be wrong,Problem Solving
in an enterprise environment in devops cloud sre how do you implement automated canary rollouts with argocd to ensure high performance,Role-Specific Skills
hypothetically how do you ensure accessibility cross-browser compatibility and wcag compliance in complex single-page applications,Role-Specific Skills
as a senior engineer describe a time when you had to convince a non-technical client sponsor to prioritize migrating legacy monolithic databases to microservices,Communication
could you walk me through how do you approach troubleshooting an intermittent issue that occurs only during automated batch database backups,Problem Solving
hypothetically how do you handle data consistency and isolation levels in mysql innodb,Technical Knowledge
can you explain describe a challenging post-incident review where the root cause was traced back to cpu throttling by kubernetes cfs quota rather than downstream third-party rate limits,Problem Solving
could you walk me through describe a situation where a third-party dependency failed unexpectedly in production how did you resolve the outage,Problem Solving
how do you handle data consistency and isolation levels in postgresql,Technical Knowledge
how would you troubleshoot sudden memory exhaustion caused by an unexpected thread deadlock freezing background queue workers,Problem Solving
from your experience describe a scenario where you negotiated the scope of a feature release with an impatient product owner,Communication
can you explain what best practices do you follow for building reusable design system components in svelte,Role-Specific Skills
as a senior engineer how do you motivate a cross-functional squad to align on mandatory peer code reviews and static security scanning without causing delivery friction,Leadership
as a senior engineer tell me about a time when you diagnosed and fixed a runaway recursive background job consuming all available cpu in production,Problem Solving
from an architectural standpoint how do you configure and optimize hashicorp vault for secrets for enterprise production workloads,Role-Specific Skills
as a senior engineer in frontend engineering how do you implement automated canary rollouts with argocd to ensure high performance,Role-Specific Skills
from your experience tell me about a time you championed a cultural change or diversity initiative within your engineering department,Leadership
can you explain walk me through how you would isolate an issue when memory consumption steadily climbs linearly until container restarts happens right after a major framework upgrade,Problem Solving
from your experience describe how you manage terraform state files lock mechanisms and module hierarchies in multi-environment setups,Role-Specific Skills
could you walk me through how do you handle situations where a the enterprise customer success director demands a delivery deadline you believe is unrealistic,Communication
how would you design a system that handles real-time analytics over petabytes of data using database sharding,Technical Knowledge
can you explain tell me about a time you successfully persuaded a skeptical teammate to adopt a new testing methodology,Communication
could you walk me through in qa automation how do you implement virtualized list rendering for 100k items to ensure high performance,Role-Specific Skills
what is the difference between symmetric encryption and udp,Technical Knowledge
from your experience in devops cloud sre how do you implement idempotent elt data pipelines in snowflake to ensure high performance,Role-Specific Skills
can you explain how do you manage database migrations safely with zero-downtime using tools like flyway or liquibase in cybersecurity engineering,Role-Specific Skills
in an enterprise environment how do you configure and optimize kubernetes ingress controllers for enterprise production workloads,Role-Specific Skills
hypothetically tell me about a time you had to deliver bad news regarding project delays to an impatient product owner,Communication
could you walk me through walk me through how you discovered and patched a silent data corruption bug in an asynchronous processing pipeline,Problem Solving
in your previous projects how do you handle a situation where two senior engineers on your team strongly disagree on migrating to microservices versus modular monolith,Leadership
as a senior engineer how do you configure and optimize apache airflow dag schedulers for enterprise production workloads,Role-Specific Skills
what are the key trade-offs between docker compose and client-side hydration when working on real-time clickstream processing,Role-Specific Skills
as a senior engineer how do you explain database sharding and eventual consistency to product managers without coding background,Communication
from an architectural standpoint what is your philosophy on servant leadership versus top-down command in high-performing engineering teams,Leadership
can you explain tell me about a time you stepped up to resolve an organizational deadlock involving choosing between go and rust for a new microservice,Leadership
as a senior engineer what are the key trade-offs between apache kafka and apache flink when working on microservice communication,Role-Specific Skills
can you explain how would you troubleshoot sudden memory exhaustion caused by a silent queue backlog causing millions of dropped events,Problem Solving
from your experience describe a challenging post-incident review where the root cause was traced back to unbounded in-memory queue buffering rather than microservice circuit breaker tripping prematurely,Problem Solving
can you explain how do you configure and optimize hashicorp vault for secrets for enterprise production workloads,Role-Specific Skills
as a senior engineer describe a time when you mentored a career switcher unfamiliar with production pipelines who was struggling with confidence in contributing to architectural design reviews,Leadership
what are the key trade-offs between react server components and kubernetes pods when working on cloud container orchestration,Role-Specific Skills
hypothetically how do you explain why upgrading outdated runtime versions is critical for security to sales and marketing stakeholders,Communication
in your previous projects how do you foster a psychological safety culture where developers feel safe admitting mistakes and proposing bold ideas,Leadership
from an architectural standpoint what strategies do you use for partition pruning and shuffling optimization in data engineering,Role-Specific Skills
during a technical review how do you ensure accessibility cross-browser compatibility and wcag compliance in mobile-responsive web applications,Role-Specific Skills
from an architectural standpoint tell me about a situation where an automated rollback failed and you had to resolve an avalanche of unhandled exceptions crashing microservice pods manually,Problem Solving
could you walk me through describe how you design a resilient pipeline for automated test suite execution across parallel runners in modern cloud infrastructure,Role-Specific Skills
how would you design a system that handles 100 000 requests per second using memory-mapped files,Technical Knowledge
from an architectural standpoint describe a time when you had to convince the vp of product to prioritize pausing new feature rollouts to fix critical security vulnerabilities,Communication
how do you motivate a cross-functional squad to align on adopting asynchronous event-driven architectures without causing delivery friction,Leadership
how do you deliver constructive critical code review feedback without offending a cross-functional product manager,Communication
in your previous projects what strategies do you use for active listening when a colleague expresses frustration with your proposal,Communication
explain how cqrs pattern impacts latency throughput and fault tolerance,Technical Knowledge
describe a time when you had to convince a non-technical client sponsor to prioritize migrating legacy monolithic databases to microservices,Communication
in your previous projects how do you explain why refactoring technical debt prevents system crashes to sales and marketing stakeholders,Communication
hypothetically how do you motivate a cross-functional squad to align on adopting asynchronous event-driven architectures without causing delivery friction,Leadership
could you walk me through tell me about a difficult conversation you had with a peer software engineer with strong opinions and how you reached mutual agreement,Communication
as a senior engineer how do you troubleshoot high cpu utilization and thread starvation when memory metrics appear completely normal,Problem Solving
explain the principles of clean architecture and when you would avoid it,Technical Knowledge
how do you troubleshoot high cpu utilization and thread starvation when memory metrics appear completely normal,Problem Solving
from an architectural standpoint describe a time when you mentored a newly hired backend developer adjusting to company codebase who was struggling with proactive communication during blockers,Leadership
what is the difference between monolithic architecture and hash index,Technical Knowledge
as a senior engineer how do you deliver constructive critical code review feedback without offending a cross-functional product manager,Communication
during a technical review in devops cloud sre how do you implement virtualized list rendering for 100k items to ensure high performance,Role-Specific Skills
can you explain in data engineering how do you implement idempotent elt data pipelines in snowflake to ensure high performance,Role-Specific Skills
from your experience tell me about a time you stepped up to resolve an organizational deadlock involving authorizing third-party cloud vendor lock-in,Leadership
from your experience describe how you supported a newly hired backend developer adjusting to company codebase in transitioning to higher-impact architectural responsibilities,Leadership
tell me about a time when you diagnosed and fixed a connection pool exhaustion during a flash sale in production,Problem Solving
describe how you present technical trade-offs to customer support specialists when choosing between a managed cloud proprietary service and an open-source self-hosted cluster,Communication
can you explain how do you explain the difference between latency and throughput bottlenecks to customer support specialists,Communication
as a senior engineer tell me about a time you investigated a critical security breach or sql injection attempt how did you contain the blast radius,Problem Solving
can you explain can you explain the difference between declarative programming and eventual consistency in software engineering,Technical Knowledge
from your experience how would you troubleshoot sudden memory exhaustion caused by a silent queue backlog causing millions of dropped events,Problem Solving
in an enterprise environment describe how you run a blameless post-mortem so the team communicates openly about mistakes,Communication
from an architectural standpoint how do you deliver constructive critical code review feedback without offending a strict qa lead,Communication
in your previous projects how do you design an idempotent api endpoint for inventory reservation systems,Technical Knowledge
can you explain how do indexes in redis improve query performance and what are the overhead costs,Technical Knowledge
in your previous projects how do you communicate a critical production outage to the vp of product during active incident response,Communication
from your experience tell me about a time you stepped up to resolve an organizational deadlock involving enforcing strict functional programming paradigms,Leadership
could you walk me through describe a complex technical problem where you had very limited log data and monitoring how did you isolate root cause,Problem Solving
in your previous projects how do you investigate intermittent latency regressions when downstream third-party rate limits is suspected,Problem Solving
how do you identify whether a performance slowdown is caused by unbounded in-memory queue buffering or unoptimized disk i o swapping,Problem Solving
in an enterprise environment how do you deliver constructive critical code review feedback without offending an external vendor technical contact,Communication
during a technical review tell me about a time when you diagnosed and fixed a silent queue backlog causing millions of dropped events in production,Problem Solving
what are the key trade-offs between aws lambda serverless and kubernetes long-running deployments when working on cloud container orchestration,Role-Specific Skills
what is the time and space complexity of k-way merge on distributed streams and how can it be optimized,Technical Knowledge
what are the key trade-offs between apache kafka and apache flink when working on cloud container orchestration,Role-Specific Skills
hypothetically how do you approach troubleshooting an intermittent issue that disappears immediately whenever verbose debug logging is enabled,Problem Solving
describe a time when you mentored a talented engineer struggling with imposter syndrome who was struggling with proactive communication during blockers,Leadership
hypothetically how do you explain why upgrading outdated runtime versions is critical for security to customer support specialists,Communication
in data engineering how do you implement virtualized list rendering for 100k items to ensure high performance,Role-Specific Skills
in an enterprise environment how do you handle situations where a the enterprise customer success director demands a delivery deadline you believe is unrealistic,Communication
from your experience what strategies do you use for hardening linux kernel parameters against ddos in cybersecurity engineering,Role-Specific Skills
from your experience describe a time when you mentored a newly hired backend developer adjusting to company codebase who was struggling with time management and estimation accuracy,Leadership
could you walk me through how do you troubleshoot high cpu utilization and thread starvation when memory metrics appear completely normal,Problem Solving
how do you identify whether a performance slowdown is caused by cpu throttling by kubernetes cfs quota or unoptimized disk i o swapping,Problem Solving
tell me about a time you had to deliver bad news regarding project delays to a non-technical client sponsor,Communication
in an enterprise environment how do you triage and prioritize five simultaneous critical production alerts during an on-call shift,Problem Solving
in your previous projects how do you articulate complex system constraints during cross-functional sprint planning sessions,Communication
as a senior engineer how do you handle a situation where two senior engineers on your team strongly disagree on choosing between go and rust for a new microservice,Leadership
describe how you present technical trade-offs to non-technical business executives when choosing between a managed cloud proprietary service and an open-source self-hosted cluster,Communication
in an enterprise environment tell me about a time when you diagnosed and fixed an unexpected thread deadlock freezing background queue workers in production,Problem Solving
in your previous projects describe how you present technical trade-offs to non-technical business executives when choosing between a managed cloud proprietary service and a resilient scalable architecture with higher initial development cost,Communication
as a senior engineer how do you handle a situation where two senior engineers on your team strongly disagree on enforcing strict functional programming paradigms,Leadership
could you walk me through tell me about an initiative you led from conception to delivery across multiple cross-functional teams,Leadership
from your experience how do you investigate intermittent latency regressions when tcp socket file descriptor leaks is suspected,Problem Solving
hypothetically describe a scenario where you had to lead a project with ambiguous requirements and tight organizational deadlines,Leadership
as a senior engineer in cybersecurity engineering how do you implement virtualized list rendering for 100k items to ensure high performance,Role-Specific Skills
during a technical review tell me about a difficult conversation you had with an external vendor technical contact and how you reached mutual agreement,Communication
hypothetically what are the best practices for implementing distributed transactions 2pc in a high-scale service,Technical Knowledge
from your experience in cybersecurity engineering how do you implement zero-trust identity-aware network segmentation to ensure high performance,Role-Specific Skills
can you explain the difference between object-oriented programming and eventual consistency in software engineering,Technical Knowledge
what is the difference between tcp and nosql databases,Technical Knowledge
during a technical review what is the time and space complexity of k-way merge on distributed streams and how can it be optimized,Technical Knowledge
during a technical review in frontend engineering how do you implement zero-trust identity-aware network segmentation to ensure high performance,Role-Specific Skills
could you walk me through explain the cap theorem and how consistent hashing chooses between consistency and availability,Technical Knowledge
as a senior engineer tell me about a situation where an automated rollback failed and you had to resolve a sudden disk i o saturation freezing asynchronous write operations manually,Problem Solving
in an enterprise environment tell me about a time you had to deliver difficult feedback about code quality and test design while maintaining trust,Leadership
hypothetically describe a scenario where you negotiated the scope of a feature release with a non-technical client sponsor,Communication
during a technical review walk me through your step-by-step debugging process when the api response time degrades from 50ms to 12 seconds occurs on a mission-critical service,Problem Solving
can you explain how do you drive consensus on adopting implementing observability and distributed tracing standards when there is substantial resistance from legacy developers,Leadership
from an architectural standpoint how do you handle data consistency and isolation levels in mysql innodb,Technical Knowledge
during a technical review describe a time when you had to manage an underperforming team member how did you handle the situation empathetically,Leadership
what is the time and space complexity of dijkstra s shortest path algorithm and how can it be optimized,Technical Knowledge
as a senior engineer how do you handle a situation where two senior engineers on your team strongly disagree on authorizing third-party cloud vendor lock-in,Leadership
could you walk me through describe a challenging post-incident review where the root cause was traced back to garbage collection pause times rather than tcp socket file descriptor leaks,Problem Solving
in an enterprise environment how would you design a system that handles real-time analytics over petabytes of data using memory-mapped files,Technical Knowledge
what are the internal mechanics of virtual method dispatch and vtables in python,Technical Knowledge
as a senior engineer what strategies do you use for partition pruning and shuffling optimization in qa automation,Role-Specific Skills
what are the internal mechanics of virtual method dispatch and vtables in rust,Technical Knowledge
what are the key trade-offs between cypress and client-side hydration when working on cloud container orchestration,Role-Specific Skills
from an architectural standpoint how does redis handle cache invalidation cache stampede and eviction policies,Technical Knowledge
during a technical review how do you approach troubleshooting an intermittent issue that disappears immediately whenever verbose debug logging is enabled,Problem Solving
could you walk me through describe the configuration of kubernetes horizontal pod autoscalers hpa based on custom prometheus metrics,Role-Specific Skills
during a technical review describe a time when you mentored a newly hired backend developer adjusting to company codebase who was struggling with handling ambiguous technical specifications,Leadership
in an enterprise environment describe a time when you had to convince the vp of product to prioritize a comprehensive architectural refactor,Communication
hypothetically walk me through your step-by-step debugging process when the http request error rate spikes to 25 occurs on a mission-critical service,Problem Solving
can you explain what strategies do you use for partition pruning and shuffling optimization in cybersecurity engineering,Role-Specific Skills
during a technical review how do you manage database migrations safely with zero-downtime using tools like flyway or liquibase in devops cloud sre,Role-Specific Skills
from your experience walk me through how you solved a stubborn distributed race condition that only occurred once every thousand requests,Problem Solving
during a technical review tell me about a time you noticed an engineer feeling burned out or disengaged what actions did you take,Leadership
in an enterprise environment how would you design a system that handles 100 000 requests per second using connection pooling,Technical Knowledge
hypothetically can you explain the difference between object-oriented programming and stateless microservices in software engineering,Technical Knowledge
hypothetically describe how you present technical trade-offs to sales and marketing stakeholders when choosing between building a customized in-house solution and an open-source self-hosted cluster,Communication
how would you design a system that handles 100 000 requests per second using connection pooling,Technical Knowledge
as a senior engineer describe how you run a blameless post-mortem so the team communicates openly about mistakes,Communication
how would you troubleshoot sudden memory exhaustion caused by a silent queue backlog causing millions of dropped events,Problem Solving
from your experience what is the difference between blue-green deployments and canary deployments in kubernetes,Role-Specific Skills
hypothetically how do you configure and optimize kubernetes ingress controllers for enterprise production workloads,Role-Specific Skills
during a technical review how do you drive consensus on adopting adopting asynchronous event-driven architectures when there is substantial resistance from legacy developers,Leadership
from an architectural standpoint what are the key trade-offs between cypress and playwright when working on real-time clickstream processing,Role-Specific Skills
from your experience explain how cors policy enforcement protects against common vulnerabilities in modern web applications,Technical Knowledge
how would you design a system that handles real-time analytics over petabytes of data using connection pooling,Technical Knowledge
can you explain tell me about a difficult conversation you had with a cross-functional product manager and how you reached mutual agreement,Communication
as a senior engineer describe a time when you mentored a newly hired backend developer adjusting to company codebase who was struggling with confidence in contributing to architectural design reviews,Leadership
as a senior engineer how do you handle situations where a the chief operating officer demands a delivery deadline you believe is unrealistic,Communication
as a senior engineer describe a time when you had to convince the chief operating officer to prioritize a comprehensive architectural refactor,Communication
can you explain how do you navigate team member promotions performance evaluations and compensation reviews fairly,Leadership
hypothetically how does in-memory guava cache handle cache invalidation cache stampede and eviction policies,Technical Knowledge
in an enterprise environment how do you investigate intermittent latency regressions when microservice circuit breaker tripping prematurely is suspected,Problem Solving
what happens from a networking perspective when a tls 1 3 handshake is established occurs,Technical Knowledge
could you walk me through how do you explain database sharding and eventual consistency to client account managers,Communication
from an architectural standpoint tell me about a time you successfully onboarded multiple new engineers while maintaining ongoing sprint commitments,Leadership
hypothetically describe a time when you mentored a career switcher unfamiliar with production pipelines who was struggling with understanding distributed systems trade-offs,Leadership
hypothetically describe a time when you had to convince an impatient product owner to prioritize a comprehensive architectural refactor,Communication
during a technical review how do you explain why refactoring technical debt prevents system crashes to client account managers,Communication
could you walk me through how would you troubleshoot sudden memory exhaustion caused by a critical memory leak causing cascading oom kills,Problem Solving
during a technical review how do you resolve the aba problem in lock-free data structures in multithreaded applications,Technical Knowledge
could you walk me through explain the cap theorem and how read-write replicas chooses between consistency and availability,Technical Knowledge
explain the principles of event sourcing and when you would avoid it,Technical Knowledge
can you explain the difference between strong consistency and functional programming in software engineering,Technical Knowledge
from your experience tell me about a time you had to deliver difficult feedback about handling ambiguous technical specifications while maintaining trust,Leadership
from your experience describe a challenging post-incident review where the root cause was traced back to garbage collection pause times rather than downstream third-party rate limits,Problem Solving
as a senior engineer describe the configuration of kubernetes horizontal pod autoscalers hpa based on custom prometheus metrics,Role-Specific Skills
in your previous projects how does in-memory guava cache handle cache invalidation cache stampede and eviction policies,Technical Knowledge
hypothetically how do you handle situations where a the chief operating officer demands a delivery deadline you believe is unrealistic,Communication
in an enterprise environment how do you keep team morale and velocity high during intense crunch periods or corporate restructuring,Leadership
from an architectural standpoint describe how you design a resilient pipeline for zero-downtime database schema migration in modern cloud infrastructure,Role-Specific Skills
hypothetically how do you troubleshoot high cpu utilization and thread starvation when memory metrics appear completely normal,Problem Solving
in an enterprise environment in cybersecurity engineering how do you implement idempotent elt data pipelines in snowflake to ensure high performance,Role-Specific Skills
hypothetically what is the difference between blue-green deployments and canary deployments in kubernetes,Role-Specific Skills
in an enterprise environment how do you deliver constructive critical code review feedback without offending a legacy system maintainer,Communication
could you walk me through how do you explain why refactoring technical debt prevents system crashes to client account managers,Communication
could you walk me through tell me about a time you stepped up to resolve an organizational deadlock involving authorizing third-party cloud vendor lock-in,Leadership
what methodology do you apply when decomposing a messy undocumented legacy system bug,Problem Solving
during a technical review how do you investigate intermittent latency regressions when tcp socket file descriptor leaks is suspected,Problem Solving
what are the key trade-offs between docker compose and apache flink when working on real-time clickstream processing,Role-Specific Skills
as a senior engineer what are the best practices for implementing memory-mapped files in a high-scale service,Technical Knowledge
could you walk me through what is the difference between synchronous and asynchronous processing in read-write replicas,Technical Knowledge
from your experience how do you handle situations where a an impatient product owner demands a delivery deadline you believe is unrealistic,Communication
as a senior engineer what are the key trade-offs between docker compose and kubernetes pods when working on frontend state synchronization,Role-Specific Skills
what are the key trade-offs between apache kafka and client-side hydration when working on end-to-end regression validation,Role-Specific Skills
as a senior engineer how do you keep team morale and velocity high during intense crunch periods or corporate restructuring,Leadership
in your previous projects what is your philosophy on servant leadership versus top-down command in high-performing engineering teams,Leadership
in your previous projects how do you write reliable maintainable end-to-end integration tests using selenium grid without creating flaky tests,Role-Specific Skills
during a technical review what is the difference between kafka and hash index,Technical Knowledge
can you explain tell me about a time you stepped up to resolve an organizational deadlock involving introducing graphql over restful api architecture,Leadership
can you explain the difference between strong consistency and imperative programming in software engineering,Technical Knowledge
what is the difference between b-tree index and asymmetric encryption,Technical Knowledge
from your experience tell me about a time you stepped up to resolve an organizational deadlock involving enforcing 90 code coverage requirements on pull requests,Leadership
hypothetically in devops cloud sre how do you implement contract testing between microservices with pact to ensure high performance,Role-Specific Skills
as a senior engineer how do you handle a situation where two senior engineers on your team strongly disagree on decoupling legacy monolithic database schemas,Leadership
how do you navigate team member promotions performance evaluations and compensation reviews fairly,Leadership
from an architectural standpoint how do you drive consensus on adopting implementing observability and distributed tracing standards when there is substantial resistance from legacy developers,Leadership
from an architectural standpoint describe how you supported a mid-level engineer aiming for senior promotion in transitioning to higher-impact architectural responsibilities,Leadership
describe a time when you had to manage an underperforming team member how did you handle the situation empathetically,Leadership
from your experience tell me about a time when a critical project you were leading was failing how did you turn it around,Leadership
as a senior engineer describe how you prioritize technical debt against business feature roadmap requests at an organizational level,Leadership
in your previous projects describe the configuration of kubernetes horizontal pod autoscalers hpa based on custom prometheus metrics,Role-Specific Skills
can you explain describe a scenario where you negotiated the scope of a feature release with the chief operating officer,Communication
from an architectural standpoint describe an incident where a faulty deployment caused widespread 500 server errors what was your immediate mitigation,Problem Solving
how do you identify whether a performance slowdown is caused by database connection pooling saturation or downstream third-party rate limits,Problem Solving
in your previous projects how do you profile and eliminate bundle bloat tree-shaking failures and excessive css in modern web applications,Role-Specific Skills
hypothetically how do you design an idempotent api endpoint for user order placement checkout,Technical Knowledge
hypothetically describe a time when you mentored a newly hired backend developer adjusting to company codebase who was struggling with writing thorough documentation and unit tests,Leadership
in an enterprise environment tell me about a time you had to deliver difficult feedback about handling ambiguous technical specifications while maintaining trust,Leadership
tell me about a time when you diagnosed and fixed a silent queue backlog causing millions of dropped events in production,Problem Solving
from your experience how do you configure and optimize prometheus and grafana dashboards for enterprise production workloads,Role-Specific Skills
in an enterprise environment describe how you design a resilient pipeline for real-time financial transaction ingestion in modern cloud infrastructure,Role-Specific Skills
can you explain how do you run effective 1-on-1 meetings that support the long-term career growth of your direct reports,Leadership
can you explain tell me about a time you had to deliver difficult feedback about time management and estimation accuracy while maintaining trust,Leadership
during a technical review explain the cap theorem and how connection pooling chooses between consistency and availability,Technical Knowledge
describe how you present technical trade-offs to product managers without coding background when choosing between building a customized in-house solution and an open-source self-hosted cluster,Communication
could you walk me through how do you motivate a cross-functional squad to align on moving to container orchestration and gitops without causing delivery friction,Leadership
from your experience how do you handle data consistency and isolation levels in elasticsearch,Technical Knowledge
in an enterprise environment describe how you present technical trade-offs to customer support specialists when choosing between faster time-to-market with accumulated tech debt and an open-source self-hosted cluster,Communication
as a senior engineer describe how you supported a newly hired backend developer adjusting to company codebase in transitioning to higher-impact architectural responsibilities,Leadership
hypothetically how do you write reliable maintainable end-to-end integration tests using cypress without creating flaky tests,Role-Specific Skills
from an architectural standpoint how do you drive consensus on adopting adopting asynchronous event-driven architectures when there is substantial resistance from legacy developers,Leadership
in your previous projects describe a challenging post-incident review where the root cause was traced back to garbage collection pause times rather than underlying cloud network packet loss,Problem Solving
in your previous projects how do you balance delegating important tasks to junior developers while maintaining high delivery quality,Leadership
what is the difference between tcp and rabbitmq,Technical Knowledge
hypothetically explain how consistent hashing impacts latency throughput and fault tolerance,Technical Knowledge
in your previous projects tell me about a time you stepped up to resolve an organizational deadlock involving choosing between go and rust for a new microservice,Leadership
in your previous projects tell me about a time you had to deliver difficult feedback about confidence in contributing to architectural design reviews while maintaining trust,Leadership
from your experience how do indexes in cassandra improve query performance and what are the overhead costs,Technical Knowledge
as a senior engineer describe how you present technical trade-offs to client account managers when choosing between building a customized in-house solution and an open-source self-hosted cluster,Communication
as a senior engineer how do you investigate intermittent latency regressions when underlying cloud network packet loss is suspected,Problem Solving
during a technical review how do you keep team morale and velocity high during intense crunch periods or corporate restructuring,Leadership
can you explain tell me about a time when you diagnosed and fixed an exponential spike in 504 gateway timeouts in production,Problem Solving
as a senior engineer what is the difference between synchronous and asynchronous processing in rate limiting,Technical Knowledge
during a technical review tell me about a time when you diagnosed and fixed a connection pool exhaustion during a flash sale in production,Problem Solving
from your experience what is the difference between synchronous and asynchronous processing in database sharding,Technical Knowledge
in an enterprise environment how do you debug an application that runs perfectly in local staging but fails intermittently in kubernetes production,Problem Solving
during a technical review what are the key trade-offs between cypress and client-side hydration when working on cloud container orchestration,Role-Specific Skills
from an architectural standpoint can you explain the difference between strong consistency and functional programming in software engineering,Technical Knowledge
can you explain explain the cap theorem and how database sharding chooses between consistency and availability,Technical Knowledge
in your previous projects how do you handle situations where a the enterprise customer success director demands a delivery deadline you believe is unrealistic,Communication
in your previous projects tell me about a time you had to deliver difficult feedback about time management and estimation accuracy while maintaining trust,Leadership
can you explain what best practices do you follow for building reusable design system components in vue 3,Role-Specific Skills
in an enterprise environment tell me about a time you stepped up to resolve an organizational deadlock involving decoupling legacy monolithic database schemas,Leadership
as a senior engineer how do you investigate intermittent latency regressions when downstream third-party rate limits is suspected,Problem Solving
from an architectural standpoint how would you design a system that handles 100 000 requests per second using distributed transactions 2pc,Technical Knowledge
in an enterprise environment can you share an experience where miscommunication led to a bug or delay and how you corrected it,Communication
walk me through how you would isolate an issue when the api response time degrades from 50ms to 12 seconds happens right after a major framework upgrade,Problem Solving
in an enterprise environment how do you motivate a cross-functional squad to align on automated cicd trunk-based development without causing delivery friction,Leadership
during a technical review tell me about a time you stepped up to resolve an organizational deadlock involving enforcing strict functional programming paradigms,Leadership
describe how you present technical trade-offs to sales and marketing stakeholders when choosing between faster time-to-market with accumulated tech debt and a resilient scalable architecture with higher initial development cost,Communication
in an enterprise environment tell me about a situation where an automated rollback failed and you had to resolve a silent queue backlog causing millions of dropped events manually,Problem Solving
can you explain describe a time when you mentored a mid-level engineer aiming for senior promotion who was struggling with code quality and test design,Leadership
from an architectural standpoint how do you keep team morale and velocity high during intense crunch periods or corporate restructuring,Leadership
can you explain how do you establish engineering standards code quality benchmarks and automated testing rigor across a team,Leadership
what strategies do you use for optimizing core web vitals lcp inp cls in frontend engineering,Role-Specific Skills
how would you design a system that handles low-latency financial transactions under 5ms using cqrs pattern,Technical Knowledge
from your experience walk me through how you would isolate an issue when database replication lag surges past 30 minutes happens right after a major framework upgrade,Problem Solving
in an enterprise environment describe how you present technical trade-offs to non-technical business executives when choosing between building a customized in-house solution and purchasing an off-the-shelf third-party integration,Communication
could you walk me through what best practices do you follow for building reusable design system components in angular,Role-Specific Skills
describe how you present technical trade-offs to client account managers when choosing between faster time-to-market with accumulated tech debt and a resilient scalable architecture with higher initial development cost,Communication
how would you design a system that handles millions of concurrent websocket connections using circuit breaker pattern,Technical Knowledge
what are the best practices for implementing distributed transactions 2pc in a high-scale service,Technical Knowledge
from an architectural standpoint tell me about a difficult conversation you had with a peer software engineer with strong opinions and how you reached mutual agreement,Communication
in an enterprise environment what best practices do you follow for building reusable design system components in angular,Role-Specific Skills
from an architectural standpoint how do you investigate intermittent latency regressions when tcp socket file descriptor leaks is suspected,Problem Solving
in an enterprise environment how do you resolve thread starvation and livelocks in multithreaded applications,Technical Knowledge
in an enterprise environment tell me about a time you had to deliver bad news regarding project delays to the enterprise customer success director,Communication
in an enterprise environment describe how you present technical trade-offs to product managers without coding background when choosing between faster time-to-market with accumulated tech debt and an open-source self-hosted cluster,Communication
in your previous projects how do you motivate a cross-functional squad to align on mandatory peer code reviews and static security scanning without causing delivery friction,Leadership
during a technical review describe a time when you mentored a junior software engineer who was struggling with code quality and test design,Leadership
can you explain how do you design a comprehensive regression testing matrix for a critical payment gateway service,Role-Specific Skills
how do you communicate a critical production outage to the vp of product during active incident response,Communication
hypothetically what are the key trade-offs between react server components and kubernetes pods when working on cloud container orchestration,Role-Specific Skills
from your experience describe a time when you had to convince the enterprise customer success director to prioritize a comprehensive architectural refactor,Communication
describe a scenario where you had to lead a project with ambiguous requirements and tight organizational deadlines,Leadership
what are the key trade-offs between react server components and client-side hydration when working on cloud container orchestration,Role-Specific Skills
can you explain describe a time when you mentored a career switcher unfamiliar with production pipelines who was struggling with confidence in contributing to architectural design reviews,Leadership
from your experience how do you drive consensus on adopting strict test-driven development tdd when there is substantial resistance from legacy developers,Leadership
from an architectural standpoint what strategies do you use for partition pruning and shuffling optimization in cybersecurity engineering,Role-Specific Skills
from your experience describe a time when you mentored a talented engineer struggling with imposter syndrome who was struggling with handling ambiguous technical specifications,Leadership
during a technical review what happens from a networking perspective when a packet travels across nat gateways and routers occurs,Technical Knowledge
what are the key trade-offs between docker compose and apache flink when working on frontend state synchronization,Role-Specific Skills
from an architectural standpoint describe how you present technical trade-offs to sales and marketing stakeholders when choosing between faster time-to-market with accumulated tech debt and a resilient scalable architecture with higher initial development cost,Communication
can you explain tell me about a time you investigated a critical security breach or sql injection attempt how did you contain the blast radius,Problem Solving
can you explain how do you profile and eliminate bundle bloat tree-shaking failures and excessive css in modern web applications,Role-Specific Skills
how would you design a system that handles low-latency financial transactions under 5ms using consistent hashing,Technical Knowledge
in your previous projects explain the cap theorem and how message broker partitioning chooses between consistency and availability,Technical Knowledge
could you walk me through how do you explain the difference between latency and throughput bottlenecks to non-technical business executives,Communication
can you explain what strategies do you use for hardening linux kernel parameters against ddos in qa automation,Role-Specific Skills
from an architectural standpoint describe how you run a blameless post-mortem so the team communicates openly about mistakes,Communication
can you explain what is your approach to setting up distributed tracing with opentelemetry and jaeger across microservices,Role-Specific Skills
hypothetically what best practices do you follow for building reusable design system components in angular,Role-Specific Skills
describe a time when you had to convince a non-technical client sponsor to prioritize pausing new feature rollouts to fix critical security vulnerabilities,Communication
from an architectural standpoint can you explain the difference between declarative programming and functional programming in software engineering,Technical Knowledge
in an enterprise environment tell me about a time when you resolved a catastrophic database deadlock under peak traffic,Problem Solving
can you explain how do you diagnose memory leaks in long-running containerized microservices without restarting the cluster,Problem Solving
hypothetically how do you ensure requirements and technical architecture are clearly understood across a distributed team,Communication
during a technical review how do you deliver constructive critical code review feedback without offending a strict qa lead,Communication
describe how you present technical trade-offs to client account managers when choosing between faster time-to-market with accumulated tech debt and purchasing an off-the-shelf third-party integration,Communication
in an enterprise environment explain how database sharding impacts latency throughput and fault tolerance,Technical Knowledge
what is the difference between processes and nosql databases,Technical Knowledge
in your previous projects describe a complex technical problem where you had very limited log data and monitoring how did you isolate root cause,Problem Solving
explain how connection pooling impacts latency throughput and fault tolerance,Technical Knowledge
describe how you present technical trade-offs to product managers without coding background when choosing between a managed cloud proprietary service and an open-source self-hosted cluster,Communication
in your previous projects describe a time when you had to convince the vp of product to prioritize allocating 30 of sprint capacity to test automation,Communication
as a senior engineer describe how you design a resilient pipeline for zero-downtime database schema migration in modern cloud infrastructure,Role-Specific Skills
hypothetically how do you communicate a critical production outage to the enterprise customer success director during active incident response,Communication
could you walk me through how do you design an idempotent api endpoint for user order placement checkout,Technical Knowledge
in your previous projects tell me about a situation where an automated rollback failed and you had to resolve a silent queue backlog causing millions of dropped events manually,Problem Solving
can you explain how do you configure and optimize prometheus and grafana dashboards for enterprise production workloads,Role-Specific Skills
hypothetically what methodology do you apply when decomposing a messy undocumented legacy system bug,Problem Solving
can you explain how do you investigate intermittent latency regressions when downstream third-party rate limits is suspected,Problem Solving
what is the difference between synchronous and asynchronous processing in read-write replicas,Technical Knowledge
in an enterprise environment how do you explain why distributed consensus algorithms cannot guarantee zero latency to product managers without coding background,Communication
can you explain describe a scenario where you negotiated the scope of a feature release with an impatient product owner,Communication
hypothetically describe a time when you mentored a career switcher unfamiliar with production pipelines who was struggling with handling ambiguous technical specifications,Leadership
could you walk me through how do you establish engineering standards code quality benchmarks and automated testing rigor across a team,Leadership
can you explain describe a challenging post-incident review where the root cause was traced back to dns query resolution latency rather than application thread lock contention,Problem Solving
describe a time when you mentored a mid-level engineer aiming for senior promotion who was struggling with proactive communication during blockers,Leadership
what strategies do you use for mocking flaky third-party payment endpoints in data engineering,Role-Specific Skills
during a technical review describe a challenging post-incident review where the root cause was traced back to garbage collection pause times rather than unoptimized disk i o swapping,Problem Solving
during a technical review describe a time when you had to convince the vp of product to prioritize pausing new feature rollouts to fix critical security vulnerabilities,Communication
from your experience tell me about a time you had to deliver bad news regarding project delays to an impatient product owner,Communication
hypothetically how does garbage collection work in java and how can you minimize stop-the-world pauses,Technical Knowledge
in your previous projects how would you troubleshoot sudden memory exhaustion caused by an avalanche of unhandled exceptions crashing microservice pods,Problem Solving
during a technical review how do you configure and optimize nextjs ssr caching layers for enterprise production workloads,Role-Specific Skills
can you explain how do you handle a situation where two senior engineers on your team strongly disagree on enforcing 90 code coverage requirements on pull requests,Leadership
how would you troubleshoot sudden memory exhaustion caused by a sudden disk i o saturation freezing asynchronous write operations,Problem Solving
from an architectural standpoint describe how you supported a career switcher unfamiliar with production pipelines in transitioning to higher-impact architectural responsibilities,Leadership
can you explain describe how you manage terraform state files lock mechanisms and module hierarchies in multi-environment setups,Role-Specific Skills
hypothetically how do you handle situations where a an impatient product owner demands a delivery deadline you believe is unrealistic,Communication
tell me about a time when a critical project you were leading was failing how did you turn it around,Leadership
from your experience how do you deliver constructive critical code review feedback without offending a cross-functional product manager,Communication
in an enterprise environment how do you explain why upgrading outdated runtime versions is critical for security to client account managers,Communication
could you walk me through what best practices do you follow for building reusable design system components in vue 3,Role-Specific Skills
in your previous projects what is the difference between tcp and http 3,Technical Knowledge
describe how you manage terraform state files lock mechanisms and module hierarchies in multi-environment setups,Role-Specific Skills
how do you resolve thread starvation and livelocks in multithreaded applications,Technical Knowledge
hypothetically describe a time when you mentored a junior software engineer who was struggling with understanding distributed systems trade-offs,Leadership
hypothetically describe a challenging post-incident review where the root cause was traced back to garbage collection pause times rather than unoptimized disk i o swapping,Problem Solving
from your experience how do you communicate a critical production outage to the chief operating officer during active incident response,Communication
could you walk me through how do you tailor your communication style when speaking with junior engineers versus c-level executives,Communication
hypothetically how do you drive consensus on adopting moving to container orchestration and gitops when there is substantial resistance from legacy developers,Leadership
as a senior engineer tell me about a difficult conversation you had with a strict qa lead and how you reached mutual agreement,Communication
how do you manage database migrations safely with zero-downtime using tools like flyway or liquibase in qa automation,Role-Specific Skills
can you explain how do you write reliable maintainable end-to-end integration tests using playwright without creating flaky tests,Role-Specific Skills
during a technical review how does in-memory guava cache handle cache invalidation cache stampede and eviction policies,Technical Knowledge
from your experience describe how you run a blameless post-mortem so the team communicates openly about mistakes,Communication
during a technical review describe a challenging post-incident review where the root cause was traced back to unbounded in-memory queue buffering rather than tcp socket file descriptor leaks,Problem Solving
from an architectural standpoint describe how you present technical trade-offs to customer support specialists when choosing between a managed cloud proprietary service and a resilient scalable architecture with higher initial development cost,Communication
from your experience what happens from a networking perspective when a dns recursive resolution query is executed occurs,Technical Knowledge
can you explain what is the difference between synchronous and asynchronous processing in wal write-ahead log,Technical Knowledge
tell me about a time you stepped up to resolve an organizational deadlock involving authorizing third-party cloud vendor lock-in,Leadership
in an enterprise environment describe how you present technical trade-offs to non-technical business executives when choosing between faster time-to-market with accumulated tech debt and purchasing an off-the-shelf third-party integration,Communication
as a senior engineer tell me about a time you successfully persuaded a skeptical teammate to adopt a new testing methodology,Communication
how do you explain why refactoring technical debt prevents system crashes to customer support specialists,Communication
during a technical review in frontend engineering how do you implement automated canary rollouts with argocd to ensure high performance,Role-Specific Skills
hypothetically tell me about a time you had to deliver difficult feedback about time management and estimation accuracy while maintaining trust,Leadership
can you explain the difference between declarative programming and functional programming in software engineering,Technical Knowledge
hypothetically how do you explain why distributed consensus algorithms cannot guarantee zero latency to client account managers,Communication
from your experience describe how you prioritize technical debt against business feature roadmap requests at an organizational level,Leadership
as a senior engineer explain how you manage state and avoid unnecessary re-renders in react applications,Role-Specific Skills
hypothetically tell me about a time you had to deliver difficult feedback about proactive communication during blockers while maintaining trust,Leadership
what strategies do you use for partition pruning and shuffling optimization in data engineering,Role-Specific Skills
during a technical review tell me about a time you used profiling tools e g flamegraphs pprof visualvm to resolve a massive latency spike,Problem Solving
could you walk me through in data engineering how do you implement virtualized list rendering for 100k items to ensure high performance,Role-Specific Skills
hypothetically how do you explain the difference between latency and throughput bottlenecks to non-technical business executives,Communication
during a technical review walk me through how you would isolate an issue when the api response time degrades from 50ms to 12 seconds happens right after a major framework upgrade,Problem Solving
from an architectural standpoint what is the difference between processes and pessimistic locking,Technical Knowledge
in your previous projects in frontend engineering how do you implement zero-trust identity-aware network segmentation to ensure high performance,Role-Specific Skills
hypothetically what strategies do you use for hardening linux kernel parameters against ddos in cybersecurity engineering,Role-Specific Skills
in your previous projects how do you drive consensus on adopting adopting asynchronous event-driven architectures when there is substantial resistance from legacy developers,Leadership
from an architectural standpoint how do you drive consensus on adopting strict test-driven development tdd when there is substantial resistance from legacy developers,Leadership
during a technical review how do you explain why upgrading outdated runtime versions is critical for security to client account managers,Communication
can you explain in devops cloud sre how do you implement idempotent elt data pipelines in snowflake to ensure high performance,Role-Specific Skills
in your previous projects how do you handle disagreements during an architectural design meeting when consensus cannot be reached,Communication
how do you motivate a cross-functional squad to align on mandatory peer code reviews and static security scanning without causing delivery friction,Leadership
could you walk me through explain how you manage state and avoid unnecessary re-renders in react applications,Role-Specific Skills
hypothetically how do you manage database migrations safely with zero-downtime using tools like flyway or liquibase in data engineering,Role-Specific Skills
how would you design a system that handles geo-distributed user sessions with instant failover using message broker partitioning,Technical Knowledge
in an enterprise environment how do you handle a situation where two senior engineers on your team strongly disagree on enforcing 90 code coverage requirements on pull requests,Leadership
how do you write reliable maintainable end-to-end integration tests using selenium grid without creating flaky tests,Role-Specific Skills
in an enterprise environment describe a time when you mentored a intern with minimal real-world experience who was struggling with time management and estimation accuracy,Leadership
in an enterprise environment how do you drive consensus on adopting strict test-driven development tdd when there is substantial resistance from legacy developers,Leadership
from your experience describe a time when you mentored a career switcher unfamiliar with production pipelines who was struggling with proactive communication during blockers,Leadership
from an architectural standpoint describe how you present technical trade-offs to sales and marketing stakeholders when choosing between faster time-to-market with accumulated tech debt and an open-source self-hosted cluster,Communication
what are the key trade-offs between aws lambda serverless and kubernetes long-running deployments when working on end-to-end regression validation,Role-Specific Skills
can you explain describe how you supported a talented engineer struggling with imposter syndrome in transitioning to higher-impact architectural responsibilities,Leadership
in an enterprise environment in qa automation how do you implement contract testing between microservices with pact to ensure high performance,Role-Specific Skills
describe how you present technical trade-offs to customer support specialists when choosing between a managed cloud proprietary service and a resilient scalable architecture with higher initial development cost,Communication
in your previous projects how do you identify whether a performance slowdown is caused by cpu throttling by kubernetes cfs quota or unoptimized disk i o swapping,Problem Solving
from an architectural standpoint describe how you present technical trade-offs to product managers without coding background when choosing between faster time-to-market with accumulated tech debt and purchasing an off-the-shelf third-party integration,Communication
in an enterprise environment how do you balance delegating important tasks to junior developers while maintaining high delivery quality,Leadership
from an architectural standpoint what happens from a networking perspective when a tls 1 3 handshake is established occurs,Technical Knowledge
from an architectural standpoint describe a challenging post-incident review where the root cause was traced back to unbounded in-memory queue buffering rather than microservice circuit breaker tripping prematurely,Problem Solving
could you walk me through in qa automation how do you implement zero-trust identity-aware network segmentation to ensure high performance,Role-Specific Skills
how do you identify whether a performance slowdown is caused by database connection pooling saturation or tcp socket file descriptor leaks,Problem Solving
could you walk me through describe how you design a resilient pipeline for real-time financial transaction ingestion in modern cloud infrastructure,Role-Specific Skills
walk me through how you would isolate an issue when kafka consumer lag continuously grows without consumer rebalancing happens right after a major framework upgrade,Problem Solving
hypothetically how do you tailor your communication style when speaking with junior engineers versus c-level executives,Communication
can you explain what are the key trade-offs between react server components and client-side hydration when working on real-time clickstream processing,Role-Specific Skills
as a senior engineer how do you handle disagreements during an architectural design meeting when consensus cannot be reached,Communication
describe a challenging post-incident review where the root cause was traced back to dns query resolution latency rather than application thread lock contention,Problem Solving
could you walk me through tell me about a time you had to deliver difficult feedback about proactive communication during blockers while maintaining trust,Leadership
as a senior engineer how would you design a system that handles real-time analytics over petabytes of data using rate limiting,Technical Knowledge
describe a time when you mentored a career switcher unfamiliar with production pipelines who was struggling with code quality and test design,Leadership
how do you deliver constructive critical code review feedback without offending a strict qa lead,Communication
hypothetically explain how cors policy enforcement protects against common vulnerabilities in modern web applications,Technical Knowledge
in an enterprise environment describe how you present technical trade-offs to non-technical business executives when choosing between faster time-to-market with accumulated tech debt and an open-source self-hosted cluster,Communication
could you walk me through tell me about a time when you diagnosed and fixed a redis cluster split-brain event causing state inconsistency in production,Problem Solving
as a senior engineer how do you facilitate discussions between teams that have conflicting technical priorities or api requirements,Communication
hypothetically tell me about a time you stepped up to resolve an organizational deadlock involving introducing graphql over restful api architecture,Leadership
in your previous projects what is the difference between blue-green deployments and canary deployments in kubernetes,Role-Specific Skills
in an enterprise environment tell me about a time you stepped up to resolve an organizational deadlock involving introducing graphql over restful api architecture,Leadership
hypothetically can you explain the trade-offs of using memory-mapped files in production,Technical Knowledge
could you walk me through how do you navigate team member promotions performance evaluations and compensation reviews fairly,Leadership
how does circuit breaker pattern work under the hood in modern distributed systems,Technical Knowledge
how do you drive consensus on adopting strict test-driven development tdd when there is substantial resistance from legacy developers,Leadership
what are the key trade-offs between aws lambda serverless and apache flink when working on cloud container orchestration,Role-Specific Skills
how would you design a system that handles geo-distributed user sessions with instant failover using database sharding,Technical Knowledge
from an architectural standpoint tell me about a time you had to deliver difficult feedback about writing thorough documentation and unit tests while maintaining trust,Leadership
as a senior engineer how does cdn edge caching handle cache invalidation cache stampede and eviction policies,Technical Knowledge
in an enterprise environment what strategies do you use for hardening linux kernel parameters against ddos in data engineering,Role-Specific Skills
could you walk me through tell me about a time you used profiling tools e g flamegraphs pprof visualvm to resolve a massive latency spike,Problem Solving
describe a challenging post-incident review where the root cause was traced back to dns query resolution latency rather than microservice circuit breaker tripping prematurely,Problem Solving
during a technical review describe a scenario where you negotiated the scope of a feature release with an impatient product owner,Communication
can you explain in cybersecurity engineering how do you implement contract testing between microservices with pact to ensure high performance,Role-Specific Skills
as a senior engineer what is the difference between b-tree index and nosql databases,Technical Knowledge
from an architectural standpoint can you explain the difference between strong consistency and stateless microservices in software engineering,Technical Knowledge
in an enterprise environment how do you drive consensus on adopting mandatory peer code reviews and static security scanning when there is substantial resistance from legacy developers,Leadership
describe a time when you mentored a junior software engineer who was struggling with confidence in contributing to architectural design reviews,Leadership
can you explain how do you secure a cicd pipeline against supply chain attacks compromised packages and secret leakage,Role-Specific Skills
in an enterprise environment tell me about a time you had to deliver difficult feedback about understanding distributed systems trade-offs while maintaining trust,Leadership
can you explain tell me about a time when you diagnosed and fixed an unindexed query locking the primary production database in production,Problem Solving
during a technical review describe how you supported a newly hired backend developer adjusting to company codebase in transitioning to higher-impact architectural responsibilities,Leadership
describe a time when you mentored a junior software engineer who was struggling with code quality and test design,Leadership
tell me about a time when you diagnosed and fixed an exponential spike in 504 gateway timeouts in production,Problem Solving
how do you handle a situation where two senior engineers on your team strongly disagree on authorizing third-party cloud vendor lock-in,Leadership
from an architectural standpoint walk me through your step-by-step debugging process when memory consumption steadily climbs linearly until container restarts occurs on a mission-critical service,Problem Solving
in an enterprise environment walk me through how you solved a stubborn distributed race condition that only occurred once every thousand requests,Problem Solving
what is the difference between sql databases and asymmetric encryption,Technical Knowledge
describe a challenging post-incident review where the root cause was traced back to unbounded in-memory queue buffering rather than downstream third-party rate limits,Problem Solving
could you walk me through describe a time when you mentored a career switcher unfamiliar with production pipelines who was struggling with handling ambiguous technical specifications,Leadership
in your previous projects tell me about a time you had to deliver bad news regarding project delays to the chief operating officer,Communication
could you walk me through in data engineering how do you implement contract testing between microservices with pact to ensure high performance,Role-Specific Skills
from an architectural standpoint how do you handle situations where a an impatient product owner demands a delivery deadline you believe is unrealistic,Communication
describe a time when you had to convince the chief operating officer to prioritize pausing new feature rollouts to fix critical security vulnerabilities,Communication
tell me about a time you had to deliver difficult feedback about code quality and test design while maintaining trust,Leadership
hypothetically what is the difference between kafka and nosql databases,Technical Knowledge
from your experience tell me about a difficult conversation you had with a legacy system maintainer and how you reached mutual agreement,Communication
in an enterprise environment describe how you supported a newly hired backend developer adjusting to company codebase in transitioning to higher-impact architectural responsibilities,Leadership
could you walk me through how does cdn edge caching handle cache invalidation cache stampede and eviction policies,Technical Knowledge
describe a challenging post-incident review where the root cause was traced back to database connection pooling saturation rather than tcp socket file descriptor leaks,Problem Solving
during a technical review in devops cloud sre how do you implement contract testing between microservices with pact to ensure high performance,Role-Specific Skills
how do you triage and prioritize five simultaneous critical production alerts during an on-call shift,Problem Solving
during a technical review describe a time when you mentored a mid-level engineer aiming for senior promotion who was struggling with proactive communication during blockers,Leadership
hypothetically how do you investigate intermittent latency regressions when downstream third-party rate limits is suspected,Problem Solving
how do you explain why distributed consensus algorithms cannot guarantee zero latency to product managers without coding background,Communication
as a senior engineer how do you drive consensus on adopting mandatory peer code reviews and static security scanning when there is substantial resistance from legacy developers,Leadership
from your experience walk me through your step-by-step debugging process when worker nodes abruptly crash without emitting a stack trace occurs on a mission-critical service,Problem Solving
during a technical review how do you write reliable maintainable end-to-end integration tests using playwright without creating flaky tests,Role-Specific Skills
describe a challenging post-incident review where the root cause was traced back to garbage collection pause times rather than unoptimized disk i o swapping,Problem Solving
in an enterprise environment walk me through how you discovered and patched a silent data corruption bug in an asynchronous processing pipeline,Problem Solving
how do you handle disagreements during an architectural design meeting when consensus cannot be reached,Communication
can you explain walk me through how you would isolate an issue when the http request error rate spikes to 25 happens right after a major framework upgrade,Problem Solving
could you walk me through in devops cloud sre how do you implement contract testing between microservices with pact to ensure high performance,Role-Specific Skills
describe how you present technical trade-offs to product managers without coding background when choosing between faster time-to-market with accumulated tech debt and purchasing an off-the-shelf third-party integration,Communication
from an architectural standpoint tell me about a time you stepped up to resolve an organizational deadlock involving enforcing 90 code coverage requirements on pull requests,Leadership
from your experience in frontend engineering how do you implement zero-trust identity-aware network segmentation to ensure high performance,Role-Specific Skills
from an architectural standpoint tell me about a time you had to deliver difficult feedback about proactive communication during blockers while maintaining trust,Leadership
in your previous projects how do you manage database migrations safely with zero-downtime using tools like flyway or liquibase in data engineering,Role-Specific Skills
from an architectural standpoint how do you handle situations where a the vp of product demands a delivery deadline you believe is unrealistic,Communication
as a senior engineer walk me through your step-by-step debugging process when clients receive partial and corrupted payload responses occurs on a mission-critical service,Problem Solving
describe a time when you mentored a career switcher unfamiliar with production pipelines who was struggling with time management and estimation accuracy,Leadership
what is the difference between synchronous and asynchronous processing in event-driven architecture,Technical Knowledge
could you walk me through describe how you present technical trade-offs to non-technical business executives when choosing between building a customized in-house solution and a resilient scalable architecture with higher initial development cost,Communication
in your previous projects how do you write reliable maintainable end-to-end integration tests using jest and react testing library without creating flaky tests,Role-Specific Skills
during a technical review describe the configuration of kubernetes horizontal pod autoscalers hpa based on custom prometheus metrics,Role-Specific Skills
hypothetically describe how you manage terraform state files lock mechanisms and module hierarchies in multi-environment setups,Role-Specific Skills
in your previous projects how do you investigate intermittent latency regressions when tcp socket file descriptor leaks is suspected,Problem Solving
from an architectural standpoint in data engineering how do you implement automated canary rollouts with argocd to ensure high performance,Role-Specific Skills
during a technical review how do you triage and prioritize five simultaneous critical production alerts during an on-call shift,Problem Solving
what best practices do you follow for building reusable design system components in angular,Role-Specific Skills
as a senior engineer explain the cap theorem and how message broker partitioning chooses between consistency and availability,Technical Knowledge
from your experience what happens from a networking perspective when a user types a url into a browser until the page renders occurs,Technical Knowledge
could you walk me through how would you troubleshoot sudden memory exhaustion caused by an unexpected thread deadlock freezing background queue workers,Problem Solving
as a senior engineer describe how you present technical trade-offs to sales and marketing stakeholders when choosing between a managed cloud proprietary service and a resilient scalable architecture with higher initial development cost,Communication
describe how you present technical trade-offs to sales and marketing stakeholders when choosing between a managed cloud proprietary service and an open-source self-hosted cluster,Communication
in an enterprise environment describe a challenging post-incident review where the root cause was traced back to unbounded in-memory queue buffering rather than tcp socket file descriptor leaks,Problem Solving
from your experience how do you write reliable maintainable end-to-end integration tests using jest and react testing library without creating flaky tests,Role-Specific Skills
could you walk me through how do you drive consensus on adopting mandatory peer code reviews and static security scanning when there is substantial resistance from legacy developers,Leadership
in your previous projects in data engineering how do you implement virtualized list rendering for 100k items to ensure high performance,Role-Specific Skills
during a technical review describe a time when you had to convince the chief operating officer to prioritize migrating legacy monolithic databases to microservices,Communication
from an architectural standpoint walk me through how you discovered and patched a silent data corruption bug in an asynchronous processing pipeline,Problem Solving
in your previous projects describe how you present technical trade-offs to client account managers when choosing between faster time-to-market with accumulated tech debt and purchasing an off-the-shelf third-party integration,Communication
hypothetically what strategies do you use for hardening linux kernel parameters against ddos in devops cloud sre,Role-Specific Skills
hypothetically describe a time when you mentored a intern with minimal real-world experience who was struggling with writing thorough documentation and unit tests,Leadership
could you walk me through explain the principles of service mesh and when you would avoid it,Technical Knowledge
can you explain how do you identify whether a performance slowdown is caused by unbounded in-memory queue buffering or underlying cloud network packet loss,Problem Solving
during a technical review what is the difference between synchronous and asynchronous processing in read-write replicas,Technical Knowledge
can you explain describe a time when you mentored a intern with minimal real-world experience who was struggling with handling ambiguous technical specifications,Leadership
during a technical review how do you handle a situation where two senior engineers on your team strongly disagree on decoupling legacy monolithic database schemas,Leadership
could you walk me through how do you handle a situation where two senior engineers on your team strongly disagree on enforcing strict functional programming paradigms,Leadership
from an architectural standpoint can you share an example of a time when your initial hypothesis about a severe bug turned out to be wrong,Problem Solving
in an enterprise environment how do you handle situations where a the vp of product demands a delivery deadline you believe is unrealistic,Communication
what are the key trade-offs between cypress and playwright when working on real-time clickstream processing,Role-Specific Skills
walk me through how you would isolate an issue when the http request error rate spikes to 25 happens right after a major framework upgrade,Problem Solving
hypothetically how do you handle a situation where two senior engineers on your team strongly disagree on decoupling legacy monolithic database schemas,Leadership
from an architectural standpoint how do you recognize and develop emerging leadership qualities in engineers on your team,Leadership
what are the key trade-offs between react server components and playwright when working on microservice communication,Role-Specific Skills
in your previous projects how do you handle situations where a a non-technical client sponsor demands a delivery deadline you believe is unrealistic,Communication
could you walk me through what is the difference between synchronous and asynchronous processing in wal write-ahead log,Technical Knowledge
could you walk me through walk me through your step-by-step debugging process when the api response time degrades from 50ms to 12 seconds occurs on a mission-critical service,Problem Solving
in an enterprise environment what are the key trade-offs between react server components and client-side hydration when working on frontend state synchronization,Role-Specific Skills
how do you identify whether a performance slowdown is caused by unbounded in-memory queue buffering or downstream third-party rate limits,Problem Solving
as a senior engineer tell me about a time you championed a cultural change or diversity initiative within your engineering department,Leadership
in your previous projects how do you identify whether a performance slowdown is caused by thread lock contention on shared resource caches or microservice circuit breaker tripping prematurely,Problem Solving
from your experience how would you troubleshoot sudden memory exhaustion caused by an avalanche of unhandled exceptions crashing microservice pods,Problem Solving
during a technical review how does redis handle cache invalidation cache stampede and eviction policies,Technical Knowledge
can you explain tell me about a time you stepped up to resolve an organizational deadlock involving authorizing third-party cloud vendor lock-in,Leadership
in your previous projects how do you investigate intermittent latency regressions when application thread lock contention is suspected,Problem Solving
could you walk me through explain how content security policies csp protects against common vulnerabilities in modern web applications,Technical Knowledge
hypothetically how do you explain database sharding and eventual consistency to customer support specialists,Communication
describe a time when you mentored a career switcher unfamiliar with production pipelines who was struggling with handling ambiguous technical specifications,Leadership
hypothetically how do you identify whether a performance slowdown is caused by dns query resolution latency or unoptimized disk i o swapping,Problem Solving
could you walk me through what is the time and space complexity of binary search on a rotated sorted array and how can it be optimized,Technical Knowledge
as a senior engineer how do you identify whether a performance slowdown is caused by garbage collection pause times or tcp socket file descriptor leaks,Problem Solving
during a technical review how would you troubleshoot sudden memory exhaustion caused by an avalanche of unhandled exceptions crashing microservice pods,Problem Solving
from an architectural standpoint how do you approach troubleshooting an intermittent issue that disappears immediately whenever verbose debug logging is enabled,Problem Solving
during a technical review how does message broker partitioning work under the hood in modern distributed systems,Technical Knowledge
what is the difference between rest and nosql databases,Technical Knowledge
from your experience how do you approach troubleshooting an intermittent issue that disappears immediately whenever verbose debug logging is enabled,Problem Solving
how do you keep team morale and velocity high during intense crunch periods or corporate restructuring,Leadership
from an architectural standpoint what is the difference between http 2 and nosql databases,Technical Knowledge
could you walk me through describe a time when you mentored a career switcher unfamiliar with production pipelines who was struggling with proactive communication during blockers,Leadership
as a senior engineer explain the cap theorem and how rate limiting chooses between consistency and availability,Technical Knowledge
in your previous projects how do you handle data consistency and isolation levels in dynamodb,Technical Knowledge
how do indexes in cassandra improve query performance and what are the overhead costs,Technical Knowledge
as a senior engineer describe a time when you had to convince the chief operating officer to prioritize allocating 30 of sprint capacity to test automation,Communication
what are the key trade-offs between apache kafka and apache flink when working on frontend state synchronization,Role-Specific Skills
from your experience in cybersecurity engineering how do you implement virtualized list rendering for 100k items to ensure high performance,Role-Specific Skills
could you walk me through how do you handle situations where a the chief operating officer demands a delivery deadline you believe is unrealistic,Communication
describe a time when you mentored a junior software engineer who was struggling with understanding distributed systems trade-offs,Leadership
from an architectural standpoint tell me about a time you stepped up to resolve an organizational deadlock involving introducing graphql over restful api architecture,Leadership
how do you handle a situation where two senior engineers on your team strongly disagree on enforcing strict functional programming paradigms,Leadership
can you explain describe a challenging post-incident review where the root cause was traced back to dns query resolution latency rather than microservice circuit breaker tripping prematurely,Problem Solving
what are the key trade-offs between docker compose and playwright when working on microservice communication,Role-Specific Skills
during a technical review describe a scenario where you negotiated the scope of a feature release with the chief operating officer,Communication
what is the difference between synchronous and asynchronous processing in message broker partitioning,Technical Knowledge
tell me about a time when you diagnosed and fixed a runaway recursive background job consuming all available cpu in production,Problem Solving
could you walk me through tell me about a difficult conversation you had with an external vendor technical contact and how you reached mutual agreement,Communication
from an architectural standpoint how do you triage and prioritize five simultaneous critical production alerts during an on-call shift,Problem Solving
from your experience how do you motivate a cross-functional squad to align on automated cicd trunk-based development without causing delivery friction,Leadership
during a technical review tell me about a situation where an automated rollback failed and you had to resolve an unindexed query locking the primary production database manually,Problem Solving
from your experience how do indexes in postgresql improve query performance and what are the overhead costs,Technical Knowledge
can you explain can you explain the trade-offs of using rate limiting in production,Technical Knowledge
in an enterprise environment tell me about a time you investigated a critical security breach or sql injection attempt how did you contain the blast radius,Problem Solving
what is the difference between optimistic locking and microservices,Technical Knowledge
what is the difference between synchronous and asynchronous processing in database sharding,Technical Knowledge
from your experience describe a challenging post-incident review where the root cause was traced back to garbage collection pause times rather than application thread lock contention,Problem Solving
from an architectural standpoint what is the difference between optimistic locking and rabbitmq,Technical Knowledge
what are the best practices for implementing wal write-ahead log in a high-scale service,Technical Knowledge
in your previous projects tell me about a difficult conversation you had with a peer software engineer with strong opinions and how you reached mutual agreement,Communication
in your previous projects tell me about a difficult conversation you had with a strict qa lead and how you reached mutual agreement,Communication
describe a situation where executive management proposed an unreasonable technical mandate how did you push back,Leadership
from your experience what is the difference between tcp and threads,Technical Knowledge
hypothetically tell me about a time you successfully persuaded a skeptical teammate to adopt a new testing methodology,Communication
hypothetically how do you drive consensus on adopting strict test-driven development tdd when there is substantial resistance from legacy developers,Leadership
hypothetically what is the difference between synchronous and asynchronous processing in message broker partitioning,Technical Knowledge
in your previous projects in devops cloud sre how do you implement idempotent elt data pipelines in snowflake to ensure high performance,Role-Specific Skills
from an architectural standpoint describe how you present technical trade-offs to sales and marketing stakeholders when choosing between a managed cloud proprietary service and a resilient scalable architecture with higher initial development cost,Communication
can you explain describe how you design a resilient pipeline for automated test suite execution across parallel runners in modern cloud infrastructure,Role-Specific Skills
in your previous projects how do you manage database migrations safely with zero-downtime using tools like flyway or liquibase in devops cloud sre,Role-Specific Skills
from an architectural standpoint describe a time when you mentored a career switcher unfamiliar with production pipelines who was struggling with handling ambiguous technical specifications,Leadership
as a senior engineer how do you approach troubleshooting an intermittent issue that occurs only during automated batch database backups,Problem Solving
in an enterprise environment tell me about a time when you diagnosed and fixed a redis cluster split-brain event causing state inconsistency in production,Problem Solving
during a technical review what strategies do you use for hardening linux kernel parameters against ddos in cybersecurity engineering,Role-Specific Skills
could you walk me through how do you architect an apache spark streaming job to handle out-of-order event timestamps and late data arriving,Role-Specific Skills
in your previous projects describe a time when you mentored a intern with minimal real-world experience who was struggling with understanding distributed systems trade-offs,Leadership
hypothetically what strategies do you use for partition pruning and shuffling optimization in data engineering,Role-Specific Skills
from your experience how do you investigate intermittent latency regressions when downstream third-party rate limits is suspected,Problem Solving
as a senior engineer describe how you supported a intern with minimal real-world experience in transitioning to higher-impact architectural responsibilities,Leadership
hypothetically describe a time when you mentored a junior software engineer who was struggling with writing thorough documentation and unit tests,Leadership
how do you identify whether a performance slowdown is caused by garbage collection pause times or application thread lock contention,Problem Solving
hypothetically tell me about a time when you diagnosed and fixed an avalanche of unhandled exceptions crashing microservice pods in production,Problem Solving
in your previous projects how do you explain why distributed consensus algorithms cannot guarantee zero latency to non-technical business executives,Communication
tell me about a situation where an automated rollback failed and you had to resolve an unindexed query locking the primary production database manually,Problem Solving
in your previous projects tell me about a time you had to deliver difficult feedback about handling ambiguous technical specifications while maintaining trust,Leadership
can you explain explain the principles of service mesh and when you would avoid it,Technical Knowledge
in your previous projects describe a time when you mentored a talented engineer struggling with imposter syndrome who was struggling with code quality and test design,Leadership
can you explain describe a challenging post-incident review where the root cause was traced back to unbounded in-memory queue buffering rather than tcp socket file descriptor leaks,Problem Solving
from an architectural standpoint how do you resolve race conditions and deadlocks in multithreaded applications,Technical Knowledge
from your experience tell me about a time you successfully onboarded multiple new engineers while maintaining ongoing sprint commitments,Leadership
hypothetically describe a time when you mentored a intern with minimal real-world experience who was struggling with code quality and test design,Leadership
from an architectural standpoint how do you communicate a critical production outage to the chief operating officer during active incident response,Communication
what are the key trade-offs between react server components and apache flink when working on end-to-end regression validation,Role-Specific Skills
during a technical review explain how cors policy enforcement protects against common vulnerabilities in modern web applications,Technical Knowledge
how would you design a system that handles millions of concurrent websocket connections using consistent hashing,Technical Knowledge
hypothetically what strategies do you use for hardening linux kernel parameters against ddos in frontend engineering,Role-Specific Skills
during a technical review walk me through how you solved a stubborn distributed race condition that only occurred once every thousand requests,Problem Solving
describe a time when you mentored a intern with minimal real-world experience who was struggling with code quality and test design,Leadership
could you walk me through can you explain the difference between object-oriented programming and imperative programming in software engineering,Technical Knowledge
what is the difference between sql databases and pessimistic locking,Technical Knowledge
as a senior engineer describe a complex technical problem where you had very limited log data and monitoring how did you isolate root cause,Problem Solving
describe a time when you had to convince the enterprise customer success director to prioritize allocating 30 of sprint capacity to test automation,Communication
from an architectural standpoint how do you implement oauth2 authorization code flow with pkce in a single page application spa,Role-Specific Skills
in an enterprise environment walk me through your step-by-step debugging process when kafka consumer lag continuously grows without consumer rebalancing occurs on a mission-critical service,Problem Solving
could you walk me through explain how you manage state and avoid unnecessary re-renders in vue 3 applications,Role-Specific Skills
can you explain tell me about a time you stepped up to resolve an organizational deadlock involving enforcing 90 code coverage requirements on pull requests,Leadership
from your experience describe a challenging post-incident review where the root cause was traced back to dns query resolution latency rather than microservice circuit breaker tripping prematurely,Problem Solving
hypothetically how do you design an idempotent api endpoint for credit card billing payments,Technical Knowledge
hypothetically how would you troubleshoot sudden memory exhaustion caused by a connection pool exhaustion during a flash sale,Problem Solving
as a senior engineer describe how you design a resilient pipeline for real-time financial transaction ingestion in modern cloud infrastructure,Role-Specific Skills
could you walk me through describe a time when you mentored a junior software engineer who was struggling with time management and estimation accuracy,Leadership
how do you run effective 1-on-1 meetings that support the long-term career growth of your direct reports,Leadership
could you walk me through how do you identify whether a performance slowdown is caused by dns query resolution latency or unoptimized disk i o swapping,Problem Solving
can you explain how do you motivate a cross-functional squad to align on automated cicd trunk-based development without causing delivery friction,Leadership
in your previous projects describe a time when you had to convince a non-technical client sponsor to prioritize allocating 30 of sprint capacity to test automation,Communication
in your previous projects describe a challenging post-incident review where the root cause was traced back to thread lock contention on shared resource caches rather than tcp socket file descriptor leaks,Problem Solving
can you explain tell me about a difficult conversation you had with an external vendor technical contact and how you reached mutual agreement,Communication
describe how you present technical trade-offs to non-technical business executives when choosing between building a customized in-house solution and a resilient scalable architecture with higher initial development cost,Communication
from an architectural standpoint describe how you present technical trade-offs to non-technical business executives when choosing between a managed cloud proprietary service and purchasing an off-the-shelf third-party integration,Communication
from your experience how do you handle situations where a the chief operating officer demands a delivery deadline you believe is unrealistic,Communication
from your experience describe how you supported a mid-level engineer aiming for senior promotion in transitioning to higher-impact architectural responsibilities,Leadership
from an architectural standpoint how would you design a system that handles low-latency financial transactions under 5ms using consistent hashing,Technical Knowledge
from an architectural standpoint walk me through how you would isolate an issue when memory consumption steadily climbs linearly until container restarts happens right after a major framework upgrade,Problem Solving
can you explain the difference between strong consistency and eventual consistency in software engineering,Technical Knowledge
how would you design a system that handles geo-distributed user sessions with instant failover using circuit breaker pattern,Technical Knowledge
could you walk me through explain the principles of event sourcing and when you would avoid it,Technical Knowledge
as a senior engineer describe a time when you had to convince the vp of product to prioritize migrating legacy monolithic databases to microservices,Communication
hypothetically what is the difference between synchronous and asynchronous processing in memory-mapped files,Technical Knowledge
during a technical review explain the cap theorem and how event-driven architecture chooses between consistency and availability,Technical Knowledge
explain the cap theorem and how rate limiting chooses between consistency and availability,Technical Knowledge
what are the key trade-offs between aws lambda serverless and kubernetes pods when working on real-time clickstream processing,Role-Specific Skills
could you walk me through how do you explain why distributed consensus algorithms cannot guarantee zero latency to customer support specialists,Communication
during a technical review how do you write reliable maintainable end-to-end integration tests using selenium grid without creating flaky tests,Role-Specific Skills
can you explain how do you handle data consistency and isolation levels in elasticsearch,Technical Knowledge
how would you troubleshoot sudden memory exhaustion caused by a critical memory leak causing cascading oom kills,Problem Solving
describe how you present technical trade-offs to sales and marketing stakeholders when choosing between building a customized in-house solution and purchasing an off-the-shelf third-party integration,Communication
during a technical review how do you communicate a critical production outage to the chief operating officer during active incident response,Communication
can you explain what is the difference between synchronous and asynchronous processing in connection pooling,Technical Knowledge
in an enterprise environment how do indexes in mongodb improve query performance and what are the overhead costs,Technical Knowledge
how would you design a system that handles 100 000 requests per second using cqrs pattern,Technical Knowledge
in your previous projects how do you motivate a cross-functional squad to align on automated cicd trunk-based development without causing delivery friction,Leadership
can you explain describe how you present technical trade-offs to customer support specialists when choosing between a managed cloud proprietary service and purchasing an off-the-shelf third-party integration,Communication
as a senior engineer describe a situation where executive management proposed an unreasonable technical mandate how did you push back,Leadership
how do you recognize and develop emerging leadership qualities in engineers on your team,Leadership
describe how you present technical trade-offs to product managers without coding background when choosing between faster time-to-market with accumulated tech debt and a resilient scalable architecture with higher initial development cost,Communication
tell me about a time you had to deliver difficult feedback about time management and estimation accuracy while maintaining trust,Leadership
from your experience tell me about a time you stepped up to resolve an organizational deadlock involving introducing graphql over restful api architecture,Leadership
describe a challenging post-incident review where the root cause was traced back to thread lock contention on shared resource caches rather than unoptimized disk i o swapping,Problem Solving
as a senior engineer how do you approach troubleshooting an intermittent issue that only reproduces under high concurrent traffic,Problem Solving
as a senior engineer tell me about a time you had to deliver bad news regarding project delays to a non-technical client sponsor,Communication
how would you troubleshoot sudden memory exhaustion caused by an unindexed query locking the primary production database,Problem Solving
in an enterprise environment how do you run effective 1-on-1 meetings that support the long-term career growth of your direct reports,Leadership
from your experience how do you implement oauth2 authorization code flow with pkce in a single page application spa,Role-Specific Skills
hypothetically what are the best practices for implementing circuit breaker pattern in a high-scale service,Technical Knowledge
could you walk me through describe how you supported a intern with minimal real-world experience in transitioning to higher-impact architectural responsibilities,Leadership
during a technical review tell me about a time you had to deliver difficult feedback about confidence in contributing to architectural design reviews while maintaining trust,Leadership
as a senior engineer describe a time when you had to convince an impatient product owner to prioritize migrating legacy monolithic databases to microservices,Communication
in an enterprise environment how do you handle a situation where two senior engineers on your team strongly disagree on decoupling legacy monolithic database schemas,Leadership
in your previous projects what strategies do you use for mocking flaky third-party payment endpoints in cybersecurity engineering,Role-Specific Skills
hypothetically explain how memory-mapped files impacts latency throughput and fault tolerance,Technical Knowledge
during a technical review walk me through how you would isolate an issue when database replication lag surges past 30 minutes happens right after a major framework upgrade,Problem Solving
describe a time when you mentored a talented engineer struggling with imposter syndrome who was struggling with time management and estimation accuracy,Leadership
could you walk me through in qa automation how do you implement idempotent elt data pipelines in snowflake to ensure high performance,Role-Specific Skills
hypothetically what are the best practices for implementing consistent hashing in a high-scale service,Technical Knowledge
what are the key trade-offs between apache kafka and apache flink when working on end-to-end regression validation,Role-Specific Skills
can you explain what happens from a networking perspective when a dns recursive resolution query is executed occurs,Technical Knowledge
what are the internal mechanics of memory allocation and heap management in rust,Technical Knowledge
from your experience explain the principles of hexagonal architecture and when you would avoid it,Technical Knowledge
can you explain walk me through how you would isolate an issue when kafka consumer lag continuously grows without consumer rebalancing happens right after a major framework upgrade,Problem Solving
can you explain what is the difference between synchronous and asynchronous processing in rate limiting,Technical Knowledge
as a senior engineer how do you identify whether a performance slowdown is caused by unbounded in-memory queue buffering or unoptimized disk i o swapping,Problem Solving
can you explain explain the principles of hexagonal architecture and when you would avoid it,Technical Knowledge
describe how you present technical trade-offs to client account managers when choosing between a managed cloud proprietary service and an open-source self-hosted cluster,Communication
from an architectural standpoint describe a challenging post-incident review where the root cause was traced back to garbage collection pause times rather than downstream third-party rate limits,Problem Solving
how do you identify whether a performance slowdown is caused by garbage collection pause times or microservice circuit breaker tripping prematurely,Problem Solving
can you explain how do you foster a psychological safety culture where developers feel safe admitting mistakes and proposing bold ideas,Leadership
from an architectural standpoint how do you articulate complex system constraints during cross-functional sprint planning sessions,Communication
in an enterprise environment how do you troubleshoot high cpu utilization and thread starvation when memory metrics appear completely normal,Problem Solving
what are the key trade-offs between docker compose and kubernetes pods when working on real-time clickstream processing,Role-Specific Skills
what are the internal mechanics of reflection and dynamic type inspection in java,Technical Knowledge
describe a time when you mentored a newly hired backend developer adjusting to company codebase who was struggling with confidence in contributing to architectural design reviews,Leadership
from an architectural standpoint explain the cap theorem and how circuit breaker pattern chooses between consistency and availability,Technical Knowledge
how do you investigate intermittent latency regressions when application thread lock contention is suspected,Problem Solving
in your previous projects how do you triage and prioritize five simultaneous critical production alerts during an on-call shift,Problem Solving
how do you motivate a cross-functional squad to align on moving to container orchestration and gitops without causing delivery friction,Leadership
how would you design a system that handles geo-distributed user sessions with instant failover using read-write replicas,Technical Knowledge
can you explain how do you triage and prioritize five simultaneous critical production alerts during an on-call shift,Problem Solving
as a senior engineer describe how you design a resilient pipeline for continuous deployment with automatic rollback in modern cloud infrastructure,Role-Specific Skills
from your experience how do you motivate a cross-functional squad to align on adopting asynchronous event-driven architectures without causing delivery friction,Leadership
in an enterprise environment explain how oauth2 with pkce protects against common vulnerabilities in modern web applications,Technical Knowledge
hypothetically describe a scenario where you negotiated the scope of a feature release with the vp of product,Communication
from your experience how do you handle a situation where two senior engineers on your team strongly disagree on authorizing third-party cloud vendor lock-in,Leadership
can you explain tell me about a time when you diagnosed and fixed an avalanche of unhandled exceptions crashing microservice pods in production,Problem Solving
can you explain how do you explain why upgrading outdated runtime versions is critical for security to product managers without coding background,Communication
explain the principles of hexagonal architecture and when you would avoid it,Technical Knowledge
how do you explain why refactoring technical debt prevents system crashes to non-technical business executives,Communication
from your experience describe a time when you mentored a mid-level engineer aiming for senior promotion who was struggling with handling ambiguous technical specifications,Leadership
how do indexes in elasticsearch improve query performance and what are the overhead costs,Technical Knowledge
can you explain the difference between stateful services and functional programming in software engineering,Technical Knowledge
in an enterprise environment tell me about a time you had to deliver bad news regarding project delays to the chief operating officer,Communication
from an architectural standpoint walk me through your step-by-step debugging process when the http request error rate spikes to 25 occurs on a mission-critical service,Problem Solving
in your previous projects how do you resolve the aba problem in lock-free data structures in multithreaded applications,Technical Knowledge
during a technical review how do you balance technical vision with day-to-day tactical execution as a team lead,Leadership
how do you explain why refactoring technical debt prevents system crashes to product managers without coding background,Communication
describe a situation where a third-party dependency failed unexpectedly in production how did you resolve the outage,Problem Solving
can you explain how do you communicate a critical production outage to the enterprise customer success director during active incident response,Communication
during a technical review explain how you manage state and avoid unnecessary re-renders in angular applications,Role-Specific Skills
can you explain how do you approach troubleshooting an intermittent issue that only reproduces under high concurrent traffic,Problem Solving
hypothetically how do indexes in mongodb improve query performance and what are the overhead costs,Technical Knowledge
in your previous projects tell me about a time when you diagnosed and fixed an exponential spike in 504 gateway timeouts in production,Problem Solving
how does database sharding work under the hood in modern distributed systems,Technical Knowledge
as a senior engineer tell me about a time you had to deliver difficult feedback about proactive communication during blockers while maintaining trust,Leadership
as a senior engineer in qa automation how do you implement contract testing between microservices with pact to ensure high performance,Role-Specific Skills
could you walk me through describe a time when you mentored a newly hired backend developer adjusting to company codebase who was struggling with writing thorough documentation and unit tests,Leadership
hypothetically tell me about a situation where an automated rollback failed and you had to resolve a silent queue backlog causing millions of dropped events manually,Problem Solving
can you explain how do you explain why upgrading outdated runtime versions is critical for security to client account managers,Communication
in your previous projects explain how consistent hashing impacts latency throughput and fault tolerance,Technical Knowledge
from your experience how do you write reliable maintainable end-to-end integration tests using cypress without creating flaky tests,Role-Specific Skills
from your experience how do you approach troubleshooting an intermittent issue that fails unpredictably once every several thousand requests,Problem Solving
in an enterprise environment how would you design a system that handles millions of concurrent websocket connections using distributed transactions 2pc,Technical Knowledge
describe a time when you had to convince the chief operating officer to prioritize migrating legacy monolithic databases to microservices,Communication
how do you motivate a cross-functional squad to align on strict test-driven development tdd without causing delivery friction,Leadership
how would you design a system that handles real-time analytics over petabytes of data using cqrs pattern,Technical Knowledge
during a technical review can you explain the difference between stateful services and eventual consistency in software engineering,Technical Knowledge
how do you design an idempotent api endpoint for inventory reservation systems,Technical Knowledge
tell me about a time you stepped up to resolve an organizational deadlock involving enforcing 90 code coverage requirements on pull requests,Leadership
tell me about a time when you diagnosed and fixed a redis cluster split-brain event causing state inconsistency in production,Problem Solving
how do you identify whether a performance slowdown is caused by thread lock contention on shared resource caches or tcp socket file descriptor leaks,Problem Solving
how do you investigate intermittent latency regressions when microservice circuit breaker tripping prematurely is suspected,Problem Solving
can you explain describe how you design a resilient pipeline for zero-downtime database schema migration in modern cloud infrastructure,Role-Specific Skills
from an architectural standpoint what best practices do you follow for building reusable design system components in svelte,Role-Specific Skills
explain how you manage state and avoid unnecessary re-renders in angular applications,Role-Specific Skills
what are the best practices for implementing rate limiting in a high-scale service,Technical Knowledge
how do you investigate intermittent latency regressions when underlying cloud network packet loss is suspected,Problem Solving
in your previous projects what is the difference between processes and microservices,Technical Knowledge
from your experience in qa automation how do you implement zero-trust identity-aware network segmentation to ensure high performance,Role-Specific Skills
what are the key trade-offs between aws lambda serverless and client-side hydration when working on frontend state synchronization,Role-Specific Skills
in an enterprise environment how would you troubleshoot sudden memory exhaustion caused by an unexpected thread deadlock freezing background queue workers,Problem Solving
during a technical review tell me about a time when you resolved a catastrophic database deadlock under peak traffic,Problem Solving
can you explain in qa automation how do you implement virtualized list rendering for 100k items to ensure high performance,Role-Specific Skills
during a technical review describe how you present technical trade-offs to non-technical business executives when choosing between faster time-to-market with accumulated tech debt and a resilient scalable architecture with higher initial development cost,Communication
in your previous projects what is the time and space complexity of dijkstra s shortest path algorithm and how can it be optimized,Technical Knowledge
as a senior engineer how do you write reliable maintainable end-to-end integration tests using selenium grid without creating flaky tests,Role-Specific Skills
hypothetically how do you keep team morale and velocity high during intense crunch periods or corporate restructuring,Leadership
hypothetically describe a challenging post-incident review where the root cause was traced back to dns query resolution latency rather than microservice circuit breaker tripping prematurely,Problem Solving
in an enterprise environment walk me through how you would isolate an issue when kafka consumer lag continuously grows without consumer rebalancing happens right after a major framework upgrade,Problem Solving
as a senior engineer describe a time when you had to make a high-stakes engineering trade-off under intense time pressure,Problem Solving
could you walk me through describe a time when you mentored a talented engineer struggling with imposter syndrome who was struggling with code quality and test design,Leadership
hypothetically how do you investigate intermittent latency regressions when microservice circuit breaker tripping prematurely is suspected,Problem Solving
how does in-memory guava cache handle cache invalidation cache stampede and eviction policies,Technical Knowledge
as a senior engineer how does garbage collection work in c and how can you minimize stop-the-world pauses,Technical Knowledge
could you walk me through explain the principles of hexagonal architecture and when you would avoid it,Technical Knowledge
during a technical review explain how jwt token signing and refresh rotation protects against common vulnerabilities in modern web applications,Technical Knowledge
could you walk me through how do you manage database migrations safely with zero-downtime using tools like flyway or liquibase in cybersecurity engineering,Role-Specific Skills
can you explain how do you identify whether a performance slowdown is caused by unbounded in-memory queue buffering or unoptimized disk i o swapping,Problem Solving
during a technical review walk me through your step-by-step debugging process when kafka consumer lag continuously grows without consumer rebalancing occurs on a mission-critical service,Problem Solving
hypothetically how do you manage database migrations safely with zero-downtime using tools like flyway or liquibase in frontend engineering,Role-Specific Skills
could you walk me through how does garbage collection work in rust and how can you minimize stop-the-world pauses,Technical Knowledge
from your experience how do you handle situations where a a non-technical client sponsor demands a delivery deadline you believe is unrealistic,Communication
what is the difference between symmetric encryption and microservices,Technical Knowledge
could you walk me through describe how you present technical trade-offs to product managers without coding background when choosing between a managed cloud proprietary service and purchasing an off-the-shelf third-party integration,Communication
how do you architect an apache spark streaming job to handle out-of-order event timestamps and late data arriving,Role-Specific Skills
from your experience describe the configuration of kubernetes horizontal pod autoscalers hpa based on custom prometheus metrics,Role-Specific Skills
during a technical review how do you explain why distributed consensus algorithms cannot guarantee zero latency to client account managers,Communication
from an architectural standpoint explain the principles of hexagonal architecture and when you would avoid it,Technical Knowledge
during a technical review describe a time when you mentored a junior software engineer who was struggling with handling ambiguous technical specifications,Leadership
in your previous projects what is the difference between synchronous and asynchronous processing in wal write-ahead log,Technical Knowledge
can you explain how do you approach troubleshooting an intermittent issue that occurs only during automated batch database backups,Problem Solving
how do you configure and optimize kubernetes ingress controllers for enterprise production workloads,Role-Specific Skills
what are the key trade-offs between aws lambda serverless and apache flink when working on real-time clickstream processing,Role-Specific Skills
in your previous projects what strategies do you use for partition pruning and shuffling optimization in data engineering,Role-Specific Skills
from your experience what are the key trade-offs between cypress and apache flink when working on cloud container orchestration,Role-Specific Skills
can you explain what is the time and space complexity of topological sort for dag dependencies and how can it be optimized,Technical Knowledge
describe a time when you mentored a talented engineer struggling with imposter syndrome who was struggling with writing thorough documentation and unit tests,Leadership
can you explain walk me through how you would isolate an issue when worker nodes abruptly crash without emitting a stack trace happens right after a major framework upgrade,Problem Solving
from an architectural standpoint how do you identify whether a performance slowdown is caused by garbage collection pause times or underlying cloud network packet loss,Problem Solving
in your previous projects how would you design a system that handles real-time analytics over petabytes of data using distributed transactions 2pc,Technical Knowledge
could you walk me through how does garbage collection work in java and how can you minimize stop-the-world pauses,Technical Knowledge
as a senior engineer how do you investigate intermittent latency regressions when application thread lock contention is suspected,Problem Solving
from an architectural standpoint explain the principles of micro-frontends and when you would avoid it,Technical Knowledge
as a senior engineer walk me through your step-by-step debugging process when worker nodes abruptly crash without emitting a stack trace occurs on a mission-critical service,Problem Solving
can you explain describe how you present technical trade-offs to product managers without coding background when choosing between faster time-to-market with accumulated tech debt and purchasing an off-the-shelf third-party integration,Communication
during a technical review what are the key trade-offs between docker compose and kubernetes pods when working on microservice communication,Role-Specific Skills
during a technical review describe a time when you mentored a junior software engineer who was struggling with writing thorough documentation and unit tests,Leadership
from an architectural standpoint how do you motivate a cross-functional squad to align on strict test-driven development tdd without causing delivery friction,Leadership
in an enterprise environment how do you diagnose memory leaks in long-running containerized microservices without restarting the cluster,Problem Solving
in an enterprise environment how do you manage database migrations safely with zero-downtime using tools like flyway or liquibase in frontend engineering,Role-Specific Skills
from your experience how do you deliver constructive critical code review feedback without offending a strict qa lead,Communication
could you walk me through describe a time when you mentored a intern with minimal real-world experience who was struggling with writing thorough documentation and unit tests,Leadership
in your previous projects describe a challenging post-incident review where the root cause was traced back to dns query resolution latency rather than microservice circuit breaker tripping prematurely,Problem Solving
during a technical review how do you deliver constructive critical code review feedback without offending a legacy system maintainer,Communication
how would you design a system that handles low-latency financial transactions under 5ms using distributed transactions 2pc,Technical Knowledge
from an architectural standpoint how do you explain why refactoring technical debt prevents system crashes to product managers without coding background,Communication
during a technical review tell me about a time you championed a cultural change or diversity initiative within your engineering department,Leadership
from an architectural standpoint what is the difference between kafka and microservices,Technical Knowledge
can you explain how do you drive consensus on adopting moving to container orchestration and gitops when there is substantial resistance from legacy developers,Leadership
during a technical review how do you manage database migrations safely with zero-downtime using tools like flyway or liquibase in data engineering,Role-Specific Skills
in an enterprise environment describe how you supported a talented engineer struggling with imposter syndrome in transitioning to higher-impact architectural responsibilities,Leadership
in your previous projects how do you explain database sharding and eventual consistency to non-technical business executives,Communication
from an architectural standpoint how do you communicate a critical production outage to a non-technical client sponsor during active incident response,Communication
how do you tailor your communication style when speaking with junior engineers versus c-level executives,Communication
during a technical review can you explain the trade-offs of using rate limiting in production,Technical Knowledge
what is the difference between sql databases and http 3,Technical Knowledge
as a senior engineer how does event-driven architecture work under the hood in modern distributed systems,Technical Knowledge
can you explain describe a time when you had to convince the enterprise customer success director to prioritize allocating 30 of sprint capacity to test automation,Communication
as a senior engineer describe a time when you mentored a talented engineer struggling with imposter syndrome who was struggling with writing thorough documentation and unit tests,Leadership
could you walk me through how do you motivate a cross-functional squad to align on automated cicd trunk-based development without causing delivery friction,Leadership
describe how you present technical trade-offs to non-technical business executives when choosing between faster time-to-market with accumulated tech debt and an open-source self-hosted cluster,Communication
can you explain describe a time when you had to convince an impatient product owner to prioritize pausing new feature rollouts to fix critical security vulnerabilities,Communication
in your previous projects explain how oauth2 with pkce protects against common vulnerabilities in modern web applications,Technical Knowledge
what strategies do you use for hardening linux kernel parameters against ddos in devops cloud sre,Role-Specific Skills
from an architectural standpoint how do you explain the difference between latency and throughput bottlenecks to client account managers,Communication
in an enterprise environment what is your approach to setting up distributed tracing with opentelemetry and jaeger across microservices,Role-Specific Skills
describe a time when you had to make a high-stakes engineering trade-off under intense time pressure,Problem Solving
from your experience tell me about a time you successfully persuaded a skeptical teammate to adopt a new testing methodology,Communication
how do you approach troubleshooting an intermittent issue that occurs only during automated batch database backups,Problem Solving
in your previous projects what methodology do you apply when decomposing a messy undocumented legacy system bug,Problem Solving
from your experience what strategies do you use for hardening linux kernel parameters against ddos in frontend engineering,Role-Specific Skills
from an architectural standpoint how do you communicate a critical production outage to an impatient product owner during active incident response,Communication
in an enterprise environment how do you identify whether a performance slowdown is caused by garbage collection pause times or microservice circuit breaker tripping prematurely,Problem Solving
hypothetically describe how you present technical trade-offs to product managers without coding background when choosing between faster time-to-market with accumulated tech debt and purchasing an off-the-shelf third-party integration,Communication
explain how you design a data lakehouse architecture using delta lake or apache iceberg,Role-Specific Skills
could you walk me through how do you manage database migrations safely with zero-downtime using tools like flyway or liquibase in data engineering,Role-Specific Skills
in an enterprise environment can you explain the difference between declarative programming and imperative programming in software engineering,Technical Knowledge
could you walk me through describe a time when you had to convince an impatient product owner to prioritize allocating 30 of sprint capacity to test automation,Communication
can you explain describe how you present technical trade-offs to sales and marketing stakeholders when choosing between building a customized in-house solution and an open-source self-hosted cluster,Communication
from an architectural standpoint tell me about a time when you resolved a catastrophic database deadlock under peak traffic,Problem Solving
could you walk me through tell me about a time you had to deliver difficult feedback about handling ambiguous technical specifications while maintaining trust,Leadership
from your experience describe a time when you mentored a intern with minimal real-world experience who was struggling with confidence in contributing to architectural design reviews,Leadership
from an architectural standpoint how do you manage database migrations safely with zero-downtime using tools like flyway or liquibase in devops cloud sre,Role-Specific Skills
from an architectural standpoint tell me about a situation where an automated rollback failed and you had to resolve a connection pool exhaustion during a flash sale manually,Problem Solving
during a technical review how do you design an idempotent api endpoint for credit card billing payments,Technical Knowledge
during a technical review how do you explain why upgrading outdated runtime versions is critical for security to non-technical business executives,Communication
describe how you present technical trade-offs to non-technical business executives when choosing between building a customized in-house solution and an open-source self-hosted cluster,Communication
hypothetically describe a time when you had to convince the chief operating officer to prioritize pausing new feature rollouts to fix critical security vulnerabilities,Communication
during a technical review tell me about a time you successfully persuaded a skeptical teammate to adopt a new testing methodology,Communication
in your previous projects walk me through how you discovered and patched a silent data corruption bug in an asynchronous processing pipeline,Problem Solving
from your experience describe a time when you had to convince the chief operating officer to prioritize allocating 30 of sprint capacity to test automation,Communication
what is the difference between kafka and hash index,Technical Knowledge
in an enterprise environment what are the key trade-offs between docker compose and kubernetes long-running deployments when working on microservice communication,Role-Specific Skills
can you explain tell me about a time you had to deliver difficult feedback about writing thorough documentation and unit tests while maintaining trust,Leadership
how would you troubleshoot sudden memory exhaustion caused by a connection pool exhaustion during a flash sale,Problem Solving
hypothetically tell me about a time you had to deliver difficult feedback about handling ambiguous technical specifications while maintaining trust,Leadership
in an enterprise environment how would you troubleshoot sudden memory exhaustion caused by an avalanche of unhandled exceptions crashing microservice pods,Problem Solving
in your previous projects tell me about a time you had to deliver bad news regarding project delays to the enterprise customer success director,Communication
can you explain how do you explain why refactoring technical debt prevents system crashes to customer support specialists,Communication
from your experience describe a time when you had to convince the vp of product to prioritize pausing new feature rollouts to fix critical security vulnerabilities,Communication
explain how you manage state and avoid unnecessary re-renders in svelte applications,Role-Specific Skills
during a technical review how do you drive consensus on adopting mandatory peer code reviews and static security scanning when there is substantial resistance from legacy developers,Leadership
in an enterprise environment describe a time when you had to make a high-stakes engineering trade-off under intense time pressure,Problem Solving
in your previous projects what are the key trade-offs between apache kafka and kubernetes long-running deployments when working on frontend state synchronization,Role-Specific Skills
hypothetically how do you configure and optimize nextjs ssr caching layers for enterprise production workloads,Role-Specific Skills
from your experience how do you architect an apache spark streaming job to handle out-of-order event timestamps and late data arriving,Role-Specific Skills
from your experience how does garbage collection work in java and how can you minimize stop-the-world pauses,Technical Knowledge
what are the internal mechanics of virtual method dispatch and vtables in go,Technical Knowledge
what are the internal mechanics of async await event loop scheduling in java,Technical Knowledge
from an architectural standpoint how do you ensure accessibility cross-browser compatibility and wcag compliance in complex single-page applications,Role-Specific Skills
hypothetically what are the best practices for implementing event-driven architecture in a high-scale service,Technical Knowledge
what are the internal mechanics of gil global interpreter lock in python,Technical Knowledge
in an enterprise environment how do you profile and eliminate bundle bloat tree-shaking failures and excessive css in modern web applications,Role-Specific Skills
can you explain tell me about a time you had to deliver bad news regarding project delays to the chief operating officer,Communication
hypothetically describe how you design a resilient pipeline for zero-downtime database schema migration in modern cloud infrastructure,Role-Specific Skills
how do you manage database migrations safely with zero-downtime using tools like flyway or liquibase in devops cloud sre,Role-Specific Skills
from an architectural standpoint walk me through how you would isolate an issue when database replication lag surges past 30 minutes happens right after a major framework upgrade,Problem Solving
from an architectural standpoint how do you handle situations where a the chief operating officer demands a delivery deadline you believe is unrealistic,Communication
hypothetically how do you explain why refactoring technical debt prevents system crashes to customer support specialists,Communication
could you walk me through what is the difference between symmetric encryption and rabbitmq,Technical Knowledge
from your experience explain the cap theorem and how read-write replicas chooses between consistency and availability,Technical Knowledge
walk me through your step-by-step debugging process when clients receive partial and corrupted payload responses occurs on a mission-critical service,Problem Solving
could you walk me through what happens from a networking perspective when a packet travels across nat gateways and routers occurs,Technical Knowledge
could you walk me through how do you write reliable maintainable end-to-end integration tests using cypress without creating flaky tests,Role-Specific Skills
from your experience how do you identify whether a performance slowdown is caused by unbounded in-memory queue buffering or unoptimized disk i o swapping,Problem Solving
from your experience tell me about a time you had to deliver bad news regarding project delays to a non-technical client sponsor,Communication
could you walk me through how do you identify whether a performance slowdown is caused by garbage collection pause times or downstream third-party rate limits,Problem Solving
describe a time when you mentored a junior software engineer who was struggling with handling ambiguous technical specifications,Leadership
what are the key trade-offs between docker compose and kubernetes pods when working on end-to-end regression validation,Role-Specific Skills
from your experience how do you approach troubleshooting an intermittent issue that only manifests across specific geographical cloud regions,Problem Solving
in your previous projects describe a challenging post-incident review where the root cause was traced back to cpu throttling by kubernetes cfs quota rather than downstream third-party rate limits,Problem Solving
could you walk me through describe a scenario where you negotiated the scope of a feature release with the enterprise customer success director,Communication
describe a time when you mentored a career switcher unfamiliar with production pipelines who was struggling with proactive communication during blockers,Leadership
during a technical review how do you ensure accessibility cross-browser compatibility and wcag compliance in enterprise dashboard portals,Role-Specific Skills
as a senior engineer how do you ensure requirements and technical architecture are clearly understood across a distributed team,Communication
can you explain how do you drive consensus on adopting automated cicd trunk-based development when there is substantial resistance from legacy developers,Leadership
hypothetically how do you write reliable maintainable end-to-end integration tests using jest and react testing library without creating flaky tests,Role-Specific Skills
from your experience walk me through how you would isolate an issue when the http request error rate spikes to 25 happens right after a major framework upgrade,Problem Solving
how do you communicate the long-term cost of technical debt to executive leadership who only want new features,Communication
in your previous projects tell me about a time when you diagnosed and fixed a critical memory leak causing cascading oom kills in production,Problem Solving
from your experience tell me about a time you stepped up to resolve an organizational deadlock involving migrating to microservices versus modular monolith,Leadership
in your previous projects describe how you present technical trade-offs to sales and marketing stakeholders when choosing between faster time-to-market with accumulated tech debt and a resilient scalable architecture with higher initial development cost,Communication
as a senior engineer describe a time when you mentored a junior software engineer who was struggling with code quality and test design,Leadership
hypothetically describe how you present technical trade-offs to non-technical business executives when choosing between faster time-to-market with accumulated tech debt and a resilient scalable architecture with higher initial development cost,Communication
hypothetically how do you motivate a cross-functional squad to align on automated cicd trunk-based development without causing delivery friction,Leadership
how does garbage collection work in rust and how can you minimize stop-the-world pauses,Technical Knowledge
during a technical review describe a time when you had to convince the chief operating officer to prioritize allocating 30 of sprint capacity to test automation,Communication
during a technical review how do you configure and optimize hashicorp vault for secrets for enterprise production workloads,Role-Specific Skills
from your experience describe how you present technical trade-offs to customer support specialists when choosing between faster time-to-market with accumulated tech debt and an open-source self-hosted cluster,Communication
from an architectural standpoint what are the key trade-offs between react server components and client-side hydration when working on end-to-end regression validation,Role-Specific Skills
hypothetically tell me about a time you stepped up to resolve an organizational deadlock involving enforcing strict functional programming paradigms,Leadership
in an enterprise environment what strategies do you use for active listening when a colleague expresses frustration with your proposal,Communication
during a technical review tell me about a difficult conversation you had with a legacy system maintainer and how you reached mutual agreement,Communication
can you explain how do you investigate intermittent latency regressions when microservice circuit breaker tripping prematurely is suspected,Problem Solving
during a technical review how do you communicate a critical production outage to a non-technical client sponsor during active incident response,Communication
from an architectural standpoint how do you handle a situation where two senior engineers on your team strongly disagree on migrating to microservices versus modular monolith,Leadership
how do you communicate a critical production outage to an impatient product owner during active incident response,Communication
in your previous projects how do you identify whether a performance slowdown is caused by dns query resolution latency or application thread lock contention,Problem Solving
what are the key trade-offs between docker compose and client-side hydration when working on frontend state synchronization,Role-Specific Skills
in your previous projects in cybersecurity engineering how do you implement contract testing between microservices with pact to ensure high performance,Role-Specific Skills
tell me about a time you had to deliver bad news regarding project delays to an impatient product owner,Communication
explain the cap theorem and how read-write replicas chooses between consistency and availability,Technical Knowledge
in an enterprise environment how do you write reliable maintainable end-to-end integration tests using selenium grid without creating flaky tests,Role-Specific Skills
could you walk me through how do you deliver constructive critical code review feedback without offending a strict qa lead,Communication
as a senior engineer describe a time when you mentored a junior software engineer who was struggling with time management and estimation accuracy,Leadership
as a senior engineer what are the best practices for implementing event-driven architecture in a high-scale service,Technical Knowledge
hypothetically how do you ensure accessibility cross-browser compatibility and wcag compliance in e-commerce checkout funnels,Role-Specific Skills
hypothetically tell me about a time you stepped up to resolve an organizational deadlock involving decoupling legacy monolithic database schemas,Leadership
how do indexes in redis improve query performance and what are the overhead costs,Technical Knowledge
can you explain what happens from a networking perspective when a packet travels across nat gateways and routers occurs,Technical Knowledge
in your previous projects how do you handle a situation where two senior engineers on your team strongly disagree on introducing graphql over restful api architecture,Leadership
what is the difference between kafka and asymmetric encryption,Technical Knowledge
can you explain what is the difference between blue-green deployments and canary deployments in kubernetes,Role-Specific Skills
describe how you supported a newly hired backend developer adjusting to company codebase in transitioning to higher-impact architectural responsibilities,Leadership
could you walk me through describe how you design a resilient pipeline for zero-downtime database schema migration in modern cloud infrastructure,Role-Specific Skills
in your previous projects how would you design a system that handles low-latency financial transactions under 5ms using distributed transactions 2pc,Technical Knowledge
tell me about a difficult conversation you had with a cross-functional product manager and how you reached mutual agreement,Communication
during a technical review describe how you design a resilient pipeline for zero-downtime database schema migration in modern cloud infrastructure,Role-Specific Skills
can you explain walk me through how you solved a stubborn distributed race condition that only occurred once every thousand requests,Problem Solving
how do you approach troubleshooting an intermittent issue that happens exclusively on mobile clients with unstable network connections,Problem Solving
from your experience describe a scenario where you negotiated the scope of a feature release with the chief operating officer,Communication
describe a challenging post-incident review where the root cause was traced back to cpu throttling by kubernetes cfs quota rather than unoptimized disk i o swapping,Problem Solving
in an enterprise environment describe a scenario where you negotiated the scope of a feature release with the chief operating officer,Communication
in your previous projects describe how you design a resilient pipeline for continuous deployment with automatic rollback in modern cloud infrastructure,Role-Specific Skills
can you explain describe how you design a resilient pipeline for continuous deployment with automatic rollback in modern cloud infrastructure,Role-Specific Skills
could you walk me through describe how you supported a talented engineer struggling with imposter syndrome in transitioning to higher-impact architectural responsibilities,Leadership
during a technical review how do you identify whether a performance slowdown is caused by garbage collection pause times or microservice circuit breaker tripping prematurely,Problem Solving
what is the difference between monolithic architecture and threads,Technical Knowledge
as a senior engineer how do you foster a psychological safety culture where developers feel safe admitting mistakes and proposing bold ideas,Leadership
describe the configuration of kubernetes horizontal pod autoscalers hpa based on custom prometheus metrics,Role-Specific Skills
as a senior engineer how do you diagnose memory leaks in long-running containerized microservices without restarting the cluster,Problem Solving
as a senior engineer what is the difference between blue-green deployments and canary deployments in kubernetes,Role-Specific Skills
how do you explain database sharding and eventual consistency to customer support specialists,Communication
from your experience how do you troubleshoot high cpu utilization and thread starvation when memory metrics appear completely normal,Problem Solving
could you walk me through describe a time when you had to convince the enterprise customer success director to prioritize migrating legacy monolithic databases to microservices,Communication
from your experience how do you run effective 1-on-1 meetings that support the long-term career growth of your direct reports,Leadership
can you explain how do you motivate a cross-functional squad to align on strict test-driven development tdd without causing delivery friction,Leadership
in an enterprise environment in data engineering how do you implement idempotent elt data pipelines in snowflake to ensure high performance,Role-Specific Skills
during a technical review describe a time when you mentored a mid-level engineer aiming for senior promotion who was struggling with understanding distributed systems trade-offs,Leadership
hypothetically walk me through how you would isolate an issue when clients receive partial and corrupted payload responses happens right after a major framework upgrade,Problem Solving
in an enterprise environment how do you handle data consistency and isolation levels in redis,Technical Knowledge
from an architectural standpoint describe a time when you mentored a junior software engineer who was struggling with understanding distributed systems trade-offs,Leadership
from your experience how do you deliver constructive critical code review feedback without offending a peer software engineer with strong opinions,Communication
in an enterprise environment how do you resolve the aba problem in lock-free data structures in multithreaded applications,Technical Knowledge
how do you identify whether a performance slowdown is caused by unbounded in-memory queue buffering or tcp socket file descriptor leaks,Problem Solving
in your previous projects tell me about a situation where an automated rollback failed and you had to resolve an avalanche of unhandled exceptions crashing microservice pods manually,Problem Solving
from your experience describe a time when you had to convince a non-technical client sponsor to prioritize a comprehensive architectural refactor,Communication
could you walk me through how does memcached handle cache invalidation cache stampede and eviction policies,Technical Knowledge
in your previous projects explain how memory-mapped files impacts latency throughput and fault tolerance,Technical Knowledge
can you explain the difference between strong consistency and stateless microservices in software engineering,Technical Knowledge
in your previous projects tell me about a time when you resolved a catastrophic database deadlock under peak traffic,Problem Solving
can you explain how do you balance technical vision with day-to-day tactical execution as a team lead,Leadership
what are the key trade-offs between docker compose and playwright when working on frontend state synchronization,Role-Specific Skills
from an architectural standpoint what are the best practices for implementing database sharding in a high-scale service,Technical Knowledge
in an enterprise environment explain how you manage state and avoid unnecessary re-renders in react applications,Role-Specific Skills
from your experience how do you secure a cicd pipeline against supply chain attacks compromised packages and secret leakage,Role-Specific Skills
as a senior engineer how do you identify whether a performance slowdown is caused by database connection pooling saturation or underlying cloud network packet loss,Problem Solving
during a technical review how do you facilitate discussions between teams that have conflicting technical priorities or api requirements,Communication
in an enterprise environment tell me about a time you stepped up to resolve an organizational deadlock involving enforcing 90 code coverage requirements on pull requests,Leadership
how do you approach troubleshooting an intermittent issue that only reproduces under high concurrent traffic,Problem Solving
could you walk me through what is the difference between b-tree index and http 3,Technical Knowledge
hypothetically describe a time when you mentored a talented engineer struggling with imposter syndrome who was struggling with confidence in contributing to architectural design reviews,Leadership
during a technical review how do indexes in cassandra improve query performance and what are the overhead costs,Technical Knowledge
hypothetically tell me about a time you had to deliver bad news regarding project delays to the chief operating officer,Communication
could you walk me through describe how you present technical trade-offs to client account managers when choosing between building a customized in-house solution and a resilient scalable architecture with higher initial development cost,Communication
from an architectural standpoint tell me about a situation where an automated rollback failed and you had to resolve an unindexed query locking the primary production database manually,Problem Solving
what are the key trade-offs between apache kafka and kubernetes long-running deployments when working on real-time clickstream processing,Role-Specific Skills
can you explain in qa automation how do you implement idempotent elt data pipelines in snowflake to ensure high performance,Role-Specific Skills
as a senior engineer how do you establish engineering standards code quality benchmarks and automated testing rigor across a team,Leadership
could you walk me through what are the key trade-offs between apache kafka and kubernetes long-running deployments when working on frontend state synchronization,Role-Specific Skills
can you explain how do you identify whether a performance slowdown is caused by garbage collection pause times or tcp socket file descriptor leaks,Problem Solving
from an architectural standpoint tell me about a time you had to deliver difficult feedback about code quality and test design while maintaining trust,Leadership
in your previous projects tell me about a time you championed a cultural change or diversity initiative within your engineering department,Leadership
what strategies do you use for partition pruning and shuffling optimization in devops cloud sre,Role-Specific Skills
hypothetically walk me through how you discovered and patched a silent data corruption bug in an asynchronous processing pipeline,Problem Solving
during a technical review how do you handle situations where a the vp of product demands a delivery deadline you believe is unrealistic,Communication
in your previous projects how do you navigate team member promotions performance evaluations and compensation reviews fairly,Leadership
describe how you present technical trade-offs to customer support specialists when choosing between faster time-to-market with accumulated tech debt and a resilient scalable architecture with higher initial development cost,Communication
as a senior engineer what are the internal mechanics of virtual method dispatch and vtables in c,Technical Knowledge
describe how you supported a mid-level engineer aiming for senior promotion in transitioning to higher-impact architectural responsibilities,Leadership
from an architectural standpoint tell me about a time when you diagnosed and fixed an avalanche of unhandled exceptions crashing microservice pods in production,Problem Solving
as a senior engineer how would you design a system that handles millions of concurrent websocket connections using circuit breaker pattern,Technical Knowledge
hypothetically tell me about a time you successfully onboarded multiple new engineers while maintaining ongoing sprint commitments,Leadership
from your experience what are the best practices for implementing rate limiting in a high-scale service,Technical Knowledge
could you walk me through how do you ensure requirements and technical architecture are clearly understood across a distributed team,Communication
as a senior engineer how do you communicate a critical production outage to the chief operating officer during active incident response,Communication
from an architectural standpoint describe a time when you mentored a newly hired backend developer adjusting to company codebase who was struggling with handling ambiguous technical specifications,Leadership
what are the key trade-offs between docker compose and playwright when working on cloud container orchestration,Role-Specific Skills
hypothetically what strategies do you use for optimizing core web vitals lcp inp cls in data engineering,Role-Specific Skills
from your experience describe how you supported a junior software engineer in transitioning to higher-impact architectural responsibilities,Leadership
in your previous projects how do you manage database migrations safely with zero-downtime using tools like flyway or liquibase in qa automation,Role-Specific Skills
from an architectural standpoint describe a challenging post-incident review where the root cause was traced back to garbage collection pause times rather than unoptimized disk i o swapping,Problem Solving
in an enterprise environment how do you drive consensus on adopting adopting asynchronous event-driven architectures when there is substantial resistance from legacy developers,Leadership
in your previous projects tell me about a situation where an automated rollback failed and you had to resolve an unexpected thread deadlock freezing background queue workers manually,Problem Solving
during a technical review tell me about a time when you diagnosed and fixed a redis cluster split-brain event causing state inconsistency in production,Problem Solving
what are the internal mechanics of async await event loop scheduling in python,Technical Knowledge
from an architectural standpoint explain how you manage state and avoid unnecessary re-renders in react applications,Role-Specific Skills
from an architectural standpoint describe a scenario where you negotiated the scope of a feature release with the chief operating officer,Communication
from an architectural standpoint describe a challenging post-incident review where the root cause was traced back to unbounded in-memory queue buffering rather than tcp socket file descriptor leaks,Problem Solving
in an enterprise environment how do you handle data consistency and isolation levels in dynamodb,Technical Knowledge
could you walk me through tell me about a time you had to deliver difficult feedback about writing thorough documentation and unit tests while maintaining trust,Leadership
hypothetically describe a time when you had to manage an underperforming team member how did you handle the situation empathetically,Leadership
tell me about a time you had to deliver difficult feedback about proactive communication during blockers while maintaining trust,Leadership
in your previous projects tell me about a time you had to deliver difficult feedback about writing thorough documentation and unit tests while maintaining trust,Leadership
what are the key trade-offs between docker compose and apache flink when working on microservice communication,Role-Specific Skills
in an enterprise environment tell me about a difficult conversation you had with a cross-functional product manager and how you reached mutual agreement,Communication
hypothetically how do you design a comprehensive regression testing matrix for a critical payment gateway service,Role-Specific Skills
could you walk me through tell me about a difficult conversation you had with a legacy system maintainer and how you reached mutual agreement,Communication
how do you determine the root cause of network packet loss and tcp retransmission timeouts between microservices,Problem Solving
hypothetically how do you investigate intermittent latency regressions when underlying cloud network packet loss is suspected,Problem Solving
from an architectural standpoint how do you deliver constructive critical code review feedback without offending a cross-functional product manager,Communication
from your experience how do you communicate a critical production outage to an impatient product owner during active incident response,Communication
can you explain in frontend engineering how do you implement virtualized list rendering for 100k items to ensure high performance,Role-Specific Skills
as a senior engineer describe a time when you mentored a talented engineer struggling with imposter syndrome who was struggling with handling ambiguous technical specifications,Leadership
as a senior engineer describe a time when you had to convince a non-technical client sponsor to prioritize allocating 30 of sprint capacity to test automation,Communication
in your previous projects how do you approach troubleshooting an intermittent issue that occurs only during automated batch database backups,Problem Solving
as a senior engineer explain how connection pooling impacts latency throughput and fault tolerance,Technical Knowledge
could you walk me through how do you write reliable maintainable end-to-end integration tests using selenium grid without creating flaky tests,Role-Specific Skills
what are the key trade-offs between docker compose and kubernetes long-running deployments when working on real-time clickstream processing,Role-Specific Skills
as a senior engineer how do you motivate a cross-functional squad to align on automated cicd trunk-based development without causing delivery friction,Leadership
from an architectural standpoint what is the time and space complexity of topological sort for dag dependencies and how can it be optimized,Technical Knowledge
can you explain walk me through your step-by-step debugging process when kafka consumer lag continuously grows without consumer rebalancing occurs on a mission-critical service,Problem Solving
in an enterprise environment how would you design a system that handles geo-distributed user sessions with instant failover using wal write-ahead log,Technical Knowledge
as a senior engineer how do you explain why refactoring technical debt prevents system crashes to sales and marketing stakeholders,Communication
during a technical review tell me about a time you had to deliver bad news regarding project delays to an impatient product owner,Communication
explain how consistent hashing impacts latency throughput and fault tolerance,Technical Knowledge
can you explain how do you resolve the aba problem in lock-free data structures in multithreaded applications,Technical Knowledge
describe a time when you had to convince the vp of product to prioritize a comprehensive architectural refactor,Communication
hypothetically tell me about a time you had to deliver bad news regarding project delays to a non-technical client sponsor,Communication
from an architectural standpoint tell me about a time you had to deliver difficult feedback about confidence in contributing to architectural design reviews while maintaining trust,Leadership
hypothetically how do you resolve thread starvation and livelocks in multithreaded applications,Technical Knowledge
from an architectural standpoint how do you design an idempotent api endpoint for user order placement checkout,Technical Knowledge
from an architectural standpoint how do you design a comprehensive regression testing matrix for a critical payment gateway service,Role-Specific Skills
during a technical review can you share an example of a time when your initial hypothesis about a severe bug turned out to be wrong,Problem Solving
hypothetically describe a time when you had to convince the chief operating officer to prioritize a comprehensive architectural refactor,Communication
could you walk me through tell me about a time when you diagnosed and fixed an exponential spike in 504 gateway timeouts in production,Problem Solving
what strategies do you use for active listening when a colleague expresses frustration with your proposal,Communication
can you explain describe a scenario where you had to lead a project with ambiguous requirements and tight organizational deadlines,Leadership
could you walk me through in data engineering how do you implement idempotent elt data pipelines in snowflake to ensure high performance,Role-Specific Skills
in your previous projects can you explain the trade-offs of using database sharding in production,Technical Knowledge
could you walk me through describe how you present technical trade-offs to customer support specialists when choosing between a managed cloud proprietary service and purchasing an off-the-shelf third-party integration,Communication
what best practices do you follow for building reusable design system components in react,Role-Specific Skills
hypothetically how do you investigate intermittent latency regressions when tcp socket file descriptor leaks is suspected,Problem Solving
from your experience describe how you present technical trade-offs to client account managers when choosing between building a customized in-house solution and purchasing an off-the-shelf third-party integration,Communication
from your experience walk me through how you discovered and patched a silent data corruption bug in an asynchronous processing pipeline,Problem Solving
in an enterprise environment how do you ensure requirements and technical architecture are clearly understood across a distributed team,Communication
how would you design a system that handles geo-distributed user sessions with instant failover using wal write-ahead log,Technical Knowledge
how would you design a system that handles geo-distributed user sessions with instant failover using event-driven architecture,Technical Knowledge
from an architectural standpoint in qa automation how do you implement contract testing between microservices with pact to ensure high performance,Role-Specific Skills
could you walk me through in cybersecurity engineering how do you implement automated canary rollouts with argocd to ensure high performance,Role-Specific Skills
could you walk me through how do you write reliable maintainable end-to-end integration tests using jest and react testing library without creating flaky tests,Role-Specific Skills
can you explain the difference between declarative programming and stateless microservices in software engineering,Technical Knowledge
from an architectural standpoint how does cdn edge caching handle cache invalidation cache stampede and eviction policies,Technical Knowledge
could you walk me through what happens from a networking perspective when a tls 1 3 handshake is established occurs,Technical Knowledge
hypothetically tell me about a time you stepped up to resolve an organizational deadlock involving enforcing 90 code coverage requirements on pull requests,Leadership
what strategies do you use for optimizing core web vitals lcp inp cls in data engineering,Role-Specific Skills
in an enterprise environment how do you recognize and develop emerging leadership qualities in engineers on your team,Leadership
from your experience how do you manage database migrations safely with zero-downtime using tools like flyway or liquibase in frontend engineering,Role-Specific Skills
can you explain the trade-offs of using cqrs pattern in production,Technical Knowledge
from your experience what are the key trade-offs between react server components and kubernetes pods when working on end-to-end regression validation,Role-Specific Skills
hypothetically what is your approach to writing clear technical documentation rfcs and architectural decision records,Communication
in your previous projects how do you tailor your communication style when speaking with junior engineers versus c-level executives,Communication
from your experience how do you explain why refactoring technical debt prevents system crashes to product managers without coding background,Communication
in your previous projects how do you explain why distributed consensus algorithms cannot guarantee zero latency to sales and marketing stakeholders,Communication
hypothetically how do you handle situations where a a non-technical client sponsor demands a delivery deadline you believe is unrealistic,Communication
hypothetically how would you design a system that handles geo-distributed user sessions with instant failover using connection pooling,Technical Knowledge
hypothetically in data engineering how do you implement contract testing between microservices with pact to ensure high performance,Role-Specific Skills
from an architectural standpoint tell me about a time when you diagnosed and fixed a connection pool exhaustion during a flash sale in production,Problem Solving
could you walk me through how do you motivate a cross-functional squad to align on implementing observability and distributed tracing standards without causing delivery friction,Leadership
hypothetically how do you write reliable maintainable end-to-end integration tests using selenium grid without creating flaky tests,Role-Specific Skills
during a technical review explain how you manage state and avoid unnecessary re-renders in react applications,Role-Specific Skills
from your experience what is your philosophy on servant leadership versus top-down command in high-performing engineering teams,Leadership
in an enterprise environment how do you implement oauth2 authorization code flow with pkce in a single page application spa,Role-Specific Skills
how do you deliver constructive critical code review feedback without offending an external vendor technical contact,Communication
can you explain describe how you present technical trade-offs to customer support specialists when choosing between building a customized in-house solution and an open-source self-hosted cluster,Communication
from an architectural standpoint can you explain the trade-offs of using connection pooling in production,Technical Knowledge
describe a challenging post-incident review where the root cause was traced back to database connection pooling saturation rather than downstream third-party rate limits,Problem Solving
hypothetically describe a time when you mentored a newly hired backend developer adjusting to company codebase who was struggling with code quality and test design,Leadership
can you explain describe a time when you mentored a newly hired backend developer adjusting to company codebase who was struggling with understanding distributed systems trade-offs,Leadership
in your previous projects describe how you supported a newly hired backend developer adjusting to company codebase in transitioning to higher-impact architectural responsibilities,Leadership
in your previous projects how do you motivate a cross-functional squad to align on adopting asynchronous event-driven architectures without causing delivery friction,Leadership
during a technical review how do you handle situations where a the enterprise customer success director demands a delivery deadline you believe is unrealistic,Communication
what is the difference between sql databases and hash index,Technical Knowledge
what is the difference between sql databases and microservices,Technical Knowledge
hypothetically describe a time when you had to convince the enterprise customer success director to prioritize a comprehensive architectural refactor,Communication
could you walk me through tell me about a time when you diagnosed and fixed a critical memory leak causing cascading oom kills in production,Problem Solving
in your previous projects describe how you supported a career switcher unfamiliar with production pipelines in transitioning to higher-impact architectural responsibilities,Leadership
during a technical review tell me about a situation where an automated rollback failed and you had to resolve a sudden disk i o saturation freezing asynchronous write operations manually,Problem Solving
as a senior engineer tell me about a time you had to deliver bad news regarding project delays to the enterprise customer success director,Communication
as a senior engineer describe how you present technical trade-offs to product managers without coding background when choosing between building a customized in-house solution and purchasing an off-the-shelf third-party integration,Communication
in your previous projects tell me about a difficult conversation you had with an external vendor technical contact and how you reached mutual agreement,Communication
in an enterprise environment how do you balance technical vision with day-to-day tactical execution as a team lead,Leadership
from an architectural standpoint tell me about a time when you diagnosed and fixed a runaway recursive background job consuming all available cpu in production,Problem Solving
in an enterprise environment how do you handle situations where a an impatient product owner demands a delivery deadline you believe is unrealistic,Communication
in an enterprise environment how do you motivate a cross-functional squad to align on adopting asynchronous event-driven architectures without causing delivery friction,Leadership
hypothetically can you explain the difference between stateful services and functional programming in software engineering,Technical Knowledge
from an architectural standpoint describe how you supported a talented engineer struggling with imposter syndrome in transitioning to higher-impact architectural responsibilities,Leadership
as a senior engineer tell me about a time you had to deliver difficult feedback about code quality and test design while maintaining trust,Leadership
in your previous projects what is the time and space complexity of lru cache eviction with big_o_1 operations and how can it be optimized,Technical Knowledge
during a technical review what is the difference between synchronous and asynchronous processing in cqrs pattern,Technical Knowledge
explain the cap theorem and how consistent hashing chooses between consistency and availability,Technical Knowledge
in your previous projects explain how you manage state and avoid unnecessary re-renders in react applications,Role-Specific Skills
during a technical review describe how you design a resilient pipeline for automated test suite execution across parallel runners in modern cloud infrastructure,Role-Specific Skills
in your previous projects how do you drive consensus on adopting automated cicd trunk-based development when there is substantial resistance from legacy developers,Leadership
how would you design a system that handles real-time analytics over petabytes of data using wal write-ahead log,Technical Knowledge
from an architectural standpoint how do you handle a situation where two senior engineers on your team strongly disagree on authorizing third-party cloud vendor lock-in,Leadership
hypothetically how do you facilitate discussions between teams that have conflicting technical priorities or api requirements,Communication
describe a challenging post-incident review where the root cause was traced back to dns query resolution latency rather than underlying cloud network packet loss,Problem Solving
from your experience walk me through your step-by-step debugging process when database replication lag surges past 30 minutes occurs on a mission-critical service,Problem Solving
could you walk me through explain how memory-mapped files impacts latency throughput and fault tolerance,Technical Knowledge
can you explain describe how you supported a mid-level engineer aiming for senior promotion in transitioning to higher-impact architectural responsibilities,Leadership
walk me through your step-by-step debugging process when kafka consumer lag continuously grows without consumer rebalancing occurs on a mission-critical service,Problem Solving
in an enterprise environment explain how you design a data lakehouse architecture using delta lake or apache iceberg,Role-Specific Skills
in an enterprise environment in devops cloud sre how do you implement zero-trust identity-aware network segmentation to ensure high performance,Role-Specific Skills
what are the internal mechanics of async await event loop scheduling in go,Technical Knowledge
from your experience describe a scenario where you negotiated the scope of a feature release with a non-technical client sponsor,Communication
hypothetically how do you deliver constructive critical code review feedback without offending a peer software engineer with strong opinions,Communication
in your previous projects how do you motivate a cross-functional squad to align on implementing observability and distributed tracing standards without causing delivery friction,Leadership
from your experience what is the difference between optimistic locking and asymmetric encryption,Technical Knowledge
in an enterprise environment explain how you manage state and avoid unnecessary re-renders in vue 3 applications,Role-Specific Skills
from your experience how would you troubleshoot sudden memory exhaustion caused by a redis cluster split-brain event causing state inconsistency,Problem Solving
in your previous projects describe how you design a resilient pipeline for real-time financial transaction ingestion in modern cloud infrastructure,Role-Specific Skills
what are the internal mechanics of memory allocation and heap management in python,Technical Knowledge
during a technical review tell me about a time you had to deliver difficult feedback about code quality and test design while maintaining trust,Leadership
during a technical review how do you manage database migrations safely with zero-downtime using tools like flyway or liquibase in frontend engineering,Role-Specific Skills
in your previous projects how do you facilitate discussions between teams that have conflicting technical priorities or api requirements,Communication
explain how jwt token signing and refresh rotation protects against common vulnerabilities in modern web applications,Technical Knowledge
in an enterprise environment in devops cloud sre how do you implement idempotent elt data pipelines in snowflake to ensure high performance,Role-Specific Skills
as a senior engineer how do you investigate intermittent latency regressions when unoptimized disk i o swapping is suspected,Problem Solving
how would you troubleshoot sudden memory exhaustion caused by an avalanche of unhandled exceptions crashing microservice pods,Problem Solving
walk me through how you would isolate an issue when worker nodes abruptly crash without emitting a stack trace happens right after a major framework upgrade,Problem Solving
in your previous projects explain how message broker partitioning impacts latency throughput and fault tolerance,Technical Knowledge
how do you write reliable maintainable end-to-end integration tests using cypress without creating flaky tests,Role-Specific Skills
as a senior engineer walk me through your step-by-step debugging process when kafka consumer lag continuously grows without consumer rebalancing occurs on a mission-critical service,Problem Solving
in your previous projects what strategies do you use for optimizing core web vitals lcp inp cls in frontend engineering,Role-Specific Skills
during a technical review how do you explain why distributed consensus algorithms cannot guarantee zero latency to product managers without coding background,Communication
what are the key trade-offs between docker compose and kubernetes pods when working on microservice communication,Role-Specific Skills
in an enterprise environment what is the difference between rest and pessimistic locking,Technical Knowledge
from an architectural standpoint tell me about a time you had to deliver bad news regarding project delays to the enterprise customer success director,Communication
from your experience describe a time when you had to convince the vp of product to prioritize allocating 30 of sprint capacity to test automation,Communication
as a senior engineer explain the cap theorem and how connection pooling chooses between consistency and availability,Technical Knowledge
how do you write reliable maintainable end-to-end integration tests using jest and react testing library without creating flaky tests,Role-Specific Skills
in an enterprise environment can you explain the trade-offs of using wal write-ahead log in production,Technical Knowledge
as a senior engineer how would you design a system that handles geo-distributed user sessions with instant failover using memory-mapped files,Technical Knowledge
in your previous projects how do you resolve race conditions and deadlocks in multithreaded applications,Technical Knowledge
could you walk me through describe a time when you mentored a mid-level engineer aiming for senior promotion who was struggling with time management and estimation accuracy,Leadership
from your experience describe how you design a resilient pipeline for real-time financial transaction ingestion in modern cloud infrastructure,Role-Specific Skills
from your experience tell me about a time you had to deliver bad news regarding project delays to the vp of product,Communication
from an architectural standpoint how do you configure and optimize kubernetes ingress controllers for enterprise production workloads,Role-Specific Skills
in cybersecurity engineering how do you implement zero-trust identity-aware network segmentation to ensure high performance,Role-Specific Skills
during a technical review how do you handle a situation where two senior engineers on your team strongly disagree on authorizing third-party cloud vendor lock-in,Leadership
could you walk me through how do you communicate the long-term cost of technical debt to executive leadership who only want new features,Communication
could you walk me through how do you handle a situation where two senior engineers on your team strongly disagree on choosing between go and rust for a new microservice,Leadership
can you explain describe a situation where executive management proposed an unreasonable technical mandate how did you push back,Leadership
can you explain describe a time when you had to convince the vp of product to prioritize allocating 30 of sprint capacity to test automation,Communication
in your previous projects how does garbage collection work in c and how can you minimize stop-the-world pauses,Technical Knowledge
from an architectural standpoint in cybersecurity engineering how do you implement idempotent elt data pipelines in snowflake to ensure high performance,Role-Specific Skills
can you explain explain how you manage state and avoid unnecessary re-renders in angular applications,Role-Specific Skills
how do you design an idempotent api endpoint for webhook notifications delivery,Technical Knowledge
in an enterprise environment what is the time and space complexity of dijkstra s shortest path algorithm and how can it be optimized,Technical Knowledge
can you explain in data engineering how do you implement contract testing between microservices with pact to ensure high performance,Role-Specific Skills
from your experience what best practices do you follow for building reusable design system components in react,Role-Specific Skills
could you walk me through in devops cloud sre how do you implement automated canary rollouts with argocd to ensure high performance,Role-Specific Skills
how do you identify whether a performance slowdown is caused by garbage collection pause times or tcp socket file descriptor leaks,Problem Solving
in your previous projects describe how you present technical trade-offs to product managers without coding background when choosing between building a customized in-house solution and an open-source self-hosted cluster,Communication
could you walk me through what strategies do you use for partition pruning and shuffling optimization in cybersecurity engineering,Role-Specific Skills
hypothetically describe how you supported a junior software engineer in transitioning to higher-impact architectural responsibilities,Leadership
as a senior engineer how do you communicate the long-term cost of technical debt to executive leadership who only want new features,Communication
explain how distributed transactions 2pc impacts latency throughput and fault tolerance,Technical Knowledge
could you walk me through walk me through how you would isolate an issue when memory consumption steadily climbs linearly until container restarts happens right after a major framework upgrade,Problem Solving
in an enterprise environment how do you determine the root cause of network packet loss and tcp retransmission timeouts between microservices,Problem Solving
from an architectural standpoint how do you drive consensus on adopting moving to container orchestration and gitops when there is substantial resistance from legacy developers,Leadership
from your experience how do you ensure accessibility cross-browser compatibility and wcag compliance in mobile-responsive web applications,Role-Specific Skills
from an architectural standpoint describe a time when you mentored a talented engineer struggling with imposter syndrome who was struggling with handling ambiguous technical specifications,Leadership
in an enterprise environment describe a challenging post-incident review where the root cause was traced back to cpu throttling by kubernetes cfs quota rather than downstream third-party rate limits,Problem Solving
from an architectural standpoint walk me through how you would isolate an issue when the api response time degrades from 50ms to 12 seconds happens right after a major framework upgrade,Problem Solving
during a technical review what is your philosophy on servant leadership versus top-down command in high-performing engineering teams,Leadership
from your experience how do you deliver constructive critical code review feedback without offending an external vendor technical contact,Communication
hypothetically explain the cap theorem and how message broker partitioning chooses between consistency and availability,Technical Knowledge
from an architectural standpoint tell me about a time you had to deliver bad news regarding project delays to the chief operating officer,Communication
from your experience in devops cloud sre how do you implement virtualized list rendering for 100k items to ensure high performance,Role-Specific Skills
during a technical review describe how you supported a intern with minimal real-world experience in transitioning to higher-impact architectural responsibilities,Leadership
from your experience what strategies do you use for partition pruning and shuffling optimization in devops cloud sre,Role-Specific Skills
what happens from a networking perspective when a packet travels across nat gateways and routers occurs,Technical Knowledge
from an architectural standpoint how do you manage database migrations safely with zero-downtime using tools like flyway or liquibase in data engineering,Role-Specific Skills
hypothetically how do you deliver constructive critical code review feedback without offending a cross-functional product manager,Communication
from an architectural standpoint how do you handle situations where a the enterprise customer success director demands a delivery deadline you believe is unrealistic,Communication
from an architectural standpoint describe a time when you had to convince an impatient product owner to prioritize allocating 30 of sprint capacity to test automation,Communication
from an architectural standpoint in frontend engineering how do you implement virtualized list rendering for 100k items to ensure high performance,Role-Specific Skills
from your experience describe a complex technical problem where you had very limited log data and monitoring how did you isolate root cause,Problem Solving
from your experience describe how you design a resilient pipeline for automated test suite execution across parallel runners in modern cloud infrastructure,Role-Specific Skills
in your previous projects tell me about a time you had to deliver bad news regarding project delays to an impatient product owner,Communication
what are the key trade-offs between apache kafka and playwright when working on real-time clickstream processing,Role-Specific Skills
could you walk me through tell me about a time you championed a cultural change or diversity initiative within your engineering department,Leadership
from your experience describe a time when you had to make a high-stakes engineering trade-off under intense time pressure,Problem Solving
can you explain how do you handle data consistency and isolation levels in dynamodb,Technical Knowledge
from your experience describe a challenging post-incident review where the root cause was traced back to unbounded in-memory queue buffering rather than underlying cloud network packet loss,Problem Solving
from an architectural standpoint how do you explain the difference between latency and throughput bottlenecks to product managers without coding background,Communication
how do you configure and optimize apache airflow dag schedulers for enterprise production workloads,Role-Specific Skills
describe a time when you mentored a intern with minimal real-world experience who was struggling with writing thorough documentation and unit tests,Leadership
what best practices do you follow for building reusable design system components in vue 3,Role-Specific Skills
hypothetically how do you communicate the long-term cost of technical debt to executive leadership who only want new features,Communication
from an architectural standpoint tell me about a time when you diagnosed and fixed an exponential spike in 504 gateway timeouts in production,Problem Solving
can you explain in frontend engineering how do you implement automated canary rollouts with argocd to ensure high performance,Role-Specific Skills
hypothetically walk me through your step-by-step debugging process when the api response time degrades from 50ms to 12 seconds occurs on a mission-critical service,Problem Solving
in an enterprise environment tell me about a time you stepped up to resolve an organizational deadlock involving authorizing third-party cloud vendor lock-in,Leadership
how would you design a system that handles millions of concurrent websocket connections using event-driven architecture,Technical Knowledge
can you explain what are the key trade-offs between apache kafka and kubernetes pods when working on real-time clickstream processing,Role-Specific Skills
during a technical review how do you motivate a cross-functional squad to align on adopting asynchronous event-driven architectures without causing delivery friction,Leadership
from your experience in cybersecurity engineering how do you implement contract testing between microservices with pact to ensure high performance,Role-Specific Skills
in an enterprise environment how do you handle data consistency and isolation levels in cassandra,Technical Knowledge
how do you handle data consistency and isolation levels in redis,Technical Knowledge
in an enterprise environment tell me about a time when you diagnosed and fixed an avalanche of unhandled exceptions crashing microservice pods in production,Problem Solving
hypothetically how do you investigate intermittent latency regressions when application thread lock contention is suspected,Problem Solving
in an enterprise environment describe a challenging post-incident review where the root cause was traced back to thread lock contention on shared resource caches rather than underlying cloud network packet loss,Problem Solving
from an architectural standpoint how do indexes in elasticsearch improve query performance and what are the overhead costs,Technical Knowledge
in your previous projects what are the best practices for implementing database sharding in a high-scale service,Technical Knowledge
as a senior engineer how do you identify whether a performance slowdown is caused by thread lock contention on shared resource caches or tcp socket file descriptor leaks,Problem Solving
during a technical review in data engineering how do you implement zero-trust identity-aware network segmentation to ensure high performance,Role-Specific Skills
from your experience walk me through your step-by-step debugging process when the http request error rate spikes to 25 occurs on a mission-critical service,Problem Solving
in your previous projects describe a time when you mentored a talented engineer struggling with imposter syndrome who was struggling with understanding distributed systems trade-offs,Leadership
how does garbage collection work in python and how can you minimize stop-the-world pauses,Technical Knowledge
in an enterprise environment how do you explain the difference between latency and throughput bottlenecks to customer support specialists,Communication
can you explain how do you handle a situation where two senior engineers on your team strongly disagree on migrating to microservices versus modular monolith,Leadership
from an architectural standpoint tell me about a time you stepped up to resolve an organizational deadlock involving authorizing third-party cloud vendor lock-in,Leadership
walk me through how you discovered and patched a silent data corruption bug in an asynchronous processing pipeline,Problem Solving
during a technical review in data engineering how do you implement automated canary rollouts with argocd to ensure high performance,Role-Specific Skills
from an architectural standpoint how do you identify whether a performance slowdown is caused by thread lock contention on shared resource caches or tcp socket file descriptor leaks,Problem Solving
in your previous projects how do you manage database migrations safely with zero-downtime using tools like flyway or liquibase in frontend engineering,Role-Specific Skills
in your previous projects what best practices do you follow for building reusable design system components in react,Role-Specific Skills
in frontend engineering how do you implement virtualized list rendering for 100k items to ensure high performance,Role-Specific Skills
in an enterprise environment what is the difference between synchronous and asynchronous processing in distributed transactions 2pc,Technical Knowledge
as a senior engineer how do you drive consensus on adopting automated cicd trunk-based development when there is substantial resistance from legacy developers,Leadership
from your experience how do you communicate a critical production outage to the vp of product during active incident response,Communication
in an enterprise environment what best practices do you follow for building reusable design system components in vue 3,Role-Specific Skills
can you explain tell me about a time you used profiling tools e g flamegraphs pprof visualvm to resolve a massive latency spike,Problem Solving
how do you explain why upgrading outdated runtime versions is critical for security to client account managers,Communication
from an architectural standpoint in qa automation how do you implement automated canary rollouts with argocd to ensure high performance,Role-Specific Skills
in your previous projects can you explain the difference between stateful services and imperative programming in software engineering,Technical Knowledge
can you explain tell me about a time you stepped up to resolve an organizational deadlock involving enforcing strict functional programming paradigms,Leadership
what strategies do you use for mocking flaky third-party payment endpoints in frontend engineering,Role-Specific Skills
as a senior engineer tell me about a time when you diagnosed and fixed a silent queue backlog causing millions of dropped events in production,Problem Solving
how do indexes in mongodb improve query performance and what are the overhead costs,Technical Knowledge
can you explain how do you debug an application that runs perfectly in local staging but fails intermittently in kubernetes production,Problem Solving
can you explain how do you deliver constructive critical code review feedback without offending a strict qa lead,Communication
in an enterprise environment tell me about an initiative you led from conception to delivery across multiple cross-functional teams,Leadership
can you explain describe a challenging post-incident review where the root cause was traced back to thread lock contention on shared resource caches rather than application thread lock contention,Problem Solving
during a technical review tell me about a time when a critical project you were leading was failing how did you turn it around,Leadership
in your previous projects describe an incident where a faulty deployment caused widespread 500 server errors what was your immediate mitigation,Problem Solving
in an enterprise environment how do you design an idempotent api endpoint for credit card billing payments,Technical Knowledge
from an architectural standpoint describe how you design a resilient pipeline for automated test suite execution across parallel runners in modern cloud infrastructure,Role-Specific Skills
in your previous projects describe a time when you mentored a newly hired backend developer adjusting to company codebase who was struggling with handling ambiguous technical specifications,Leadership
from your experience how do you balance delegating important tasks to junior developers while maintaining high delivery quality,Leadership
during a technical review what best practices do you follow for building reusable design system components in svelte,Role-Specific Skills
hypothetically how would you troubleshoot sudden memory exhaustion caused by a sudden disk i o saturation freezing asynchronous write operations,Problem Solving
during a technical review how do you implement oauth2 authorization code flow with pkce in a single page application spa,Role-Specific Skills
in an enterprise environment explain the cap theorem and how event-driven architecture chooses between consistency and availability,Technical Knowledge
describe a challenging post-incident review where the root cause was traced back to unbounded in-memory queue buffering rather than underlying cloud network packet loss,Problem Solving
tell me about a situation where an automated rollback failed and you had to resolve a silent queue backlog causing millions of dropped events manually,Problem Solving
during a technical review how do you manage database migrations safely with zero-downtime using tools like flyway or liquibase in cybersecurity engineering,Role-Specific Skills
during a technical review in frontend engineering how do you implement virtualized list rendering for 100k items to ensure high performance,Role-Specific Skills
as a senior engineer what is the time and space complexity of lru cache eviction with big_o_1 operations and how can it be optimized,Technical Knowledge
how do you identify whether a performance slowdown is caused by database connection pooling saturation or microservice circuit breaker tripping prematurely,Problem Solving
from your experience how do you investigate intermittent latency regressions when underlying cloud network packet loss is suspected,Problem Solving
how do you explain the difference between latency and throughput bottlenecks to sales and marketing stakeholders,Communication
from your experience describe a time when you had to manage an underperforming team member how did you handle the situation empathetically,Leadership
hypothetically what are the key trade-offs between docker compose and kubernetes long-running deployments when working on microservice communication,Role-Specific Skills
from your experience in devops cloud sre how do you implement contract testing between microservices with pact to ensure high performance,Role-Specific Skills
in your previous projects describe a time when you mentored a career switcher unfamiliar with production pipelines who was struggling with understanding distributed systems trade-offs,Leadership
could you walk me through how do indexes in mongodb improve query performance and what are the overhead costs,Technical Knowledge
from your experience how would you troubleshoot sudden memory exhaustion caused by a runaway recursive background job consuming all available cpu,Problem Solving
can you explain how do you handle a situation where two senior engineers on your team strongly disagree on choosing between go and rust for a new microservice,Leadership
from your experience explain the cap theorem and how circuit breaker pattern chooses between consistency and availability,Technical Knowledge
during a technical review how do you communicate a critical production outage to the enterprise customer success director during active incident response,Communication
could you walk me through what are the key trade-offs between docker compose and kubernetes pods when working on end-to-end regression validation,Role-Specific Skills
as a senior engineer describe a time when you mentored a mid-level engineer aiming for senior promotion who was struggling with proactive communication during blockers,Leadership
from your experience how do you motivate a cross-functional squad to align on moving to container orchestration and gitops without causing delivery friction,Leadership
as a senior engineer walk me through how you would isolate an issue when clients receive partial and corrupted payload responses happens right after a major framework upgrade,Problem Solving
in your previous projects what strategies do you use for optimizing core web vitals lcp inp cls in data engineering,Role-Specific Skills
what is the difference between processes and asymmetric encryption,Technical Knowledge
what are the key trade-offs between apache kafka and kubernetes pods when working on cloud container orchestration,Role-Specific Skills
from an architectural standpoint how do you motivate a cross-functional squad to align on moving to container orchestration and gitops without causing delivery friction,Leadership
in an enterprise environment what are the best practices for implementing consistent hashing in a high-scale service,Technical Knowledge
hypothetically describe how you present technical trade-offs to client account managers when choosing between a managed cloud proprietary service and an open-source self-hosted cluster,Communication
as a senior engineer explain how memory-mapped files impacts latency throughput and fault tolerance,Technical Knowledge
what are the internal mechanics of async await event loop scheduling in rust,Technical Knowledge
what are the key trade-offs between aws lambda serverless and kubernetes pods when working on frontend state synchronization,Role-Specific Skills
what is the difference between optimistic locking and threads,Technical Knowledge
from your experience tell me about a difficult conversation you had with a cross-functional product manager and how you reached mutual agreement,Communication
in an enterprise environment describe a time when you mentored a mid-level engineer aiming for senior promotion who was struggling with understanding distributed systems trade-offs,Leadership
as a senior engineer how do you deliver constructive critical code review feedback without offending a legacy system maintainer,Communication
as a senior engineer describe a challenging post-incident review where the root cause was traced back to dns query resolution latency rather than application thread lock contention,Problem Solving
hypothetically how would you troubleshoot sudden memory exhaustion caused by an unexpected thread deadlock freezing background queue workers,Problem Solving
from an architectural standpoint describe how you design a resilient pipeline for real-time financial transaction ingestion in modern cloud infrastructure,Role-Specific Skills
from an architectural standpoint describe a challenging post-incident review where the root cause was traced back to database connection pooling saturation rather than underlying cloud network packet loss,Problem Solving
as a senior engineer in qa automation how do you implement virtualized list rendering for 100k items to ensure high performance,Role-Specific Skills
can you explain describe how you present technical trade-offs to product managers without coding background when choosing between faster time-to-market with accumulated tech debt and a resilient scalable architecture with higher initial development cost,Communication
as a senior engineer tell me about a time when you resolved a catastrophic database deadlock under peak traffic,Problem Solving
how do you handle a situation where two senior engineers on your team strongly disagree on migrating to microservices versus modular monolith,Leadership
hypothetically in devops cloud sre how do you implement idempotent elt data pipelines in snowflake to ensure high performance,Role-Specific Skills
from an architectural standpoint how do you identify whether a performance slowdown is caused by dns query resolution latency or downstream third-party rate limits,Problem Solving
could you walk me through what strategies do you use for active listening when a colleague expresses frustration with your proposal,Communication
could you walk me through how do you investigate intermittent latency regressions when application thread lock contention is suspected,Problem Solving
from your experience tell me about a time you had to deliver difficult feedback about proactive communication during blockers while maintaining trust,Leadership
what is the difference between tcp and graphql,Technical Knowledge
in your previous projects what happens from a networking perspective when a dns recursive resolution query is executed occurs,Technical Knowledge
during a technical review how do you motivate a cross-functional squad to align on strict test-driven development tdd without causing delivery friction,Leadership
can you explain the difference between stateful services and eventual consistency in software engineering,Technical Knowledge
in your previous projects what strategies do you use for hardening linux kernel parameters against ddos in data engineering,Role-Specific Skills
what best practices do you follow for building reusable design system components in svelte,Role-Specific Skills
from an architectural standpoint describe a situation where a third-party dependency failed unexpectedly in production how did you resolve the outage,Problem Solving
from your experience in frontend engineering how do you implement contract testing between microservices with pact to ensure high performance,Role-Specific Skills
could you walk me through describe a time when you had to convince a non-technical client sponsor to prioritize migrating legacy monolithic databases to microservices,Communication
what are the key trade-offs between react server components and kubernetes long-running deployments when working on end-to-end regression validation,Role-Specific Skills
hypothetically tell me about an initiative you led from conception to delivery across multiple cross-functional teams,Leadership
describe a challenging post-incident review where the root cause was traced back to cpu throttling by kubernetes cfs quota rather than application thread lock contention,Problem Solving
can you explain walk me through your step-by-step debugging process when database replication lag surges past 30 minutes occurs on a mission-critical service,Problem Solving
in your previous projects how do you ensure requirements and technical architecture are clearly understood across a distributed team,Communication
could you walk me through in cybersecurity engineering how do you implement virtualized list rendering for 100k items to ensure high performance,Role-Specific Skills
from your experience how do you profile and eliminate bundle bloat tree-shaking failures and excessive css in modern web applications,Role-Specific Skills
in an enterprise environment tell me about a situation where an automated rollback failed and you had to resolve a connection pool exhaustion during a flash sale manually,Problem Solving
can you explain tell me about a situation where an automated rollback failed and you had to resolve a connection pool exhaustion during a flash sale manually,Problem Solving
during a technical review what are the internal mechanics of reflection and dynamic type inspection in c,Technical Knowledge
can you explain how would you design a system that handles low-latency financial transactions under 5ms using database sharding,Technical Knowledge
as a senior engineer how do you explain why upgrading outdated runtime versions is critical for security to client account managers,Communication
in an enterprise environment how do you write reliable maintainable end-to-end integration tests using cypress without creating flaky tests,Role-Specific Skills
what are the best practices for implementing database sharding in a high-scale service,Technical Knowledge
from your experience what is the difference between monolithic architecture and http 3,Technical Knowledge
in an enterprise environment tell me about a time you had to deliver bad news regarding project delays to an impatient product owner,Communication
in your previous projects tell me about a situation where an automated rollback failed and you had to resolve a sudden disk i o saturation freezing asynchronous write operations manually,Problem Solving
what is the difference between optimistic locking and graphql,Technical Knowledge
during a technical review what is your approach to writing clear technical documentation rfcs and architectural decision records,Communication
how do you identify whether a performance slowdown is caused by thread lock contention on shared resource caches or microservice circuit breaker tripping prematurely,Problem Solving
in your previous projects how do you explain why refactoring technical debt prevents system crashes to non-technical business executives,Communication
in your previous projects tell me about an initiative you led from conception to delivery across multiple cross-functional teams,Leadership
in an enterprise environment tell me about a time you had to deliver difficult feedback about confidence in contributing to architectural design reviews while maintaining trust,Leadership
describe how you present technical trade-offs to product managers without coding background when choosing between a managed cloud proprietary service and a resilient scalable architecture with higher initial development cost,Communication
could you walk me through tell me about a time you had to deliver bad news regarding project delays to an impatient product owner,Communication
hypothetically how do you explain the difference between latency and throughput bottlenecks to sales and marketing stakeholders,Communication
what are the key trade-offs between aws lambda serverless and apache flink when working on end-to-end regression validation,Role-Specific Skills
how do you handle a situation where two senior engineers on your team strongly disagree on introducing graphql over restful api architecture,Leadership
from your experience how do you configure and optimize nextjs ssr caching layers for enterprise production workloads,Role-Specific Skills
can you explain how would you troubleshoot sudden memory exhaustion caused by an unindexed query locking the primary production database,Problem Solving
describe a challenging post-incident review where the root cause was traced back to thread lock contention on shared resource caches rather than tcp socket file descriptor leaks,Problem Solving
in your previous projects how do you approach troubleshooting an intermittent issue that only reproduces under high concurrent traffic,Problem Solving
in an enterprise environment tell me about a situation where an automated rollback failed and you had to resolve a redis cluster split-brain event causing state inconsistency manually,Problem Solving
in your previous projects how do you explain why upgrading outdated runtime versions is critical for security to client account managers,Communication
as a senior engineer what are the key trade-offs between aws lambda serverless and kubernetes long-running deployments when working on end-to-end regression validation,Role-Specific Skills
from an architectural standpoint explain how you manage state and avoid unnecessary re-renders in angular applications,Role-Specific Skills
hypothetically walk me through how you would isolate an issue when the api response time degrades from 50ms to 12 seconds happens right after a major framework upgrade,Problem Solving
from an architectural standpoint describe a time when you had to convince an impatient product owner to prioritize migrating legacy monolithic databases to microservices,Communication
hypothetically how do you explain database sharding and eventual consistency to product managers without coding background,Communication
from your experience how do you motivate a cross-functional squad to align on strict test-driven development tdd without causing delivery friction,Leadership
in your previous projects what best practices do you follow for building reusable design system components in vue 3,Role-Specific Skills
hypothetically can you share an example of a time when your initial hypothesis about a severe bug turned out to be wrong,Problem Solving
how do you balance delegating important tasks to junior developers while maintaining high delivery quality,Leadership
could you walk me through describe a time when you mentored a junior software engineer who was struggling with understanding distributed systems trade-offs,Leadership
in your previous projects how do you drive consensus on adopting moving to container orchestration and gitops when there is substantial resistance from legacy developers,Leadership
from your experience how do you approach troubleshooting an intermittent issue that only reproduces under high concurrent traffic,Problem Solving
what are the key trade-offs between cypress and kubernetes long-running deployments when working on cloud container orchestration,Role-Specific Skills
in your previous projects what strategies do you use for mocking flaky third-party payment endpoints in frontend engineering,Role-Specific Skills
as a senior engineer describe a challenging post-incident review where the root cause was traced back to garbage collection pause times rather than underlying cloud network packet loss,Problem Solving
could you walk me through describe a time when you had to convince the vp of product to prioritize migrating legacy monolithic databases to microservices,Communication
in an enterprise environment how do you drive consensus on adopting moving to container orchestration and gitops when there is substantial resistance from legacy developers,Leadership
could you walk me through describe how you run a blameless post-mortem so the team communicates openly about mistakes,Communication
how does wal write-ahead log work under the hood in modern distributed systems,Technical Knowledge
in your previous projects what are the key trade-offs between docker compose and kubernetes long-running deployments when working on frontend state synchronization,Role-Specific Skills
from an architectural standpoint how would you troubleshoot sudden memory exhaustion caused by an unexpected thread deadlock freezing background queue workers,Problem Solving
in your previous projects tell me about a time you stepped up to resolve an organizational deadlock involving enforcing 90 code coverage requirements on pull requests,Leadership
could you walk me through how do you write reliable maintainable end-to-end integration tests using playwright without creating flaky tests,Role-Specific Skills
from your experience how do you handle a situation where two senior engineers on your team strongly disagree on migrating to microservices versus modular monolith,Leadership
hypothetically tell me about a situation where an automated rollback failed and you had to resolve an unexpected thread deadlock freezing background queue workers manually,Problem Solving
as a senior engineer walk me through how you discovered and patched a silent data corruption bug in an asynchronous processing pipeline,Problem Solving
in your previous projects what happens from a networking perspective when a tls 1 3 handshake is established occurs,Technical Knowledge
describe a time when you had to convince an impatient product owner to prioritize a comprehensive architectural refactor,Communication
explain how content security policies csp protects against common vulnerabilities in modern web applications,Technical Knowledge
in your previous projects in cybersecurity engineering how do you implement virtualized list rendering for 100k items to ensure high performance,Role-Specific Skills
during a technical review how do you establish engineering standards code quality benchmarks and automated testing rigor across a team,Leadership
from your experience describe a time when you had to convince an impatient product owner to prioritize a comprehensive architectural refactor,Communication
hypothetically describe a challenging post-incident review where the root cause was traced back to unbounded in-memory queue buffering rather than underlying cloud network packet loss,Problem Solving
as a senior engineer how do you write reliable maintainable end-to-end integration tests using playwright without creating flaky tests,Role-Specific Skills
as a senior engineer tell me about a time when you diagnosed and fixed an avalanche of unhandled exceptions crashing microservice pods in production,Problem Solving
describe a time when you had to convince the chief operating officer to prioritize a comprehensive architectural refactor,Communication
from an architectural standpoint how do indexes in postgresql improve query performance and what are the overhead costs,Technical Knowledge
what happens from a networking perspective when a user types a url into a browser until the page renders occurs,Technical Knowledge
could you walk me through how do you drive consensus on adopting adopting asynchronous event-driven architectures when there is substantial resistance from legacy developers,Leadership
from your experience how do you handle disagreements during an architectural design meeting when consensus cannot be reached,Communication
what is the difference between sql databases and threads,Technical Knowledge
hypothetically describe a time when you mentored a talented engineer struggling with imposter syndrome who was struggling with handling ambiguous technical specifications,Leadership
in an enterprise environment how do you configure and optimize nextjs ssr caching layers for enterprise production workloads,Role-Specific Skills
from your experience how do you configure and optimize apache airflow dag schedulers for enterprise production workloads,Role-Specific Skills
hypothetically tell me about a difficult conversation you had with an external vendor technical contact and how you reached mutual agreement,Communication
in your previous projects describe a time when you mentored a junior software engineer who was struggling with code quality and test design,Leadership
as a senior engineer how do you approach troubleshooting an intermittent issue that disappears immediately whenever verbose debug logging is enabled,Problem Solving
during a technical review describe a situation where executive management proposed an unreasonable technical mandate how did you push back,Leadership
during a technical review how do you explain database sharding and eventual consistency to customer support specialists,Communication
in an enterprise environment walk me through your step-by-step debugging process when memory consumption steadily climbs linearly until container restarts occurs on a mission-critical service,Problem Solving
from your experience describe how you supported a talented engineer struggling with imposter syndrome in transitioning to higher-impact architectural responsibilities,Leadership
from your experience how do you triage and prioritize five simultaneous critical production alerts during an on-call shift,Problem Solving
in your previous projects describe a time when you had to manage an underperforming team member how did you handle the situation empathetically,Leadership
can you explain describe a challenging post-incident review where the root cause was traced back to unbounded in-memory queue buffering rather than unoptimized disk i o swapping,Problem Solving
can you explain how do you explain why distributed consensus algorithms cannot guarantee zero latency to customer support specialists,Communication
describe a challenging post-incident review where the root cause was traced back to dns query resolution latency rather than unoptimized disk i o swapping,Problem Solving
hypothetically how do you handle a situation where two senior engineers on your team strongly disagree on migrating to microservices versus modular monolith,Leadership
how would you design a system that handles 100 000 requests per second using circuit breaker pattern,Technical Knowledge
from your experience how do you write reliable maintainable end-to-end integration tests using selenium grid without creating flaky tests,Role-Specific Skills
as a senior engineer in cybersecurity engineering how do you implement zero-trust identity-aware network segmentation to ensure high performance,Role-Specific Skills
how do you ensure accessibility cross-browser compatibility and wcag compliance in complex single-page applications,Role-Specific Skills
from an architectural standpoint describe a time when you had to convince the vp of product to prioritize allocating 30 of sprint capacity to test automation,Communication
from your experience tell me about a situation where an automated rollback failed and you had to resolve a redis cluster split-brain event causing state inconsistency manually,Problem Solving
what is the difference between rest and threads,Technical Knowledge
hypothetically describe how you supported a newly hired backend developer adjusting to company codebase in transitioning to higher-impact architectural responsibilities,Leadership
how do you profile and eliminate bundle bloat tree-shaking failures and excessive css in modern web applications,Role-Specific Skills
can you explain how would you troubleshoot sudden memory exhaustion caused by a redis cluster split-brain event causing state inconsistency,Problem Solving
during a technical review what are the key trade-offs between react server components and client-side hydration when working on cloud container orchestration,Role-Specific Skills
as a senior engineer tell me about a time you stepped up to resolve an organizational deadlock involving migrating to microservices versus modular monolith,Leadership
can you explain describe an incident where a faulty deployment caused widespread 500 server errors what was your immediate mitigation,Problem Solving
hypothetically what is the difference between synchronous and asynchronous processing in event-driven architecture,Technical Knowledge
from your experience tell me about a time you stepped up to resolve an organizational deadlock involving decoupling legacy monolithic database schemas,Leadership
how would you design a system that handles real-time analytics over petabytes of data using consistent hashing,Technical Knowledge
during a technical review tell me about a situation where an automated rollback failed and you had to resolve a runaway recursive background job consuming all available cpu manually,Problem Solving
in your previous projects how does garbage collection work in rust and how can you minimize stop-the-world pauses,Technical Knowledge
during a technical review how do you handle a situation where two senior engineers on your team strongly disagree on choosing between go and rust for a new microservice,Leadership
could you walk me through describe an incident where a faulty deployment caused widespread 500 server errors what was your immediate mitigation,Problem Solving
hypothetically what strategies do you use for active listening when a colleague expresses frustration with your proposal,Communication
from an architectural standpoint in devops cloud sre how do you implement idempotent elt data pipelines in snowflake to ensure high performance,Role-Specific Skills
walk me through how you solved a stubborn distributed race condition that only occurred once every thousand requests,Problem Solving
from an architectural standpoint how do you foster a psychological safety culture where developers feel safe admitting mistakes and proposing bold ideas,Leadership
can you explain how do you investigate intermittent latency regressions when tcp socket file descriptor leaks is suspected,Problem Solving
describe how you present technical trade-offs to non-technical business executives when choosing between faster time-to-market with accumulated tech debt and a resilient scalable architecture with higher initial development cost,Communication
tell me about a time you had to deliver bad news regarding project delays to the enterprise customer success director,Communication
can you explain how do you drive consensus on adopting mandatory peer code reviews and static security scanning when there is substantial resistance from legacy developers,Leadership
what is the difference between synchronous and asynchronous processing in rate limiting,Technical Knowledge
how do you identify whether a performance slowdown is caused by database connection pooling saturation or unoptimized disk i o swapping,Problem Solving
during a technical review can you share an experience where miscommunication led to a bug or delay and how you corrected it,Communication
what are the key trade-offs between docker compose and client-side hydration when working on end-to-end regression validation,Role-Specific Skills
how does memory-mapped files work under the hood in modern distributed systems,Technical Knowledge
hypothetically explain the principles of service mesh and when you would avoid it,Technical Knowledge
describe how you supported a career switcher unfamiliar with production pipelines in transitioning to higher-impact architectural responsibilities,Leadership
in your previous projects how do you communicate a critical production outage to the chief operating officer during active incident response,Communication
in an enterprise environment describe a time when you mentored a talented engineer struggling with imposter syndrome who was struggling with code quality and test design,Leadership
can you explain tell me about a time you had to deliver bad news regarding project delays to the vp of product,Communication
in your previous projects how do you handle situations where a the vp of product demands a delivery deadline you believe is unrealistic,Communication
in your previous projects describe how you present technical trade-offs to client account managers when choosing between a managed cloud proprietary service and purchasing an off-the-shelf third-party integration,Communication
can you explain what is the difference between synchronous and asynchronous processing in memory-mapped files,Technical Knowledge
from your experience how do you handle a situation where two senior engineers on your team strongly disagree on enforcing 90 code coverage requirements on pull requests,Leadership
in an enterprise environment describe how you supported a junior software engineer in transitioning to higher-impact architectural responsibilities,Leadership
in your previous projects how do you communicate the long-term cost of technical debt to executive leadership who only want new features,Communication
from an architectural standpoint how do you handle situations where a a non-technical client sponsor demands a delivery deadline you believe is unrealistic,Communication
what are the internal mechanics of goroutines vs os threads in go,Technical Knowledge
as a senior engineer how do you write reliable maintainable end-to-end integration tests using jest and react testing library without creating flaky tests,Role-Specific Skills
how do you explain why upgrading outdated runtime versions is critical for security to product managers without coding background,Communication
tell me about a time you noticed an engineer feeling burned out or disengaged what actions did you take,Leadership
describe how you present technical trade-offs to client account managers when choosing between building a customized in-house solution and an open-source self-hosted cluster,Communication
from your experience how do you identify whether a performance slowdown is caused by garbage collection pause times or application thread lock contention,Problem Solving
what are the internal mechanics of gil global interpreter lock in go,Technical Knowledge
what is the difference between sql databases and graphql,Technical Knowledge
from your experience how do you diagnose memory leaks in long-running containerized microservices without restarting the cluster,Problem Solving
can you explain tell me about an initiative you led from conception to delivery across multiple cross-functional teams,Leadership
as a senior engineer describe how you supported a talented engineer struggling with imposter syndrome in transitioning to higher-impact architectural responsibilities,Leadership
what are the best practices for implementing event-driven architecture in a high-scale service,Technical Knowledge
from an architectural standpoint walk me through your step-by-step debugging process when kafka consumer lag continuously grows without consumer rebalancing occurs on a mission-critical service,Problem Solving
hypothetically how do you explain why upgrading outdated runtime versions is critical for security to product managers without coding background,Communication
in your previous projects tell me about a time you successfully onboarded multiple new engineers while maintaining ongoing sprint commitments,Leadership
could you walk me through what is your approach to setting up distributed tracing with opentelemetry and jaeger across microservices,Role-Specific Skills
from your experience tell me about a time you had to deliver bad news regarding project delays to the enterprise customer success director,Communication
from an architectural standpoint explain how you manage state and avoid unnecessary re-renders in vue 3 applications,Role-Specific Skills
as a senior engineer in data engineering how do you implement contract testing between microservices with pact to ensure high performance,Role-Specific Skills
walk me through your step-by-step debugging process when the api response time degrades from 50ms to 12 seconds occurs on a mission-critical service,Problem Solving
during a technical review describe a challenging post-incident review where the root cause was traced back to dns query resolution latency rather than downstream third-party rate limits,Problem Solving
from an architectural standpoint what best practices do you follow for building reusable design system components in react,Role-Specific Skills
during a technical review how do you handle a situation where two senior engineers on your team strongly disagree on enforcing 90 code coverage requirements on pull requests,Leadership
how would you design a system that handles low-latency financial transactions under 5ms using read-write replicas,Technical Knowledge
could you walk me through what is your approach to writing clear technical documentation rfcs and architectural decision records,Communication
as a senior engineer describe a time when you mentored a career switcher unfamiliar with production pipelines who was struggling with code quality and test design,Leadership
describe how you design a resilient pipeline for zero-downtime database schema migration in modern cloud infrastructure,Role-Specific Skills
describe a challenging post-incident review where the root cause was traced back to thread lock contention on shared resource caches rather than application thread lock contention,Problem Solving
in an enterprise environment describe how you design a resilient pipeline for zero-downtime database schema migration in modern cloud infrastructure,Role-Specific Skills
in your previous projects describe how you present technical trade-offs to customer support specialists when choosing between faster time-to-market with accumulated tech debt and purchasing an off-the-shelf third-party integration,Communication
hypothetically how do you identify whether a performance slowdown is caused by garbage collection pause times or tcp socket file descriptor leaks,Problem Solving
during a technical review describe how you present technical trade-offs to customer support specialists when choosing between a managed cloud proprietary service and a resilient scalable architecture with higher initial development cost,Communication
hypothetically in qa automation how do you implement zero-trust identity-aware network segmentation to ensure high performance,Role-Specific Skills
can you explain how do you balance delegating important tasks to junior developers while maintaining high delivery quality,Leadership
in an enterprise environment in qa automation how do you implement zero-trust identity-aware network segmentation to ensure high performance,Role-Specific Skills
as a senior engineer tell me about a time you stepped up to resolve an organizational deadlock involving authorizing third-party cloud vendor lock-in,Leadership
in your previous projects walk me through how you would isolate an issue when kafka consumer lag continuously grows without consumer rebalancing happens right after a major framework upgrade,Problem Solving
what is the difference between monolithic architecture and udp,Technical Knowledge
how do you identify whether a performance slowdown is caused by unbounded in-memory queue buffering or underlying cloud network packet loss,Problem Solving
as a senior engineer how do you drive consensus on adopting implementing observability and distributed tracing standards when there is substantial resistance from legacy developers,Leadership
in an enterprise environment can you explain the difference between stateful services and functional programming in software engineering,Technical Knowledge
as a senior engineer tell me about a time you stepped up to resolve an organizational deadlock involving decoupling legacy monolithic database schemas,Leadership
describe how you present technical trade-offs to non-technical business executives when choosing between building a customized in-house solution and purchasing an off-the-shelf third-party integration,Communication
from an architectural standpoint how do you drive consensus on adopting automated cicd trunk-based development when there is substantial resistance from legacy developers,Leadership
what is the difference between blue-green deployments and canary deployments in kubernetes,Role-Specific Skills
during a technical review describe a challenging post-incident review where the root cause was traced back to cpu throttling by kubernetes cfs quota rather than tcp socket file descriptor leaks,Problem Solving
could you walk me through how do you handle data consistency and isolation levels in mysql innodb,Technical Knowledge
in your previous projects what are the key trade-offs between docker compose and playwright when working on end-to-end regression validation,Role-Specific Skills
tell me about a situation where an automated rollback failed and you had to resolve a runaway recursive background job consuming all available cpu manually,Problem Solving
how do you handle a situation where two senior engineers on your team strongly disagree on choosing between go and rust for a new microservice,Leadership
from an architectural standpoint what is your approach to writing clear technical documentation rfcs and architectural decision records,Communication
from an architectural standpoint describe a complex technical problem where you had very limited log data and monitoring how did you isolate root cause,Problem Solving
from an architectural standpoint explain how rate limiting impacts latency throughput and fault tolerance,Technical Knowledge
can you explain how do you configure and optimize kubernetes ingress controllers for enterprise production workloads,Role-Specific Skills
from your experience how do you drive consensus on adopting adopting asynchronous event-driven architectures when there is substantial resistance from legacy developers,Leadership
what are the key trade-offs between docker compose and client-side hydration when working on cloud container orchestration,Role-Specific Skills
as a senior engineer what is the time and space complexity of dijkstra s shortest path algorithm and how can it be optimized,Technical Knowledge
hypothetically how do you debug an application that runs perfectly in local staging but fails intermittently in kubernetes production,Problem Solving
as a senior engineer what strategies do you use for active listening when a colleague expresses frustration with your proposal,Communication
during a technical review describe a time when you mentored a newly hired backend developer adjusting to company codebase who was struggling with proactive communication during blockers,Leadership
hypothetically what strategies do you use for hardening linux kernel parameters against ddos in data engineering,Role-Specific Skills
can you explain describe a time when you had to make a high-stakes engineering trade-off under intense time pressure,Problem Solving
tell me about a time you successfully onboarded multiple new engineers while maintaining ongoing sprint commitments,Leadership
could you walk me through how do you explain why upgrading outdated runtime versions is critical for security to non-technical business executives,Communication
during a technical review what is the time and space complexity of topological sort for dag dependencies and how can it be optimized,Technical Knowledge
can you explain describe how you design a resilient pipeline for real-time financial transaction ingestion in modern cloud infrastructure,Role-Specific Skills
can you explain how do you articulate complex system constraints during cross-functional sprint planning sessions,Communication
from your experience describe a scenario where you had to lead a project with ambiguous requirements and tight organizational deadlines,Leadership
what is the time and space complexity of quicksort vs mergesort and how can it be optimized,Technical Knowledge
as a senior engineer in cybersecurity engineering how do you implement contract testing between microservices with pact to ensure high performance,Role-Specific Skills
hypothetically how do indexes in redis improve query performance and what are the overhead costs,Technical Knowledge
can you explain how do you explain why refactoring technical debt prevents system crashes to non-technical business executives,Communication
in your previous projects describe a time when you mentored a career switcher unfamiliar with production pipelines who was struggling with time management and estimation accuracy,Leadership
as a senior engineer what is your approach to writing clear technical documentation rfcs and architectural decision records,Communication
from an architectural standpoint how do you handle disagreements during an architectural design meeting when consensus cannot be reached,Communication
could you walk me through how do you balance delegating important tasks to junior developers while maintaining high delivery quality,Leadership
describe a time when you mentored a talented engineer struggling with imposter syndrome who was struggling with handling ambiguous technical specifications,Leadership
from an architectural standpoint in qa automation how do you implement zero-trust identity-aware network segmentation to ensure high performance,Role-Specific Skills
in an enterprise environment how do you identify whether a performance slowdown is caused by database connection pooling saturation or downstream third-party rate limits,Problem Solving
tell me about an initiative you led from conception to delivery across multiple cross-functional teams,Leadership
how do you explain why upgrading outdated runtime versions is critical for security to customer support specialists,Communication
hypothetically what best practices do you follow for building reusable design system components in svelte,Role-Specific Skills
in an enterprise environment describe a situation where a third-party dependency failed unexpectedly in production how did you resolve the outage,Problem Solving
could you walk me through what are the best practices for implementing circuit breaker pattern in a high-scale service,Technical Knowledge
from your experience explain how you manage state and avoid unnecessary re-renders in react applications,Role-Specific Skills
what are the key trade-offs between cypress and playwright when working on microservice communication,Role-Specific Skills
what are the key trade-offs between cypress and kubernetes pods when working on cloud container orchestration,Role-Specific Skills
hypothetically how do you identify whether a performance slowdown is caused by thread lock contention on shared resource caches or tcp socket file descriptor leaks,Problem Solving
can you explain what methodology do you apply when decomposing a messy undocumented legacy system bug,Problem Solving
from an architectural standpoint how do indexes in mongodb improve query performance and what are the overhead costs,Technical Knowledge
how do you explain the difference between latency and throughput bottlenecks to customer support specialists,Communication
during a technical review explain the cap theorem and how read-write replicas chooses between consistency and availability,Technical Knowledge
as a senior engineer tell me about a time you had to deliver difficult feedback about handling ambiguous technical specifications while maintaining trust,Leadership
in your previous projects describe a challenging post-incident review where the root cause was traced back to dns query resolution latency rather than application thread lock contention,Problem Solving
in your previous projects how do you configure and optimize hashicorp vault for secrets for enterprise production workloads,Role-Specific Skills
from your experience how do you handle situations where a the enterprise customer success director demands a delivery deadline you believe is unrealistic,Communication
what is your approach to writing clear technical documentation rfcs and architectural decision records,Communication
how do you deliver constructive critical code review feedback without offending a legacy system maintainer,Communication
from your experience what strategies do you use for active listening when a colleague expresses frustration with your proposal,Communication
as a senior engineer how do you configure and optimize nextjs ssr caching layers for enterprise production workloads,Role-Specific Skills
how do you manage database migrations safely with zero-downtime using tools like flyway or liquibase in data engineering,Role-Specific Skills
