question,label
"In your previous projects, Describe a time when you had to convince the enterprise customer success director to prioritize a comprehensive architectural refactor.?",Communication
"In an enterprise environment, Describe a challenging post-incident review where the root cause was traced back to database connection pooling saturation rather than downstream third-party rate limits.?",Problem Solving
"From an architectural standpoint, What are the key trade-offs between Cypress and Playwright when working on end-to-end regression validation?",Role-Specific Skills
What are the key trade-offs between Apache Kafka and Kubernetes long-running deployments when working on frontend state synchronization?,Role-Specific Skills
Explain how OAuth2 with PKCE protects against common vulnerabilities in modern web applications.?,Technical Knowledge
"From an architectural standpoint, How do you write reliable, maintainable end-to-end integration tests using Playwright without creating flaky tests?",Role-Specific Skills
"In an enterprise environment, Tell me about a time when you diagnosed and fixed a connection pool exhaustion during a flash sale in production.?",Problem Solving
Can you explain the trade-offs of using consistent hashing in production?,Technical Knowledge
"During a technical review, Describe a time when you mentored a career switcher unfamiliar with production pipelines who was struggling with proactive communication during blockers.?",Leadership
"During a technical review, How would you troubleshoot sudden memory exhaustion caused by a sudden disk I/O saturation freezing asynchronous write operations?",Problem Solving
"Hypothetically, Describe a time when you mentored a mid-level engineer aiming for senior promotion who was struggling with writing thorough documentation and unit tests.?",Leadership
How would you design a system that handles low-latency financial transactions under 5ms using circuit breaker pattern?,Technical Knowledge
"During a technical review, Describe how you present technical trade-offs to sales and marketing stakeholders when choosing between faster time-to-market with accumulated tech debt and purchasing an off-the-shelf third-party integration.?",Communication
What are the best practices for implementing message broker partitioning in a high-scale service?,Technical Knowledge
"From your experience, Explain how memory-mapped files impacts latency, throughput, and fault tolerance.?",Technical Knowledge
"From your experience, Describe how you supported a intern with minimal real-world experience in transitioning to higher-impact architectural responsibilities.?",Leadership
Could you walk me through: What is the difference between Blue-Green deployments and Canary deployments in Kubernetes?,Role-Specific Skills
"In your previous projects, How do you identify whether a performance slowdown is caused by DNS query resolution latency or microservice circuit breaker tripping prematurely?",Problem Solving
How would you design a system that handles geo-distributed user sessions with instant failover using rate limiting?,Technical Knowledge
Tell me about a situation where an automated rollback failed and you had to resolve an exponential spike in 504 Gateway Timeouts manually.?,Problem Solving
"As a senior engineer, How do you explain database sharding and eventual consistency to customer support specialists?",Communication
Could you walk me through: Tell me about a situation where an automated rollback failed and you had to resolve an unindexed query locking the primary production database manually.?,Problem Solving
"From your experience, How do you tailor your communication style when speaking with junior engineers versus C-level executives?",Communication
"In an enterprise environment, Tell me about a time you noticed an engineer feeling burned out or disengaged. What actions did you take?",Leadership
"During a technical review, How do you communicate the long-term cost of technical debt to executive leadership who only want new features?",Communication
"As a senior engineer, How does Memcached handle cache invalidation, cache stampede, and eviction policies?",Technical Knowledge
"Hypothetically, Can you explain the trade-offs of using connection pooling in production?",Technical Knowledge
"From an architectural standpoint, How does garbage collection work in C++ and how can you minimize stop-the-world pauses?",Technical Knowledge
"From an architectural standpoint, How do you drive consensus on adopting mandatory peer code reviews and static security scanning when there is substantial resistance from legacy developers?",Leadership
"As a senior engineer, Explain how you manage state and avoid unnecessary re-renders in Svelte applications.?",Role-Specific Skills
"From your experience, How do you explain the difference between latency and throughput bottlenecks to sales and marketing stakeholders?",Communication
"From your experience, How do you drive consensus on adopting moving to container orchestration and GitOps when there is substantial resistance from legacy developers?",Leadership
"In an enterprise environment, What happens from a networking perspective when a DNS recursive resolution query is executed occurs?",Technical Knowledge
Could you walk me through: Tell me about a time when a critical project you were leading was failing. How did you turn it around?,Leadership
What is your approach to setting up distributed tracing with OpenTelemetry and Jaeger across microservices?,Role-Specific Skills
Describe a time when you mentored a career switcher unfamiliar with production pipelines who was struggling with understanding distributed systems trade-offs.?,Leadership
Describe how you present technical trade-offs to customer support specialists when choosing between a managed cloud proprietary service and purchasing an off-the-shelf third-party integration.?,Communication
"Can you explain: How do you deliver constructive, critical code review feedback without offending an external vendor technical contact?",Communication
"In your previous projects, Describe a time when you had to convince an impatient product owner to prioritize migrating legacy monolithic databases to microservices.?",Communication
"During a technical review, Tell me about a time you had to deliver bad news regarding project delays to the VP of Product.?",Communication
Could you walk me through: Tell me about a time you stepped up to resolve an organizational deadlock involving enforcing strict functional programming paradigms.?,Leadership
"In DevOps & Cloud SRE, how do you implement virtualized list rendering for 100k items to ensure high performance?",Role-Specific Skills
"Hypothetically, in Frontend Engineering, how do you implement automated canary rollouts with ArgoCD to ensure high performance?",Role-Specific Skills
What are the best practices for implementing consistent hashing in a high-scale service?,Technical Knowledge
Can you explain: Describe a challenging post-incident review where the root cause was traced back to database connection pooling saturation rather than unoptimized disk I/O swapping.?,Problem Solving
"From an architectural standpoint, Describe a time when you had to convince the VP of Product to prioritize migrating legacy monolithic databases to microservices.?",Communication
What are the best practices for implementing connection pooling in a high-scale service?,Technical Knowledge
"In an enterprise environment, Walk me through how you would isolate an issue when worker nodes abruptly crash without emitting a stack trace happens right after a major framework upgrade.?",Problem Solving
"As a senior engineer, Walk me through how you would isolate an issue when worker nodes abruptly crash without emitting a stack trace happens right after a major framework upgrade.?",Problem Solving
"Hypothetically, How do you configure and optimize HashiCorp Vault for secrets for enterprise production workloads?",Role-Specific Skills
"From an architectural standpoint, How do you identify whether a performance slowdown is caused by thread lock contention on shared resource caches or unoptimized disk I/O swapping?",Problem Solving
Describe how you present technical trade-offs to non-technical business executives when choosing between a managed cloud proprietary service and purchasing an off-the-shelf third-party integration.?,Communication
"Hypothetically, How does read-write replicas work under the hood in modern distributed systems?",Technical Knowledge
Could you walk me through: What is the time and space complexity of QuickSort vs MergeSort and how can it be optimized?,Technical Knowledge
Describe how you prioritize technical debt against business feature roadmap requests at an organizational level.?,Leadership
"During a technical review, Describe how you design a resilient pipeline for continuous deployment with automatic rollback in modern cloud infrastructure.?",Role-Specific Skills
"In your previous projects, Describe how you present technical trade-offs to product managers without coding background when choosing between faster time-to-market with accumulated tech debt and an open-source self-hosted cluster.?",Communication
"How would you design a system that handles 100,000 requests per second using consistent hashing?",Technical Knowledge
"In an enterprise environment, What are the internal mechanics of virtual method dispatch and vtables in C#?",Technical Knowledge
Describe a challenging post-incident review where the root cause was traced back to unbounded in-memory queue buffering rather than unoptimized disk I/O swapping.?,Problem Solving
"From an architectural standpoint, What are the best practices for implementing event-driven architecture in a high-scale service?",Technical Knowledge
Can you explain: Tell me about a time you stepped up to resolve an organizational deadlock involving migrating to microservices versus modular monolith.?,Leadership
How do you identify whether a performance slowdown is caused by thread lock contention on shared resource caches or unoptimized disk I/O swapping?,Problem Solving
How would you design a system that handles geo-distributed user sessions with instant failover using connection pooling?,Technical Knowledge
"In your previous projects, Explain how connection pooling impacts latency, throughput, and fault tolerance.?",Technical Knowledge
Describe how you present technical trade-offs to sales and marketing stakeholders when choosing between a managed cloud proprietary service and purchasing an off-the-shelf third-party integration.?,Communication
Can you explain: How do you approach troubleshooting an intermittent issue that happens exclusively on mobile clients with unstable network connections?,Problem Solving
Tell me about a time you had to deliver bad news regarding project delays to the Chief Operating Officer.?,Communication
"In your previous projects, Describe a time when you mentored a junior software engineer who was struggling with writing thorough documentation and unit tests.?",Leadership
"From your experience, What are the key trade-offs between Docker Compose and Apache Flink when working on cloud container orchestration?",Role-Specific Skills
Tell me about a difficult conversation you had with a peer software engineer with strong opinions and how you reached mutual agreement.?,Communication
Walk me through your step-by-step debugging process when worker nodes abruptly crash without emitting a stack trace occurs on a mission-critical service.?,Problem Solving
What is the difference between Kafka and pessimistic locking?,Technical Knowledge
Could you walk me through: Can you share an example of a time when your initial hypothesis about a severe bug turned out to be wrong?,Problem Solving
"From your experience, How do you handle a situation where two senior engineers on your team strongly disagree on introducing GraphQL over RESTful API architecture?",Leadership
"As a senior engineer, Describe a time when you had to convince a non-technical client sponsor to prioritize a comprehensive architectural refactor.?",Communication
Describe a scenario where you negotiated the scope of a feature release with the enterprise customer success director.?,Communication
"During a technical review, in Frontend Engineering, how do you implement idempotent ELT data pipelines in Snowflake to ensure high performance?",Role-Specific Skills
"During a technical review, Describe a scenario where you negotiated the scope of a feature release with the VP of Product.?",Communication
"During a technical review, What methodology do you apply when decomposing a messy, undocumented legacy system bug?",Problem Solving
"From an architectural standpoint, How do you resolve shared memory mutation without mutexes in multithreaded applications?",Technical Knowledge
Could you walk me through: Explain the CAP theorem and how WAL (write-ahead log) chooses between consistency and availability.?,Technical Knowledge
Describe a time when you mentored a mid-level engineer aiming for senior promotion who was struggling with writing thorough documentation and unit tests.?,Leadership
"During a technical review, Tell me about a time you had to deliver difficult feedback about time management and estimation accuracy while maintaining trust.?",Leadership
Can you explain: How do you ensure requirements and technical architecture are clearly understood across a distributed team?,Communication
Describe a time when you mentored a mid-level engineer aiming for senior promotion who was struggling with time management and estimation accuracy.?,Leadership
"From your experience, Describe a situation where executive management proposed an unreasonable technical mandate. How did you push back?",Leadership
"As a senior engineer, Tell me about a time you had to deliver difficult feedback about understanding distributed systems trade-offs while maintaining trust.?",Leadership
"From an architectural standpoint, Tell me about a time you had to deliver difficult feedback about understanding distributed systems trade-offs while maintaining trust.?",Leadership
"Hypothetically, How do you articulate complex system constraints during cross-functional sprint planning sessions?",Communication
"In an enterprise environment, How do you design an idempotent API endpoint for webhook notifications delivery?",Technical Knowledge
What is the difference between TCP and Hash index?,Technical Knowledge
Could you walk me through: Can you explain the trade-offs of using rate limiting in production?,Technical Knowledge
Can you explain: Describe a time when you mentored a talented engineer struggling with imposter syndrome who was struggling with confidence in contributing to architectural design reviews.?,Leadership
What strategies do you use for mocking flaky third-party payment endpoints in Cybersecurity Engineering?,Role-Specific Skills
"During a technical review, Tell me about a difficult conversation you had with a peer software engineer with strong opinions and how you reached mutual agreement.?",Communication
"As a senior engineer, How do you motivate a cross-functional squad to align on implementing observability and distributed tracing standards without causing delivery friction?",Leadership
"In your previous projects, What is the difference between HTTP/2 and RabbitMQ?",Technical Knowledge
"In your previous projects, Tell me about a time you had to deliver bad news regarding project delays to a non-technical client sponsor.?",Communication
"From an architectural standpoint, How do you determine the root cause of network packet loss and TCP retransmission timeouts between microservices?",Problem Solving
"From your experience, How do you investigate intermittent latency regressions when unoptimized disk I/O swapping is suspected?",Problem Solving
How do you explain why distributed consensus algorithms cannot guarantee zero latency to sales and marketing stakeholders?,Communication
Can you explain the trade-offs of using read-write replicas in production?,Technical Knowledge
"From your experience, Describe how you design a resilient pipeline for continuous deployment with automatic rollback in modern cloud infrastructure.?",Role-Specific Skills
Could you walk me through: How do you explain why refactoring technical debt prevents system crashes to non-technical business executives?,Communication
"During a technical review, How do you handle situations where a the Chief Operating Officer demands a delivery deadline you believe is unrealistic?",Communication
"Hypothetically, How do you drive consensus on adopting mandatory peer code reviews and static security scanning when there is substantial resistance from legacy developers?",Leadership
"In an enterprise environment, What strategies do you use for mocking flaky third-party payment endpoints in QA Automation?",Role-Specific Skills
Can you explain: Explain how JWT token signing and refresh rotation protects against common vulnerabilities in modern web applications.?,Technical Knowledge
Can you explain the trade-offs of using message broker partitioning in production?,Technical Knowledge
"In your previous projects, Describe a scenario where you negotiated the scope of a feature release with the enterprise customer success director.?",Communication
"In your previous projects, Describe a scenario where you had to lead a project with ambiguous requirements and tight organizational deadlines.?",Leadership
"During a technical review, What happens from a networking perspective when a DNS recursive resolution query is executed occurs?",Technical Knowledge
Can you explain: Tell me about a time you had to deliver difficult feedback about understanding distributed systems trade-offs while maintaining trust.?,Leadership
Could you walk me through: Tell me about a time you stepped up to resolve an organizational deadlock involving enforcing 90% code coverage requirements on pull requests.?,Leadership
"In your previous projects, Tell me about a time you investigated a critical security breach or SQL injection attempt. How did you contain the blast radius?",Problem Solving
Could you walk me through: How do you approach troubleshooting an intermittent issue that only reproduces under high concurrent traffic?,Problem Solving
How do you explain database sharding and eventual consistency to sales and marketing stakeholders?,Communication
"Hypothetically, Tell me about a time when you resolved a catastrophic database deadlock under peak traffic.?",Problem Solving
How do you manage database migrations safely with zero-downtime using tools like Flyway or Liquibase in Cybersecurity Engineering?,Role-Specific Skills
"As a senior engineer, in Frontend Engineering, how do you implement virtualized list rendering for 100k items to ensure high performance?",Role-Specific Skills
"In your previous projects, in Data Engineering, how do you implement idempotent ELT data pipelines in Snowflake to ensure high performance?",Role-Specific Skills
"In your previous projects, What are the best practices for implementing distributed transactions (2PC) in a high-scale service?",Technical Knowledge
Could you walk me through: How do you facilitate discussions between teams that have conflicting technical priorities or API requirements?,Communication
"In your previous projects, Walk me through how you would isolate an issue when worker nodes abruptly crash without emitting a stack trace happens right after a major framework upgrade.?",Problem Solving
"Hypothetically, Describe a time when you had to convince a non-technical client sponsor to prioritize allocating 30% of sprint capacity to test automation.?",Communication
"In your previous projects, Describe how you design a resilient pipeline for automated test suite execution across parallel runners in modern cloud infrastructure.?",Role-Specific Skills
Can you explain: How does memory-mapped files work under the hood in modern distributed systems?,Technical Knowledge
"From an architectural standpoint, in Cybersecurity Engineering, how do you implement automated canary rollouts with ArgoCD to ensure high performance?",Role-Specific Skills
Could you walk me through: Tell me about a time you successfully persuaded a skeptical teammate to adopt a new testing methodology.?,Communication
"As a senior engineer, How do you run effective 1-on-1 meetings that support the long-term career growth of your direct reports?",Leadership
"From your experience, Describe how you present technical trade-offs to non-technical business executives when choosing between building a customized in-house solution and a resilient scalable architecture with higher initial development cost.?",Communication
"Hypothetically, How do you motivate a cross-functional squad to align on strict test-driven development (TDD) without causing delivery friction?",Leadership
"In your previous projects, Describe a time when you mentored a mid-level engineer aiming for senior promotion who was struggling with proactive communication during blockers.?",Leadership
"Hypothetically, Describe how you run a blameless post-mortem so the team communicates openly about mistakes.?",Communication
Could you walk me through: Tell me about a difficult conversation you had with a cross-functional product manager and how you reached mutual agreement.?,Communication
"In an enterprise environment, How do you secure a CI/CD pipeline against supply chain attacks, compromised packages, and secret leakage?",Role-Specific Skills
"In your previous projects, How does rate limiting work under the hood in modern distributed systems?",Technical Knowledge
What is the difference between TCP and microservices?,Technical Knowledge
Tell me about a time when you diagnosed and fixed an unexpected thread deadlock freezing background queue workers in production.?,Problem Solving
"Hypothetically, How do you deliver constructive, critical code review feedback without offending a strict QA lead?",Communication
How do you design an idempotent API endpoint for credit card billing payments?,Technical Knowledge
"From an architectural standpoint, Explain how you manage state and avoid unnecessary re-renders in Svelte applications.?",Role-Specific Skills
Describe a time when you mentored a intern with minimal real-world experience who was struggling with understanding distributed systems trade-offs.?,Leadership
"From your experience, Explain how you design a data lakehouse architecture using Delta Lake or Apache Iceberg.?",Role-Specific Skills
"During a technical review, Describe a time when you had to convince the VP of Product to prioritize allocating 30% of sprint capacity to test automation.?",Communication
"In an enterprise environment, What strategies do you use for partition pruning and shuffling optimization in DevOps & Cloud SRE?",Role-Specific Skills
What is the difference between processes and GraphQL?,Technical Knowledge
What are the internal mechanics of async/await event loop scheduling in C#?,Technical Knowledge
"As a senior engineer, How do you explain why refactoring technical debt prevents system crashes to non-technical business executives?",Communication
"During a technical review, How do you determine the root cause of network packet loss and TCP retransmission timeouts between microservices?",Problem Solving
"From an architectural standpoint, How do you manage database migrations safely with zero-downtime using tools like Flyway or Liquibase in QA Automation?",Role-Specific Skills
What are the internal mechanics of goroutines vs OS threads in C++?,Technical Knowledge
"In an enterprise environment, How do you approach troubleshooting an intermittent issue that only reproduces under high concurrent traffic?",Problem Solving
"As a senior engineer, What strategies do you use for hardening Linux kernel parameters against DDoS in Data Engineering?",Role-Specific Skills
"From your experience, How do you handle a situation where two senior engineers on your team strongly disagree on enforcing strict functional programming paradigms?",Leadership
"In your previous projects, Describe how you run a blameless post-mortem so the team communicates openly about mistakes.?",Communication
"In your previous projects, What are the internal mechanics of async/await event loop scheduling in Go?",Technical Knowledge
Walk me through your step-by-step debugging process when database replication lag surges past 30 minutes occurs on a mission-critical service.?,Problem Solving
What are the key trade-offs between Docker Compose and Kubernetes long-running deployments when working on microservice communication?,Role-Specific Skills
"As a senior engineer, How do you manage database migrations safely with zero-downtime using tools like Flyway or Liquibase in Data Engineering?",Role-Specific Skills
"As a senior engineer, Walk me through how you solved a stubborn distributed race condition that only occurred once every thousand requests.?",Problem Solving
Can you explain: Describe how you prioritize technical debt against business feature roadmap requests at an organizational level.?,Leadership
Can you explain: Describe a scenario where you negotiated the scope of a feature release with a non-technical client sponsor.?,Communication
"During a technical review, How do you identify whether a performance slowdown is caused by unbounded in-memory queue buffering or unoptimized disk I/O swapping?",Problem Solving
"Could you walk me through: How do you deliver constructive, critical code review feedback without offending a cross-functional product manager?",Communication
"Hypothetically, Describe a time when you mentored a talented engineer struggling with imposter syndrome who was struggling with code quality and test design.?",Leadership
"As a senior engineer, Describe a time when you mentored a talented engineer struggling with imposter syndrome who was struggling with understanding distributed systems trade-offs.?",Leadership
"In Data Engineering, how do you implement zero-trust identity-aware network segmentation to ensure high performance?",Role-Specific Skills
"From an architectural standpoint, How do you configure and optimize Next.js SSR caching layers for enterprise production workloads?",Role-Specific Skills
"In an enterprise environment, in Data Engineering, how do you implement virtualized list rendering for 100k items to ensure high performance?",Role-Specific Skills
"In your previous projects, Describe a time when you had to make a high-stakes engineering trade-off under intense time pressure.?",Problem Solving
How do you investigate intermittent latency regressions when unoptimized disk I/O swapping is suspected?,Problem Solving
"Hypothetically, How do you motivate a cross-functional squad to align on moving to container orchestration and GitOps without causing delivery friction?",Leadership
"From an architectural standpoint, What is the difference between Blue-Green deployments and Canary deployments in Kubernetes?",Role-Specific Skills
"In your previous projects, Walk me through your step-by-step debugging process when the API response time degrades from 50ms to 12 seconds occurs on a mission-critical service.?",Problem Solving
"In an enterprise environment, How do you deliver constructive, critical code review feedback without offending a strict QA lead?",Communication
"During a technical review, Walk me through how you would isolate an issue when memory consumption steadily climbs linearly until container restarts happens right after a major framework upgrade.?",Problem Solving
"As a senior engineer, in Frontend Engineering, how do you implement contract testing between microservices with Pact to ensure high performance?",Role-Specific Skills
"Could you walk me through: How do you ensure accessibility, cross-browser compatibility, and WCAG compliance in complex single-page applications?",Role-Specific Skills
"From your experience, How do you motivate a cross-functional squad to align on mandatory peer code reviews and static security scanning without causing delivery friction?",Leadership
Describe a challenging post-incident review where the root cause was traced back to garbage collection pause times rather than downstream third-party rate limits.?,Problem Solving
"During a technical review, How do indexes in Redis improve query performance and what are the overhead costs?",Technical Knowledge
"From an architectural standpoint, Tell me about a time you had to deliver difficult feedback about handling ambiguous technical specifications while maintaining trust.?",Leadership
"From an architectural standpoint, How do you tailor your communication style when speaking with junior engineers versus C-level executives?",Communication
"As a senior engineer, How do you navigate team member promotions, performance evaluations, and compensation reviews fairly?",Leadership
"During a technical review, How do you deliver constructive, critical code review feedback without offending an external vendor technical contact?",Communication
What are the key trade-offs between AWS Lambda serverless and Kubernetes long-running deployments when working on frontend state synchronization?,Role-Specific Skills
"From an architectural standpoint, How do you investigate intermittent latency regressions when application thread lock contention is suspected?",Problem Solving
"In an enterprise environment, What strategies do you use for mocking flaky third-party payment endpoints in DevOps & Cloud SRE?",Role-Specific Skills
Could you walk me through: How do you motivate a cross-functional squad to align on mandatory peer code reviews and static security scanning without causing delivery friction?,Leadership
"In an enterprise environment, Walk me through how you would isolate an issue when the HTTP request error rate spikes to 25% happens right after a major framework upgrade.?",Problem Solving
Can you explain: Tell me about a situation where an automated rollback failed and you had to resolve a sudden disk I/O saturation freezing asynchronous write operations manually.?,Problem Solving
How would you design a system that handles millions of concurrent WebSocket connections using connection pooling?,Technical Knowledge
"From an architectural standpoint, in DevOps & Cloud SRE, how do you implement virtualized list rendering for 100k items to ensure high performance?",Role-Specific Skills
"Hypothetically, What is the time and space complexity of Topological Sort for DAG dependencies and how can it be optimized?",Technical Knowledge
"During a technical review, Describe how you run a blameless post-mortem so the team communicates openly about mistakes.?",Communication
"As a senior engineer, Tell me about a situation where an automated rollback failed and you had to resolve a runaway recursive background job consuming all available CPU manually.?",Problem Solving
"In your previous projects, Describe a time when you mentored a career switcher unfamiliar with production pipelines who was struggling with proactive communication during blockers.?",Leadership
"In an enterprise environment, How do you handle data consistency and isolation levels in Elasticsearch?",Technical Knowledge
Can you explain: Can you explain the difference between object-oriented programming and stateless microservices in software engineering?,Technical Knowledge
"From an architectural standpoint, How would you troubleshoot sudden memory exhaustion caused by an avalanche of unhandled exceptions crashing microservice pods?",Problem Solving
What are the key trade-offs between React Server Components and Playwright when working on cloud container orchestration?,Role-Specific Skills
"As a senior engineer, Can you share an example of a time when your initial hypothesis about a severe bug turned out to be wrong?",Problem Solving
"Hypothetically, Describe a scenario where you negotiated the scope of a feature release with the Chief Operating Officer.?",Communication
"During a technical review, Tell me about a time you investigated a critical security breach or SQL injection attempt. How did you contain the blast radius?",Problem Solving
"In an enterprise environment, How do indexes in PostgreSQL improve query performance and what are the overhead costs?",Technical Knowledge
"As a senior engineer, How do you communicate a critical production outage to the VP of Product during active incident response?",Communication
Could you walk me through: How do you manage database migrations safely with zero-downtime using tools like Flyway or Liquibase in DevOps & Cloud SRE?,Role-Specific Skills
"From your experience, How do you handle a situation where two senior engineers on your team strongly disagree on decoupling legacy monolithic database schemas?",Leadership
"Hypothetically, Can you explain the trade-offs of using message broker partitioning in production?",Technical Knowledge
Describe how you present technical trade-offs to non-technical business executives when choosing between a managed cloud proprietary service and a resilient scalable architecture with higher initial development cost.?,Communication
How would you design a system that handles low-latency financial transactions under 5ms using event-driven architecture?,Technical Knowledge
"During a technical review, Describe a time when you mentored a intern with minimal real-world experience who was struggling with proactive communication during blockers.?",Leadership
"In an enterprise environment, What are the best practices for implementing distributed transactions (2PC) in a high-scale service?",Technical Knowledge
"In your previous projects, What are the internal mechanics of memory allocation and heap management in C#?",Technical Knowledge
"In your previous projects, How do you handle a situation where two senior engineers on your team strongly disagree on choosing between Go and Rust for a new microservice?",Leadership
Could you walk me through: Describe how you supported a newly hired backend developer adjusting to company codebase in transitioning to higher-impact architectural responsibilities.?,Leadership
"As a senior engineer, How do you triage and prioritize five simultaneous critical production alerts during an on-call shift?",Problem Solving
"In an enterprise environment, How do you identify whether a performance slowdown is caused by unbounded in-memory queue buffering or TCP socket file descriptor leaks?",Problem Solving
What are the internal mechanics of memory allocation and heap management in C++?,Technical Knowledge
"As a senior engineer, in Data Engineering, how do you implement idempotent ELT data pipelines in Snowflake to ensure high performance?",Role-Specific Skills
"From an architectural standpoint, How would you troubleshoot sudden memory exhaustion caused by an unindexed query locking the primary production database?",Problem Solving
Could you walk me through: How do you triage and prioritize five simultaneous critical production alerts during an on-call shift?,Problem Solving
Describe a time when you mentored a intern with minimal real-world experience who was struggling with proactive communication during blockers.?,Leadership
"Hypothetically, How do you drive consensus on adopting automated CI/CD trunk-based development when there is substantial resistance from legacy developers?",Leadership
"As a senior engineer, How do you manage database migrations safely with zero-downtime using tools like Flyway or Liquibase in QA Automation?",Role-Specific Skills
What is the difference between synchronous and asynchronous processing in circuit breaker pattern?,Technical Knowledge
"As a senior engineer, How do you communicate a critical production outage to a non-technical client sponsor during active incident response?",Communication
How do you investigate intermittent latency regressions when TCP socket file descriptor leaks is suspected?,Problem Solving
What are the key trade-offs between React Server Components and Playwright when working on frontend state synchronization?,Role-Specific Skills
Can you explain: How do you handle a situation where two senior engineers on your team strongly disagree on authorizing third-party cloud vendor lock-in?,Leadership
"In an enterprise environment, Walk me through your step-by-step debugging process when worker nodes abruptly crash without emitting a stack trace occurs on a mission-critical service.?",Problem Solving
Can you explain: Tell me about a time you had to deliver bad news regarding project delays to a non-technical client sponsor.?,Communication
"Can you explain: What is your approach to writing clear technical documentation, RFCs, and architectural decision records?",Communication
How do you explain why distributed consensus algorithms cannot guarantee zero latency to client account managers?,Communication
Describe a challenging post-incident review where the root cause was traced back to unbounded in-memory queue buffering rather than TCP socket file descriptor leaks.?,Problem Solving
Can you explain: Describe a time when you mentored a junior software engineer who was struggling with understanding distributed systems trade-offs.?,Leadership
"In your previous projects, How do you identify whether a performance slowdown is caused by unbounded in-memory queue buffering or downstream third-party rate limits?",Problem Solving
"In your previous projects, Describe how you present technical trade-offs to product managers without coding background when choosing between a managed cloud proprietary service and an open-source self-hosted cluster.?",Communication
"In an enterprise environment, Describe how you supported a career switcher unfamiliar with production pipelines in transitioning to higher-impact architectural responsibilities.?",Leadership
"In your previous projects, What best practices do you follow for building reusable design system components in Svelte?",Role-Specific Skills
Can you explain the difference between object-oriented programming and stateless microservices in software engineering?,Technical Knowledge
"During a technical review, Explain how database sharding impacts latency, throughput, and fault tolerance.?",Technical Knowledge
Tell me about a time you championed a cultural change or diversity initiative within your engineering department.?,Leadership
"As a senior engineer, Explain how you manage state and avoid unnecessary re-renders in Angular applications.?",Role-Specific Skills
Can you explain: Describe a complex technical problem where you had very limited log data and monitoring. How did you isolate root cause?,Problem Solving
"In your previous projects, Tell me about a time you noticed an engineer feeling burned out or disengaged. What actions did you take?",Leadership
"From an architectural standpoint, How do you handle a situation where two senior engineers on your team strongly disagree on introducing GraphQL over RESTful API architecture?",Leadership
"In your previous projects, Describe how you supported a intern with minimal real-world experience in transitioning to higher-impact architectural responsibilities.?",Leadership
"In QA Automation, how do you implement contract testing between microservices with Pact to ensure high performance?",Role-Specific Skills
"From your experience, How would you design a system that handles millions of concurrent WebSocket connections using connection pooling?",Technical Knowledge
"In an enterprise environment, Can you explain the difference between strong consistency and eventual consistency in software engineering?",Technical Knowledge
"From an architectural standpoint, Can you explain the trade-offs of using distributed transactions (2PC) in production?",Technical Knowledge
What are the internal mechanics of memory allocation and heap management in Go?,Technical Knowledge
Can you explain the trade-offs of using connection pooling in production?,Technical Knowledge
"From an architectural standpoint, Can you explain the trade-offs of using WAL (write-ahead log) in production?",Technical Knowledge
"Hypothetically, How do you handle a situation where two senior engineers on your team strongly disagree on enforcing 90% code coverage requirements on pull requests?",Leadership
Can you explain: Describe how you present technical trade-offs to product managers without coding background when choosing between building a customized in-house solution and an open-source self-hosted cluster.?,Communication
Describe a challenging post-incident review where the root cause was traced back to database connection pooling saturation rather than unoptimized disk I/O swapping.?,Problem Solving
"In an enterprise environment, How do you handle a situation where two senior engineers on your team strongly disagree on migrating to microservices versus modular monolith?",Leadership
"From an architectural standpoint, Describe a challenging post-incident review where the root cause was traced back to CPU throttling by Kubernetes CFS quota rather than underlying cloud network packet loss.?",Problem Solving
"During a technical review, Explain the principles of Hexagonal Architecture and when you would avoid it.?",Technical Knowledge
"From an architectural standpoint, How do you secure a CI/CD pipeline against supply chain attacks, compromised packages, and secret leakage?",Role-Specific Skills
"From your experience, Tell me about a time when you diagnosed and fixed a Redis cluster split-brain event causing state inconsistency in production.?",Problem Solving
What is the difference between HTTP/2 and Hash index?,Technical Knowledge
Describe a time when you mentored a mid-level engineer aiming for senior promotion who was struggling with code quality and test design.?,Leadership
"From your experience, How would you troubleshoot sudden memory exhaustion caused by a sudden disk I/O saturation freezing asynchronous write operations?",Problem Solving
"From your experience, What best practices do you follow for building reusable design system components in Angular?",Role-Specific Skills
"During a technical review, Explain how you design a data lakehouse architecture using Delta Lake or Apache Iceberg.?",Role-Specific Skills
"How does Redis handle cache invalidation, cache stampede, and eviction policies?",Technical Knowledge
What are the key trade-offs between Apache Kafka and Playwright when working on microservice communication?,Role-Specific Skills
"From an architectural standpoint, How do you identify whether a performance slowdown is caused by garbage collection pause times or application thread lock contention?",Problem Solving
"From an architectural standpoint, Describe a time when you mentored a mid-level engineer aiming for senior promotion who was struggling with confidence in contributing to architectural design reviews.?",Leadership
"In an enterprise environment, How do you drive consensus on adopting automated CI/CD trunk-based development when there is substantial resistance from legacy developers?",Leadership
Explain how you manage state and avoid unnecessary re-renders in React applications.?,Role-Specific Skills
Could you walk me through: How do you communicate a critical production outage to the VP of Product during active incident response?,Communication
How do you identify whether a performance slowdown is caused by database connection pooling saturation or application thread lock contention?,Problem Solving
Can you explain: What is the difference between Kafka and Hash index?,Technical Knowledge
"In your previous projects, How would you troubleshoot sudden memory exhaustion caused by a critical memory leak causing cascading OOM kills?",Problem Solving
Can you explain: Describe the configuration of Kubernetes Horizontal Pod Autoscalers (HPA) based on custom Prometheus metrics.?,Role-Specific Skills
"In an enterprise environment, Explain the CAP theorem and how consistent hashing chooses between consistency and availability.?",Technical Knowledge
"During a technical review, How do you identify whether a performance slowdown is caused by unbounded in-memory queue buffering or application thread lock contention?",Problem Solving
What are the key trade-offs between AWS Lambda serverless and Kubernetes long-running deployments when working on real-time clickstream processing?,Role-Specific Skills
"In your previous projects, in QA Automation, how do you implement automated canary rollouts with ArgoCD to ensure high performance?",Role-Specific Skills
"In your previous projects, How do you explain why upgrading outdated runtime versions is critical for security to sales and marketing stakeholders?",Communication
"Hypothetically, in Frontend Engineering, how do you implement zero-trust identity-aware network segmentation to ensure high performance?",Role-Specific Skills
How does connection pooling work under the hood in modern distributed systems?,Technical Knowledge
"From an architectural standpoint, Tell me about a time you stepped up to resolve an organizational deadlock involving enforcing strict functional programming paradigms.?",Leadership
"During a technical review, in Data Engineering, how do you implement virtualized list rendering for 100k items to ensure high performance?",Role-Specific Skills
"In your previous projects, Walk me through your step-by-step debugging process when database replication lag surges past 30 minutes occurs on a mission-critical service.?",Problem Solving
"During a technical review, How would you troubleshoot sudden memory exhaustion caused by a runaway recursive background job consuming all available CPU?",Problem Solving
"Hypothetically, How would you troubleshoot sudden memory exhaustion caused by a silent queue backlog causing millions of dropped events?",Problem Solving
"Could you walk me through: in Data Engineering, how do you implement automated canary rollouts with ArgoCD to ensure high performance?",Role-Specific Skills
"From an architectural standpoint, How do you manage database migrations safely with zero-downtime using tools like Flyway or Liquibase in Frontend Engineering?",Role-Specific Skills
How do you design a comprehensive regression testing matrix for a critical payment gateway service?,Role-Specific Skills
"In an enterprise environment, How do you handle disagreements during an architectural design meeting when consensus cannot be reached?",Communication
"From your experience, How do you deliver constructive, critical code review feedback without offending a legacy system maintainer?",Communication
"From an architectural standpoint, How do you explain database sharding and eventual consistency to customer support specialists?",Communication
"Could you walk me through: How does Redis handle cache invalidation, cache stampede, and eviction policies?",Technical Knowledge
"From your experience, Describe a challenging post-incident review where the root cause was traced back to garbage collection pause times rather than TCP socket file descriptor leaks.?",Problem Solving
How would you design a system that handles low-latency financial transactions under 5ms using connection pooling?,Technical Knowledge
"From an architectural standpoint, How do you motivate a cross-functional squad to align on automated CI/CD trunk-based development without causing delivery friction?",Leadership
Can you explain: How do you approach troubleshooting an intermittent issue that triggers only after a service has been running continuously for several days?,Problem Solving
"From an architectural standpoint, How do you troubleshoot high CPU utilization and thread starvation when memory metrics appear completely normal?",Problem Solving
"In an enterprise environment, in Frontend Engineering, how do you implement automated canary rollouts with ArgoCD to ensure high performance?",Role-Specific Skills
What are the key trade-offs between AWS Lambda serverless and Kubernetes long-running deployments when working on microservice communication?,Role-Specific Skills
"Can you explain: in DevOps & Cloud SRE, how do you implement contract testing between microservices with Pact to ensure high performance?",Role-Specific Skills
"In an enterprise environment, Tell me about a time you had to deliver difficult feedback about writing thorough documentation and unit tests while maintaining trust.?",Leadership
Describe a challenging post-incident review where the root cause was traced back to DNS query resolution latency rather than downstream third-party rate limits.?,Problem Solving
Can you explain: Tell me about a time you had to deliver bad news regarding project delays to an impatient product owner.?,Communication
"From an architectural standpoint, How would you design a system that handles millions of concurrent WebSocket connections using circuit breaker pattern?",Technical Knowledge
"In your previous projects, Describe a time when you had to convince the VP of Product to prioritize migrating legacy monolithic databases to microservices.?",Communication
"From an architectural standpoint, Describe a time when you had to make a high-stakes engineering trade-off under intense time pressure.?",Problem Solving
"From an architectural standpoint, How do you ensure requirements and technical architecture are clearly understood across a distributed team?",Communication
How do you communicate a critical production outage to a non-technical client sponsor during active incident response?,Communication
Describe a time when you mentored a mid-level engineer aiming for senior promotion who was struggling with understanding distributed systems trade-offs.?,Leadership
"From an architectural standpoint, Describe how you manage Terraform state files, lock mechanisms, and module hierarchies in multi-environment setups.?",Role-Specific Skills
Describe how you present technical trade-offs to customer support specialists when choosing between faster time-to-market with accumulated tech debt and purchasing an off-the-shelf third-party integration.?,Communication
Could you walk me through: How do you handle a situation where two senior engineers on your team strongly disagree on enforcing 90% code coverage requirements on pull requests?,Leadership
"Explain how message broker partitioning impacts latency, throughput, and fault tolerance.?",Technical Knowledge
How do you explain why refactoring technical debt prevents system crashes to sales and marketing stakeholders?,Communication
"In an enterprise environment, Tell me about a time when you diagnosed and fixed an exponential spike in 504 Gateway Timeouts in production.?",Problem Solving
Could you walk me through: How do you design a comprehensive regression testing matrix for a critical payment gateway service?,Role-Specific Skills
"In an enterprise environment, Describe a complex technical problem where you had very limited log data and monitoring. How did you isolate root cause?",Problem Solving
Could you walk me through: Tell me about a time you had to deliver difficult feedback about time management and estimation accuracy while maintaining trust.?,Leadership
What are the key trade-offs between Docker Compose and Apache Flink when working on end-to-end regression validation?,Role-Specific Skills
How does CQRS pattern work under the hood in modern distributed systems?,Technical Knowledge
Could you walk me through: How does garbage collection work in C# and how can you minimize stop-the-world pauses?,Technical Knowledge
Describe how you present technical trade-offs to client account managers when choosing between building a customized in-house solution and a resilient scalable architecture with higher initial development cost.?,Communication
How do you implement OAuth2 Authorization Code Flow with PKCE in a Single Page Application (SPA)?,Role-Specific Skills
"Hypothetically, What are the internal mechanics of async/await event loop scheduling in Python?",Technical Knowledge
"As a senior engineer, Describe how you manage Terraform state files, lock mechanisms, and module hierarchies in multi-environment setups.?",Role-Specific Skills
"Hypothetically, How do you foster a psychological safety culture where developers feel safe admitting mistakes and proposing bold ideas?",Leadership
"From your experience, Explain how content security policies (CSP) protects against common vulnerabilities in modern web applications.?",Technical Knowledge
"As a senior engineer, How do you handle situations where a an impatient product owner demands a delivery deadline you believe is unrealistic?",Communication
"From an architectural standpoint, What happens from a networking perspective when a user types a URL into a browser until the page renders occurs?",Technical Knowledge
"Explain how circuit breaker pattern impacts latency, throughput, and fault tolerance.?",Technical Knowledge
"From your experience, in QA Automation, how do you implement contract testing between microservices with Pact to ensure high performance?",Role-Specific Skills
Explain the principles of Domain-Driven Design (DDD) and when you would avoid it.?,Technical Knowledge
Describe a time when you mentored a career switcher unfamiliar with production pipelines who was struggling with confidence in contributing to architectural design reviews.?,Leadership
How do you articulate complex system constraints during cross-functional sprint planning sessions?,Communication
What is the difference between symmetric encryption and threads?,Technical Knowledge
"In an enterprise environment, Describe how you design a resilient pipeline for continuous deployment with automatic rollback in modern cloud infrastructure.?",Role-Specific Skills
Describe a challenging post-incident review where the root cause was traced back to database connection pooling saturation rather than application thread lock contention.?,Problem Solving
"As a senior engineer, How would you design a system that handles millions of concurrent WebSocket connections using memory-mapped files?",Technical Knowledge
"As a senior engineer, Can you explain the trade-offs of using circuit breaker pattern in production?",Technical Knowledge
"In your previous projects, How do you handle data consistency and isolation levels in MySQL InnoDB?",Technical Knowledge
Can you explain: Walk me through how you discovered and patched a silent data corruption bug in an asynchronous processing pipeline.?,Problem Solving
Tell me about a time you stepped up to resolve an organizational deadlock involving migrating to microservices versus modular monolith.?,Leadership
Could you walk me through: How would you troubleshoot sudden memory exhaustion caused by an unindexed query locking the primary production database?,Problem Solving
"From an architectural standpoint, Walk me through your step-by-step debugging process when the API response time degrades from 50ms to 12 seconds occurs on a mission-critical service.?",Problem Solving
"In your previous projects, How do you establish engineering standards, code quality benchmarks, and automated testing rigor across a team?",Leadership
"As a senior engineer, How do you motivate a cross-functional squad to align on strict test-driven development (TDD) without causing delivery friction?",Leadership
"During a technical review, What is the difference between synchronous and asynchronous processing in distributed transactions (2PC)?",Technical Knowledge
"Hypothetically, How do indexes in Elasticsearch improve query performance and what are the overhead costs?",Technical Knowledge
"From your experience, How do you communicate the long-term cost of technical debt to executive leadership who only want new features?",Communication
Can you explain: Can you explain the trade-offs of using message broker partitioning in production?,Technical Knowledge
"As a senior engineer, Describe a time when you had to convince the VP of Product to prioritize a comprehensive architectural refactor.?",Communication
"In an enterprise environment, Describe a challenging post-incident review where the root cause was traced back to garbage collection pause times rather than TCP socket file descriptor leaks.?",Problem Solving
Can you explain: Walk me through how you would isolate an issue when the API response time degrades from 50ms to 12 seconds happens right after a major framework upgrade.?,Problem Solving
"As a senior engineer, How do you explain the difference between latency and throughput bottlenecks to customer support specialists?",Communication
"From your experience, Describe a time when you had to convince the enterprise customer success director to prioritize allocating 30% of sprint capacity to test automation.?",Communication
What is the difference between Kafka and microservices?,Technical Knowledge
How would you design a system that handles low-latency financial transactions under 5ms using database sharding?,Technical Knowledge
"From an architectural standpoint, in Data Engineering, how do you implement idempotent ELT data pipelines in Snowflake to ensure high performance?",Role-Specific Skills
Describe how you present technical trade-offs to customer support specialists when choosing between building a customized in-house solution and an open-source self-hosted cluster.?,Communication
What are the key trade-offs between Apache Kafka and Kubernetes Pods when working on microservice communication?,Role-Specific Skills
What are the key trade-offs between Cypress and Client-Side Hydration when working on end-to-end regression validation?,Role-Specific Skills
Can you explain: How would you troubleshoot sudden memory exhaustion caused by a sudden disk I/O saturation freezing asynchronous write operations?,Problem Solving
Describe a time when you mentored a mid-level engineer aiming for senior promotion who was struggling with confidence in contributing to architectural design reviews.?,Leadership
"From an architectural standpoint, Describe a challenging post-incident review where the root cause was traced back to CPU throttling by Kubernetes CFS quota rather than unoptimized disk I/O swapping.?",Problem Solving
"In an enterprise environment, What is your philosophy on servant leadership versus top-down command in high-performing engineering teams?",Leadership
"During a technical review, How do you explain why refactoring technical debt prevents system crashes to customer support specialists?",Communication
"From an architectural standpoint, How do you balance technical vision with day-to-day tactical execution as a team lead?",Leadership
"As a senior engineer, Explain the CAP theorem and how CQRS pattern chooses between consistency and availability.?",Technical Knowledge
"In an enterprise environment, How do you approach troubleshooting an intermittent issue that occurs only during automated batch database backups?",Problem Solving
"In an enterprise environment, How do you communicate a critical production outage to the Chief Operating Officer during active incident response?",Communication
"From an architectural standpoint, How would you troubleshoot sudden memory exhaustion caused by a runaway recursive background job consuming all available CPU?",Problem Solving
"During a technical review, How do you explain database sharding and eventual consistency to client account managers?",Communication
Tell me about a situation where an automated rollback failed and you had to resolve an unexpected thread deadlock freezing background queue workers manually.?,Problem Solving
"From your experience, Tell me about a time you had to deliver difficult feedback about writing thorough documentation and unit tests while maintaining trust.?",Leadership
"From an architectural standpoint, How do you explain why upgrading outdated runtime versions is critical for security to sales and marketing stakeholders?",Communication
How do you explain database sharding and eventual consistency to client account managers?,Communication
How do you diagnose memory leaks in long-running containerized microservices without restarting the cluster?,Problem Solving
Could you walk me through: Tell me about a time when you diagnosed and fixed a connection pool exhaustion during a flash sale in production.?,Problem Solving
What happens from a networking perspective when a DNS recursive resolution query is executed occurs?,Technical Knowledge
"During a technical review, How do indexes in PostgreSQL improve query performance and what are the overhead costs?",Technical Knowledge
How do you handle situations where a the Chief Operating Officer demands a delivery deadline you believe is unrealistic?,Communication
"In your previous projects, Tell me about a difficult conversation you had with a cross-functional product manager and how you reached mutual agreement.?",Communication
Could you walk me through: Describe a time when you had to convince the VP of Product to prioritize pausing new feature rollouts to fix critical security vulnerabilities.?,Communication
Can you explain: Tell me about a time you had to deliver difficult feedback about proactive communication during blockers while maintaining trust.?,Leadership
Can you explain: Can you explain the difference between declarative programming and imperative programming in software engineering?,Technical Knowledge
Tell me about a time when you diagnosed and fixed a critical memory leak causing cascading OOM kills in production.?,Problem Solving
Could you walk me through: Describe a time when you mentored a talented engineer struggling with imposter syndrome who was struggling with handling ambiguous technical specifications.?,Leadership
"In your previous projects, What is your approach to setting up distributed tracing with OpenTelemetry and Jaeger across microservices?",Role-Specific Skills
"Hypothetically, Describe a time when you had to make a high-stakes engineering trade-off under intense time pressure.?",Problem Solving
"During a technical review, How do you handle a situation where two senior engineers on your team strongly disagree on migrating to microservices versus modular monolith?",Leadership
"How do you secure a CI/CD pipeline against supply chain attacks, compromised packages, and secret leakage?",Role-Specific Skills
What are the key trade-offs between Apache Kafka and Kubernetes Pods when working on real-time clickstream processing?,Role-Specific Skills
What is the difference between processes and RabbitMQ?,Technical Knowledge
Can you explain: Can you explain the trade-offs of using memory-mapped files in production?,Technical Knowledge
"In an enterprise environment, How do you communicate a critical production outage to the enterprise customer success director during active incident response?",Communication
"Can you explain: in DevOps & Cloud SRE, how do you implement zero-trust identity-aware network segmentation to ensure high performance?",Role-Specific Skills
"In an enterprise environment, Describe a time when you had to convince the enterprise customer success director to prioritize a comprehensive architectural refactor.?",Communication
"From an architectural standpoint, Describe how you design a resilient pipeline for continuous deployment with automatic rollback in modern cloud infrastructure.?",Role-Specific Skills
"From an architectural standpoint, Tell me about an initiative you led from conception to delivery across multiple cross-functional teams.?",Leadership
Describe how you present technical trade-offs to non-technical business executives when choosing between faster time-to-market with accumulated tech debt and purchasing an off-the-shelf third-party integration.?,Communication
What is the time and space complexity of Trie prefix matching and how can it be optimized?,Technical Knowledge
"In an enterprise environment, Explain how connection pooling impacts latency, throughput, and fault tolerance.?",Technical Knowledge
Can you explain the trade-offs of using rate limiting in production?,Technical Knowledge
What are the key trade-offs between AWS Lambda serverless and Client-Side Hydration when working on real-time clickstream processing?,Role-Specific Skills
How would you troubleshoot sudden memory exhaustion caused by a Redis cluster split-brain event causing state inconsistency?,Problem Solving
"As a senior engineer, How do you handle a situation where two senior engineers on your team strongly disagree on enforcing 90% code coverage requirements on pull requests?",Leadership
Can you explain: What is the difference between REST and HTTP/3?,Technical Knowledge
"In your previous projects, How do you drive consensus on adopting implementing observability and distributed tracing standards when there is substantial resistance from legacy developers?",Leadership
"As a senior engineer, Tell me about a time you had to deliver difficult feedback about writing thorough documentation and unit tests while maintaining trust.?",Leadership
What are the key trade-offs between Cypress and Apache Flink when working on microservice communication?,Role-Specific Skills
"As a senior engineer, How do you identify whether a performance slowdown is caused by DNS query resolution latency or application thread lock contention?",Problem Solving
Explain the principles of Micro-frontends and when you would avoid it.?,Technical Knowledge
"From your experience, Tell me about a time you investigated a critical security breach or SQL injection attempt. How did you contain the blast radius?",Problem Solving
What are the internal mechanics of GIL (Global Interpreter Lock) in Rust?,Technical Knowledge
"From an architectural standpoint, How do you diagnose memory leaks in long-running containerized microservices without restarting the cluster?",Problem Solving
"Hypothetically, How do you identify whether a performance slowdown is caused by garbage collection pause times or application thread lock contention?",Problem Solving
"During a technical review, Describe how you present technical trade-offs to client account managers when choosing between a managed cloud proprietary service and a resilient scalable architecture with higher initial development cost.?",Communication
"In an enterprise environment, Describe a scenario where you had to lead a project with ambiguous requirements and tight organizational deadlines.?",Leadership
"As a senior engineer, What is your philosophy on servant leadership versus top-down command in high-performing engineering teams?",Leadership
"In your previous projects, How do you deliver constructive, critical code review feedback without offending an external vendor technical contact?",Communication
"As a senior engineer, Tell me about a time you used profiling tools (e.g., Flamegraphs, pprof, VisualVM) to resolve a massive latency spike.?",Problem Solving
What are the key trade-offs between Apache Kafka and Client-Side Hydration when working on microservice communication?,Role-Specific Skills
Could you walk me through: How do you communicate a critical production outage to an impatient product owner during active incident response?,Communication
Could you walk me through: Describe how you supported a career switcher unfamiliar with production pipelines in transitioning to higher-impact architectural responsibilities.?,Leadership
Can you explain: How do you explain why distributed consensus algorithms cannot guarantee zero latency to product managers without coding background?,Communication
"In an enterprise environment, What are the best practices for implementing database sharding in a high-scale service?",Technical Knowledge
"In an enterprise environment, How do you handle a situation where two senior engineers on your team strongly disagree on choosing between Go and Rust for a new microservice?",Leadership
"Hypothetically, How would you troubleshoot sudden memory exhaustion caused by an exponential spike in 504 Gateway Timeouts?",Problem Solving
"In your previous projects, Can you share an experience where miscommunication led to a bug or delay, and how you corrected it?",Communication
"Hypothetically, How would you design a system that handles real-time analytics over petabytes of data using consistent hashing?",Technical Knowledge
"In an enterprise environment, Describe how you present technical trade-offs to sales and marketing stakeholders when choosing between a managed cloud proprietary service and an open-source self-hosted cluster.?",Communication
"In your previous projects, How do you explain database sharding and eventual consistency to sales and marketing stakeholders?",Communication
"In your previous projects, Describe a time when you mentored a talented engineer struggling with imposter syndrome who was struggling with handling ambiguous technical specifications.?",Leadership
Could you walk me through: How do you approach troubleshooting an intermittent issue that disappears immediately whenever verbose debug logging is enabled?,Problem Solving
How do you explain why distributed consensus algorithms cannot guarantee zero latency to non-technical business executives?,Communication
"In an enterprise environment, How do you deliver constructive, critical code review feedback without offending a peer software engineer with strong opinions?",Communication
"In DevOps & Cloud SRE, how do you implement contract testing between microservices with Pact to ensure high performance?",Role-Specific Skills
What is the time and space complexity of LRU Cache eviction with O(1) operations and how can it be optimized?,Technical Knowledge
"During a technical review, How does Memcached handle cache invalidation, cache stampede, and eviction policies?",Technical Knowledge
"During a technical review, What strategies do you use for active listening when a colleague expresses frustration with your proposal?",Communication
What is the difference between synchronous and asynchronous processing in CQRS pattern?,Technical Knowledge
"In an enterprise environment, How do you architect an Apache Spark streaming job to handle out-of-order event timestamps and late data arriving?",Role-Specific Skills
"From an architectural standpoint, Describe how you supported a intern with minimal real-world experience in transitioning to higher-impact architectural responsibilities.?",Leadership
"In an enterprise environment, Can you explain the trade-offs of using read-write replicas in production?",Technical Knowledge
Explain the CAP theorem and how distributed transactions (2PC) chooses between consistency and availability.?,Technical Knowledge
"In an enterprise environment, How do indexes in Redis improve query performance and what are the overhead costs?",Technical Knowledge
"Hypothetically, Describe a time when you mentored a mid-level engineer aiming for senior promotion who was struggling with understanding distributed systems trade-offs.?",Leadership
"From your experience, Describe how you design a resilient pipeline for zero-downtime database schema migration in modern cloud infrastructure.?",Role-Specific Skills
Describe how you design a resilient pipeline for automated test suite execution across parallel runners in modern cloud infrastructure.?,Role-Specific Skills
"In your previous projects, Describe how you supported a talented engineer struggling with imposter syndrome in transitioning to higher-impact architectural responsibilities.?",Leadership
"From an architectural standpoint, Describe a challenging post-incident review where the root cause was traced back to DNS query resolution latency rather than microservice circuit breaker tripping prematurely.?",Problem Solving
"Hypothetically, Tell me about a time when you diagnosed and fixed an exponential spike in 504 Gateway Timeouts in production.?",Problem Solving
Describe a challenging post-incident review where the root cause was traced back to CPU throttling by Kubernetes CFS quota rather than underlying cloud network packet loss.?,Problem Solving
"Can you explain: How does CDN edge caching handle cache invalidation, cache stampede, and eviction policies?",Technical Knowledge
"As a senior engineer, How do you tailor your communication style when speaking with junior engineers versus C-level executives?",Communication
"In your previous projects, What best practices do you follow for building reusable design system components in Angular?",Role-Specific Skills
"As a senior engineer, Describe a time when you had to convince an impatient product owner to prioritize a comprehensive architectural refactor.?",Communication
Describe a time when you mentored a intern with minimal real-world experience who was struggling with time management and estimation accuracy.?,Leadership
"How would you design a system that handles 100,000 requests per second using event-driven architecture?",Technical Knowledge
"Hypothetically, in QA Automation, how do you implement contract testing between microservices with Pact to ensure high performance?",Role-Specific Skills
"In an enterprise environment, Tell me about a situation where an automated rollback failed and you had to resolve an avalanche of unhandled exceptions crashing microservice pods manually.?",Problem Solving
Tell me about a time you stepped up to resolve an organizational deadlock involving choosing between Go and Rust for a new microservice.?,Leadership
What is the difference between REST and UDP?,Technical Knowledge
"In your previous projects, Describe how you present technical trade-offs to client account managers when choosing between building a customized in-house solution and an open-source self-hosted cluster.?",Communication
"Explain how WAL (write-ahead log) impacts latency, throughput, and fault tolerance.?",Technical Knowledge
"Hypothetically, Describe how you present technical trade-offs to product managers without coding background when choosing between building a customized in-house solution and a resilient scalable architecture with higher initial development cost.?",Communication
Could you walk me through: Describe a scenario where you negotiated the scope of a feature release with the Chief Operating Officer.?,Communication
Can you explain the difference between declarative programming and eventual consistency in software engineering?,Technical Knowledge
"Can you explain: How does Memcached handle cache invalidation, cache stampede, and eviction policies?",Technical Knowledge
"As a senior engineer, Walk me through how you would isolate an issue when the API response time degrades from 50ms to 12 seconds happens right after a major framework upgrade.?",Problem Solving
"As a senior engineer, How do you explain why upgrading outdated runtime versions is critical for security to customer support specialists?",Communication
How do you handle data consistency and isolation levels in MongoDB?,Technical Knowledge
"In your previous projects, Describe how you present technical trade-offs to customer support specialists when choosing between a managed cloud proprietary service and a resilient scalable architecture with higher initial development cost.?",Communication
"Explain how database sharding impacts latency, throughput, and fault tolerance.?",Technical Knowledge
Can you explain the trade-offs of using distributed transactions (2PC) in production?,Technical Knowledge
What are the key trade-offs between Cypress and Apache Flink when working on cloud container orchestration?,Role-Specific Skills
Describe a time when you mentored a mid-level engineer aiming for senior promotion who was struggling with handling ambiguous technical specifications.?,Leadership
Can you explain: Explain how you manage state and avoid unnecessary re-renders in React applications.?,Role-Specific Skills
"Explain how event-driven architecture impacts latency, throughput, and fault tolerance.?",Technical Knowledge
"Hypothetically, Describe a time when you mentored a newly hired backend developer adjusting to company codebase who was struggling with confidence in contributing to architectural design reviews.?",Leadership
"In your previous projects, Tell me about a time you stepped up to resolve an organizational deadlock involving enforcing strict functional programming paradigms.?",Leadership
Can you explain: How do you keep team morale and velocity high during intense crunch periods or corporate restructuring?,Leadership
"From your experience, How do you identify whether a performance slowdown is caused by garbage collection pause times or underlying cloud network packet loss?",Problem Solving
"In your previous projects, How would you design a system that handles geo-distributed user sessions with instant failover using CQRS pattern?",Technical Knowledge
"In an enterprise environment, How does Memcached handle cache invalidation, cache stampede, and eviction policies?",Technical Knowledge
"From your experience, Describe how you present technical trade-offs to product managers without coding background when choosing between building a customized in-house solution and purchasing an off-the-shelf third-party integration.?",Communication
"Hypothetically, Tell me about a time you had to deliver difficult feedback about code quality and test design while maintaining trust.?",Leadership
"In an enterprise environment, What is the difference between synchronous and asynchronous processing in consistent hashing?",Technical Knowledge
"Could you walk me through: in Cybersecurity Engineering, how do you implement idempotent ELT data pipelines in Snowflake to ensure high performance?",Role-Specific Skills
"In an enterprise environment, Explain how you manage state and avoid unnecessary re-renders in Angular applications.?",Role-Specific Skills
What is the difference between symmetric encryption and NoSQL databases?,Technical Knowledge
Describe a challenging post-incident review where the root cause was traced back to thread lock contention on shared resource caches rather than downstream third-party rate limits.?,Problem Solving
What is the difference between B-tree index and NoSQL databases?,Technical Knowledge
"As a senior engineer, How do you approach troubleshooting an intermittent issue that only manifests across specific geographical cloud regions?",Problem Solving
What are the key trade-offs between Apache Kafka and Playwright when working on cloud container orchestration?,Role-Specific Skills
"From your experience, Describe a time when you mentored a newly hired backend developer adjusting to company codebase who was struggling with confidence in contributing to architectural design reviews.?",Leadership
Can you explain: Explain how OAuth2 with PKCE protects against common vulnerabilities in modern web applications.?,Technical Knowledge
"In an enterprise environment, Tell me about a time you used profiling tools (e.g., Flamegraphs, pprof, VisualVM) to resolve a massive latency spike.?",Problem Solving
Could you walk me through: How do you approach troubleshooting an intermittent issue that only manifests across specific geographical cloud regions?,Problem Solving
"From an architectural standpoint, Describe a scenario where you had to lead a project with ambiguous requirements and tight organizational deadlines.?",Leadership
"From your experience, What are the best practices for implementing circuit breaker pattern in a high-scale service?",Technical Knowledge
What are the key trade-offs between React Server Components and Kubernetes Pods when working on frontend state synchronization?,Role-Specific Skills
"In your previous projects, How do you ensure accessibility, cross-browser compatibility, and WCAG compliance in enterprise dashboard portals?",Role-Specific Skills
Could you walk me through: How do you handle a situation where two senior engineers on your team strongly disagree on introducing GraphQL over RESTful API architecture?,Leadership
How do you motivate a cross-functional squad to align on automated CI/CD trunk-based development without causing delivery friction?,Leadership
"From your experience, How does CDN edge caching handle cache invalidation, cache stampede, and eviction policies?",Technical Knowledge
Tell me about a time you stepped up to resolve an organizational deadlock involving decoupling legacy monolithic database schemas.?,Leadership
Could you walk me through: What best practices do you follow for building reusable design system components in React?,Role-Specific Skills
"In your previous projects, How do you identify whether a performance slowdown is caused by thread lock contention on shared resource caches or underlying cloud network packet loss?",Problem Solving
"In your previous projects, Explain how you manage state and avoid unnecessary re-renders in Angular applications.?",Role-Specific Skills
How do you configure and optimize Next.js SSR caching layers for enterprise production workloads?,Role-Specific Skills
"Hypothetically, Tell me about a situation where an automated rollback failed and you had to resolve an unindexed query locking the primary production database manually.?",Problem Solving
Tell me about a time when you resolved a catastrophic database deadlock under peak traffic.?,Problem Solving
Could you walk me through: How do you articulate complex system constraints during cross-functional sprint planning sessions?,Communication
Can you explain: How do you handle a situation where two senior engineers on your team strongly disagree on enforcing strict functional programming paradigms?,Leadership
"In your previous projects, Describe a time when you had to convince the VP of Product to prioritize a comprehensive architectural refactor.?",Communication
"During a technical review, What strategies do you use for hardening Linux kernel parameters against DDoS in Data Engineering?",Role-Specific Skills
"In your previous projects, Explain the CAP theorem and how WAL (write-ahead log) chooses between consistency and availability.?",Technical Knowledge
"From an architectural standpoint, What are the best practices for implementing rate limiting in a high-scale service?",Technical Knowledge
"During a technical review, How do you explain why distributed consensus algorithms cannot guarantee zero latency to sales and marketing stakeholders?",Communication
"In your previous projects, Describe a time when you mentored a intern with minimal real-world experience who was struggling with handling ambiguous technical specifications.?",Leadership
What strategies do you use for hardening Linux kernel parameters against DDoS in Frontend Engineering?,Role-Specific Skills
"From your experience, Describe a time when you mentored a junior software engineer who was struggling with understanding distributed systems trade-offs.?",Leadership
Can you explain the trade-offs of using event-driven architecture in production?,Technical Knowledge
"As a senior engineer, How do you investigate intermittent latency regressions when microservice circuit breaker tripping prematurely is suspected?",Problem Solving
"In your previous projects, Can you explain the difference between strong consistency and imperative programming in software engineering?",Technical Knowledge
"Hypothetically, How do you identify whether a performance slowdown is caused by thread lock contention on shared resource caches or unoptimized disk I/O swapping?",Problem Solving
Tell me about a time you stepped up to resolve an organizational deadlock involving introducing GraphQL over RESTful API architecture.?,Leadership
"As a senior engineer, How do you explain why distributed consensus algorithms cannot guarantee zero latency to sales and marketing stakeholders?",Communication
"During a technical review, Explain how content security policies (CSP) protects against common vulnerabilities in modern web applications.?",Technical Knowledge
"From an architectural standpoint, Can you share an experience where miscommunication led to a bug or delay, and how you corrected it?",Communication
"How would you design a system that handles 100,000 requests per second using read-write replicas?",Technical Knowledge
"As a senior engineer, How do you debug an application that runs perfectly in local staging but fails intermittently in Kubernetes production?",Problem Solving
"Can you explain: in Data Engineering, how do you implement automated canary rollouts with ArgoCD to ensure high performance?",Role-Specific Skills
"From your experience, What are the key trade-offs between Apache Kafka and Kubernetes Pods when working on real-time clickstream processing?",Role-Specific Skills
"From an architectural standpoint, in Frontend Engineering, how do you implement automated canary rollouts with ArgoCD to ensure high performance?",Role-Specific Skills
"In an enterprise environment, Describe a time when you mentored a junior software engineer who was struggling with proactive communication during blockers.?",Leadership
Tell me about a time when you diagnosed and fixed an unindexed query locking the primary production database in production.?,Problem Solving
"Hypothetically, Tell me about a situation where an automated rollback failed and you had to resolve an exponential spike in 504 Gateway Timeouts manually.?",Problem Solving
"In an enterprise environment, Describe a time when you had to convince a non-technical client sponsor to prioritize migrating legacy monolithic databases to microservices.?",Communication
Can you explain: How do you communicate the long-term cost of technical debt to executive leadership who only want new features?,Communication
Could you walk me through: How do you explain why distributed consensus algorithms cannot guarantee zero latency to sales and marketing stakeholders?,Communication
"As a senior engineer, Tell me about a situation where an automated rollback failed and you had to resolve a Redis cluster split-brain event causing state inconsistency manually.?",Problem Solving
"Hypothetically, Tell me about a difficult conversation you had with a legacy system maintainer and how you reached mutual agreement.?",Communication
"In an enterprise environment, How do you explain why refactoring technical debt prevents system crashes to client account managers?",Communication
"During a technical review, Describe how you present technical trade-offs to client account managers when choosing between a managed cloud proprietary service and purchasing an off-the-shelf third-party integration.?",Communication
"Can you share an experience where miscommunication led to a bug or delay, and how you corrected it?",Communication
"As a senior engineer, Tell me about a time when you diagnosed and fixed a Redis cluster split-brain event causing state inconsistency in production.?",Problem Solving
What is the difference between HTTP/2 and RabbitMQ?,Technical Knowledge
"In your previous projects, How do you manage database migrations safely with zero-downtime using tools like Flyway or Liquibase in Cybersecurity Engineering?",Role-Specific Skills
"In your previous projects, in DevOps & Cloud SRE, how do you implement automated canary rollouts with ArgoCD to ensure high performance?",Role-Specific Skills
"As a senior engineer, How do you ensure accessibility, cross-browser compatibility, and WCAG compliance in complex single-page applications?",Role-Specific Skills
"As a senior engineer, Tell me about a time you had to deliver bad news regarding project delays to the Chief Operating Officer.?",Communication
Can you explain: How do you investigate intermittent latency regressions when application thread lock contention is suspected?,Problem Solving
Could you walk me through: Can you explain the difference between declarative programming and eventual consistency in software engineering?,Technical Knowledge
"As a senior engineer, Describe a challenging post-incident review where the root cause was traced back to unbounded in-memory queue buffering rather than application thread lock contention.?",Problem Solving
What are the key trade-offs between Apache Kafka and Playwright when working on end-to-end regression validation?,Role-Specific Skills
"In your previous projects, Describe a challenging post-incident review where the root cause was traced back to CPU throttling by Kubernetes CFS quota rather than application thread lock contention.?",Problem Solving
Describe a challenging post-incident review where the root cause was traced back to thread lock contention on shared resource caches rather than underlying cloud network packet loss.?,Problem Solving
"In your previous projects, Walk me through how you would isolate an issue when memory consumption steadily climbs linearly until container restarts happens right after a major framework upgrade.?",Problem Solving
"Hypothetically, How do you handle data consistency and isolation levels in DynamoDB?",Technical Knowledge
What are the internal mechanics of virtual method dispatch and vtables in Java?,Technical Knowledge
"In your previous projects, Describe how you prioritize technical debt against business feature roadmap requests at an organizational level.?",Leadership
Tell me about a time you had to deliver difficult feedback about confidence in contributing to architectural design reviews while maintaining trust.?,Leadership
"In your previous projects, in Cybersecurity Engineering, how do you implement idempotent ELT data pipelines in Snowflake to ensure high performance?",Role-Specific Skills
What are the key trade-offs between Apache Kafka and Apache Flink when working on microservice communication?,Role-Specific Skills
"During a technical review, Describe a time when you mentored a talented engineer struggling with imposter syndrome who was struggling with understanding distributed systems trade-offs.?",Leadership
"Hypothetically, How would you troubleshoot sudden memory exhaustion caused by an avalanche of unhandled exceptions crashing microservice pods?",Problem Solving
"From your experience, How do you design an idempotent API endpoint for user order placement checkout?",Technical Knowledge
"As a senior engineer, What best practices do you follow for building reusable design system components in React?",Role-Specific Skills
What are the internal mechanics of reflection and dynamic type inspection in Go?,Technical Knowledge
Could you walk me through: How would you troubleshoot sudden memory exhaustion caused by a sudden disk I/O saturation freezing asynchronous write operations?,Problem Solving
How do indexes in MySQL InnoDB improve query performance and what are the overhead costs?,Technical Knowledge
"During a technical review, What is the difference between synchronous and asynchronous processing in database sharding?",Technical Knowledge
"As a senior engineer, How do you handle situations where a the enterprise customer success director demands a delivery deadline you believe is unrealistic?",Communication
"Hypothetically, Walk me through how you solved a stubborn distributed race condition that only occurred once every thousand requests.?",Problem Solving
Could you walk me through: How do you explain why upgrading outdated runtime versions is critical for security to product managers without coding background?,Communication
"Hypothetically, How do you handle situations where a the enterprise customer success director demands a delivery deadline you believe is unrealistic?",Communication
"In an enterprise environment, How do you design an idempotent API endpoint for user order placement checkout?",Technical Knowledge
"From your experience, Describe how you present technical trade-offs to client account managers when choosing between faster time-to-market with accumulated tech debt and an open-source self-hosted cluster.?",Communication
What are the key trade-offs between React Server Components and Kubernetes long-running deployments when working on cloud container orchestration?,Role-Specific Skills
"During a technical review, Describe a challenging post-incident review where the root cause was traced back to thread lock contention on shared resource caches rather than application thread lock contention.?",Problem Solving
"In an enterprise environment, Describe a time when you had to convince the Chief Operating Officer to prioritize migrating legacy monolithic databases to microservices.?",Communication
"In your previous projects, Can you explain the difference between strong consistency and functional programming in software engineering?",Technical Knowledge
"During a technical review, Describe how you present technical trade-offs to client account managers when choosing between building a customized in-house solution and a resilient scalable architecture with higher initial development cost.?",Communication
Can you explain: What is the time and space complexity of K-way merge on distributed streams and how can it be optimized?,Technical Knowledge
"From your experience, What are the key trade-offs between AWS Lambda serverless and Kubernetes Pods when working on real-time clickstream processing?",Role-Specific Skills
"Hypothetically, How would you troubleshoot sudden memory exhaustion caused by a runaway recursive background job consuming all available CPU?",Problem Solving
Can you explain: Tell me about a time when you diagnosed and fixed a silent queue backlog causing millions of dropped events in production.?,Problem Solving
"As a senior engineer, How do you implement OAuth2 Authorization Code Flow with PKCE in a Single Page Application (SPA)?",Role-Specific Skills
Can you explain: Describe how you run a blameless post-mortem so the team communicates openly about mistakes.?,Communication
"In your previous projects, Describe a scenario where you negotiated the scope of a feature release with a non-technical client sponsor.?",Communication
"In Cybersecurity Engineering, how do you implement virtualized list rendering for 100k items to ensure high performance?",Role-Specific Skills
"In your previous projects, How do you identify whether a performance slowdown is caused by garbage collection pause times or TCP socket file descriptor leaks?",Problem Solving
Could you walk me through: How do you identify whether a performance slowdown is caused by CPU throttling by Kubernetes CFS quota or application thread lock contention?,Problem Solving
"Hypothetically, What are the internal mechanics of reflection and dynamic type inspection in C#?",Technical Knowledge
How do you explain database sharding and eventual consistency to non-technical business executives?,Communication
"In your previous projects, How does CDN edge caching handle cache invalidation, cache stampede, and eviction policies?",Technical Knowledge
"Hypothetically, How do you approach troubleshooting an intermittent issue that only reproduces under high concurrent traffic?",Problem Solving
"From your experience, What is your approach to writing clear technical documentation, RFCs, and architectural decision records?",Communication
"From an architectural standpoint, How do you architect an Apache Spark streaming job to handle out-of-order event timestamps and late data arriving?",Role-Specific Skills
"In an enterprise environment, How do you ensure accessibility, cross-browser compatibility, and WCAG compliance in enterprise dashboard portals?",Role-Specific Skills
"During a technical review, How do you drive consensus on adopting implementing observability and distributed tracing standards when there is substantial resistance from legacy developers?",Leadership
How do you explain the difference between latency and throughput bottlenecks to product managers without coding background?,Communication
What are the key trade-offs between Docker Compose and Playwright when working on end-to-end regression validation?,Role-Specific Skills
Can you explain: Describe how you supported a newly hired backend developer adjusting to company codebase in transitioning to higher-impact architectural responsibilities.?,Leadership
"During a technical review, Tell me about a time you stepped up to resolve an organizational deadlock involving decoupling legacy monolithic database schemas.?",Leadership
Could you walk me through: What is your philosophy on servant leadership versus top-down command in high-performing engineering teams?,Leadership
Could you walk me through: Explain the CAP theorem and how event-driven architecture chooses between consistency and availability.?,Technical Knowledge
How do you configure and optimize Prometheus and Grafana dashboards for enterprise production workloads?,Role-Specific Skills
"In your previous projects, How do you recognize and develop emerging leadership qualities in engineers on your team?",Leadership
"In an enterprise environment, How does memory-mapped files work under the hood in modern distributed systems?",Technical Knowledge
Describe how you run a blameless post-mortem so the team communicates openly about mistakes.?,Communication
Can you explain the difference between declarative programming and imperative programming in software engineering?,Technical Knowledge
Can you explain: How do you communicate a critical production outage to a non-technical client sponsor during active incident response?,Communication
"In your previous projects, Tell me about a time you had to deliver difficult feedback about code quality and test design while maintaining trust.?",Leadership
Can you explain: Tell me about a time when a critical project you were leading was failing. How did you turn it around?,Leadership
"From your experience, What is the difference between processes and NoSQL databases?",Technical Knowledge
Tell me about a situation where an automated rollback failed and you had to resolve a sudden disk I/O saturation freezing asynchronous write operations manually.?,Problem Solving
"In your previous projects, in DevOps & Cloud SRE, how do you implement zero-trust identity-aware network segmentation to ensure high performance?",Role-Specific Skills
"Hypothetically, Describe a time when you had to convince an impatient product owner to prioritize migrating legacy monolithic databases to microservices.?",Communication
How would you design a system that handles geo-distributed user sessions with instant failover using consistent hashing?,Technical Knowledge
Can you explain: Describe a time when you mentored a talented engineer struggling with imposter syndrome who was struggling with writing thorough documentation and unit tests.?,Leadership
"As a senior engineer, What best practices do you follow for building reusable design system components in Vue 3?",Role-Specific Skills
"Explain how read-write replicas impacts latency, throughput, and fault tolerance.?",Technical Knowledge
"During a technical review, Describe how you design a resilient pipeline for real-time financial transaction ingestion in modern cloud infrastructure.?",Role-Specific Skills
"As a senior engineer, Tell me about an initiative you led from conception to delivery across multiple cross-functional teams.?",Leadership
"From your experience, How do you design a comprehensive regression testing matrix for a critical payment gateway service?",Role-Specific Skills
"During a technical review, Describe a time when you mentored a mid-level engineer aiming for senior promotion who was struggling with confidence in contributing to architectural design reviews.?",Leadership
"From your experience, Describe a time when you had to convince an impatient product owner to prioritize allocating 30% of sprint capacity to test automation.?",Communication
"From your experience, Explain how you manage state and avoid unnecessary re-renders in Angular applications.?",Role-Specific Skills
"From an architectural standpoint, Describe a time when you had to convince the enterprise customer success director to prioritize migrating legacy monolithic databases to microservices.?",Communication
"During a technical review, Describe a time when you mentored a junior software engineer who was struggling with confidence in contributing to architectural design reviews.?",Leadership
"As a senior engineer, What best practices do you follow for building reusable design system components in Angular?",Role-Specific Skills
What is the difference between symmetric encryption and asymmetric encryption?,Technical Knowledge
"From your experience, Describe a time when you mentored a intern with minimal real-world experience who was struggling with understanding distributed systems trade-offs.?",Leadership
"During a technical review, Walk me through your step-by-step debugging process when clients receive partial and corrupted payload responses occurs on a mission-critical service.?",Problem Solving
What is the difference between processes and Hash index?,Technical Knowledge
How do you identify whether a performance slowdown is caused by garbage collection pause times or unoptimized disk I/O swapping?,Problem Solving
"From an architectural standpoint, How do you handle data consistency and isolation levels in Cassandra?",Technical Knowledge
"From your experience, Can you explain the trade-offs of using message broker partitioning in production?",Technical Knowledge
"From an architectural standpoint, How do you identify whether a performance slowdown is caused by CPU throttling by Kubernetes CFS quota or microservice circuit breaker tripping prematurely?",Problem Solving
"During a technical review, Tell me about a time you had to deliver difficult feedback about proactive communication during blockers while maintaining trust.?",Leadership
"As a senior engineer, Describe a challenging post-incident review where the root cause was traced back to thread lock contention on shared resource caches rather than unoptimized disk I/O swapping.?",Problem Solving
Describe a challenging post-incident review where the root cause was traced back to unbounded in-memory queue buffering rather than microservice circuit breaker tripping prematurely.?,Problem Solving
Can you explain: How do you investigate intermittent latency regressions when unoptimized disk I/O swapping is suspected?,Problem Solving
"In an enterprise environment, Describe a time when you had to manage an underperforming team member. How did you handle the situation empathetically?",Leadership
"In your previous projects, What are the key trade-offs between AWS Lambda serverless and Client-Side Hydration when working on cloud container orchestration?",Role-Specific Skills
"In your previous projects, Tell me about a time you stepped up to resolve an organizational deadlock involving decoupling legacy monolithic database schemas.?",Leadership
"In Data Engineering, how do you implement idempotent ELT data pipelines in Snowflake to ensure high performance?",Role-Specific Skills
Can you explain: Describe how you supported a career switcher unfamiliar with production pipelines in transitioning to higher-impact architectural responsibilities.?,Leadership
Can you explain: How do you drive consensus on adopting strict test-driven development (TDD) when there is substantial resistance from legacy developers?,Leadership
"From an architectural standpoint, Explain how JWT token signing and refresh rotation protects against common vulnerabilities in modern web applications.?",Technical Knowledge
"As a senior engineer, How would you troubleshoot sudden memory exhaustion caused by an unexpected thread deadlock freezing background queue workers?",Problem Solving
"From an architectural standpoint, in Cybersecurity Engineering, how do you implement contract testing between microservices with Pact to ensure high performance?",Role-Specific Skills
"In your previous projects, Tell me about a time when you diagnosed and fixed an avalanche of unhandled exceptions crashing microservice pods in production.?",Problem Solving
"During a technical review, Describe a time when you mentored a intern with minimal real-world experience who was struggling with time management and estimation accuracy.?",Leadership
Could you walk me through: How does garbage collection work in Python and how can you minimize stop-the-world pauses?,Technical Knowledge
"Can you explain: How do you deliver constructive, critical code review feedback without offending a cross-functional product manager?",Communication
Describe a time when you mentored a newly hired backend developer adjusting to company codebase who was struggling with time management and estimation accuracy.?,Leadership
Could you walk me through: Describe how you supported a junior software engineer in transitioning to higher-impact architectural responsibilities.?,Leadership
"As a senior engineer, Describe how you present technical trade-offs to client account managers when choosing between a managed cloud proprietary service and a resilient scalable architecture with higher initial development cost.?",Communication
"In your previous projects, Describe a time when you mentored a career switcher unfamiliar with production pipelines who was struggling with handling ambiguous technical specifications.?",Leadership
"How do you deliver constructive, critical code review feedback without offending a peer software engineer with strong opinions?",Communication
"During a technical review, What are the key trade-offs between AWS Lambda serverless and Apache Flink when working on end-to-end regression validation?",Role-Specific Skills
"From your experience, Tell me about a difficult conversation you had with a peer software engineer with strong opinions and how you reached mutual agreement.?",Communication
"During a technical review, Describe an incident where a faulty deployment caused widespread 500 server errors. What was your immediate mitigation?",Problem Solving
"In your previous projects, How do you design an idempotent API endpoint for credit card billing payments?",Technical Knowledge
"From an architectural standpoint, Describe a challenging post-incident review where the root cause was traced back to CPU throttling by Kubernetes CFS quota rather than TCP socket file descriptor leaks.?",Problem Solving
"Hypothetically, How do you communicate a critical production outage to an impatient product owner during active incident response?",Communication
How do you investigate intermittent latency regressions when downstream third-party rate limits is suspected?,Problem Solving
"From an architectural standpoint, How do you ensure accessibility, cross-browser compatibility, and WCAG compliance in enterprise dashboard portals?",Role-Specific Skills
"In an enterprise environment, What strategies do you use for partition pruning and shuffling optimization in QA Automation?",Role-Specific Skills
"In your previous projects, What is the difference between monolithic architecture and Hash index?",Technical Knowledge
"From your experience, Tell me about a time when you diagnosed and fixed a sudden disk I/O saturation freezing asynchronous write operations in production.?",Problem Solving
"In an enterprise environment, How do you foster a psychological safety culture where developers feel safe admitting mistakes and proposing bold ideas?",Leadership
"Hypothetically, Explain the principles of Event Sourcing and when you would avoid it.?",Technical Knowledge
"In an enterprise environment, Walk me through how you would isolate an issue when clients receive partial and corrupted payload responses happens right after a major framework upgrade.?",Problem Solving
"In your previous projects, What are the best practices for implementing event-driven architecture in a high-scale service?",Technical Knowledge
"From an architectural standpoint, Explain how you design a data lakehouse architecture using Delta Lake or Apache Iceberg.?",Role-Specific Skills
"As a senior engineer, How does distributed transactions (2PC) work under the hood in modern distributed systems?",Technical Knowledge
How do you identify whether a performance slowdown is caused by DNS query resolution latency or underlying cloud network packet loss?,Problem Solving
"In your previous projects, Describe a situation where a third-party dependency failed unexpectedly in production. How did you resolve the outage?",Problem Solving
"As a senior engineer, How do indexes in MongoDB improve query performance and what are the overhead costs?",Technical Knowledge
Describe how you present technical trade-offs to sales and marketing stakeholders when choosing between a managed cloud proprietary service and a resilient scalable architecture with higher initial development cost.?,Communication
"Hypothetically, How do you handle a situation where two senior engineers on your team strongly disagree on choosing between Go and Rust for a new microservice?",Leadership
"During a technical review, How do you write reliable, maintainable end-to-end integration tests using Jest and React Testing Library without creating flaky tests?",Role-Specific Skills
"From an architectural standpoint, in Frontend Engineering, how do you implement zero-trust identity-aware network segmentation to ensure high performance?",Role-Specific Skills
"In an enterprise environment, How do you communicate a critical production outage to an impatient product owner during active incident response?",Communication
Can you explain: Explain how you design a data lakehouse architecture using Delta Lake or Apache Iceberg.?,Role-Specific Skills
Could you walk me through: Tell me about a situation where an automated rollback failed and you had to resolve an unexpected thread deadlock freezing background queue workers manually.?,Problem Solving
Can you explain: How do you identify whether a performance slowdown is caused by DNS query resolution latency or unoptimized disk I/O swapping?,Problem Solving
"Hypothetically, Tell me about a time you championed a cultural change or diversity initiative within your engineering department.?",Leadership
How do you identify whether a performance slowdown is caused by thread lock contention on shared resource caches or application thread lock contention?,Problem Solving
"From an architectural standpoint, What are the best practices for implementing CQRS pattern in a high-scale service?",Technical Knowledge
Can you explain: Tell me about a time you championed a cultural change or diversity initiative within your engineering department.?,Leadership
What are the key trade-offs between Docker Compose and Kubernetes long-running deployments when working on frontend state synchronization?,Role-Specific Skills
Tell me about a time you stepped up to resolve an organizational deadlock involving enforcing strict functional programming paradigms.?,Leadership
"Hypothetically, What is your philosophy on servant leadership versus top-down command in high-performing engineering teams?",Leadership
"Could you walk me through: Explain how distributed transactions (2PC) impacts latency, throughput, and fault tolerance.?",Technical Knowledge
Can you explain: How would you design a system that handles millions of concurrent WebSocket connections using CQRS pattern?,Technical Knowledge
"During a technical review, Tell me about a time you stepped up to resolve an organizational deadlock involving enforcing 90% code coverage requirements on pull requests.?",Leadership
"As a senior engineer, How do you resolve shared memory mutation without mutexes in multithreaded applications?",Technical Knowledge
"From an architectural standpoint, Can you explain the difference between strong consistency and imperative programming in software engineering?",Technical Knowledge
"Hypothetically, How do you ensure accessibility, cross-browser compatibility, and WCAG compliance in mobile-responsive web applications?",Role-Specific Skills
How do you identify whether a performance slowdown is caused by CPU throttling by Kubernetes CFS quota or TCP socket file descriptor leaks?,Problem Solving
Can you explain: Explain how you manage state and avoid unnecessary re-renders in Svelte applications.?,Role-Specific Skills
"From your experience, How do you foster a psychological safety culture where developers feel safe admitting mistakes and proposing bold ideas?",Leadership
Describe a time when you mentored a talented engineer struggling with imposter syndrome who was struggling with code quality and test design.?,Leadership
Can you explain: Describe how you present technical trade-offs to sales and marketing stakeholders when choosing between building a customized in-house solution and purchasing an off-the-shelf third-party integration.?,Communication
"In your previous projects, How do you secure a CI/CD pipeline against supply chain attacks, compromised packages, and secret leakage?",Role-Specific Skills
"From your experience, Can you explain the difference between object-oriented programming and stateless microservices in software engineering?",Technical Knowledge
"During a technical review, in Data Engineering, how do you implement idempotent ELT data pipelines in Snowflake to ensure high performance?",Role-Specific Skills
"In your previous projects, Describe a time when you mentored a career switcher unfamiliar with production pipelines who was struggling with confidence in contributing to architectural design reviews.?",Leadership
"In your previous projects, How do you approach troubleshooting an intermittent issue that disappears immediately whenever verbose debug logging is enabled?",Problem Solving
"Hypothetically, How do you identify whether a performance slowdown is caused by CPU throttling by Kubernetes CFS quota or underlying cloud network packet loss?",Problem Solving
Could you walk me through: Describe how you present technical trade-offs to client account managers when choosing between faster time-to-market with accumulated tech debt and purchasing an off-the-shelf third-party integration.?,Communication
"In your previous projects, How would you design a system that handles geo-distributed user sessions with instant failover using event-driven architecture?",Technical Knowledge
"From your experience, How do you explain why refactoring technical debt prevents system crashes to client account managers?",Communication
Describe how you present technical trade-offs to sales and marketing stakeholders when choosing between faster time-to-market with accumulated tech debt and purchasing an off-the-shelf third-party integration.?,Communication
"In your previous projects, Walk me through how you solved a stubborn distributed race condition that only occurred once every thousand requests.?",Problem Solving
How do you drive consensus on adopting implementing observability and distributed tracing standards when there is substantial resistance from legacy developers?,Leadership
How would you design a system that handles geo-distributed user sessions with instant failover using distributed transactions (2PC)?,Technical Knowledge
"Hypothetically, How would you troubleshoot sudden memory exhaustion caused by a Redis cluster split-brain event causing state inconsistency?",Problem Solving
"From your experience, How do you communicate a critical production outage to the enterprise customer success director during active incident response?",Communication
Explain the CAP theorem and how connection pooling chooses between consistency and availability.?,Technical Knowledge
"In your previous projects, How do you drive consensus on adopting mandatory peer code reviews and static security scanning when there is substantial resistance from legacy developers?",Leadership
How do you identify whether a performance slowdown is caused by DNS query resolution latency or TCP socket file descriptor leaks?,Problem Solving
"As a senior engineer, How do you drive consensus on adopting strict test-driven development (TDD) when there is substantial resistance from legacy developers?",Leadership
"In an enterprise environment, Tell me about a time you championed a cultural change or diversity initiative within your engineering department.?",Leadership
"From an architectural standpoint, How do you profile and eliminate bundle bloat, tree-shaking failures, and excessive CSS in modern web applications?",Role-Specific Skills
"As a senior engineer, How do you balance technical vision with day-to-day tactical execution as a team lead?",Leadership
"From your experience, How do you identify whether a performance slowdown is caused by database connection pooling saturation or microservice circuit breaker tripping prematurely?",Problem Solving
"From your experience, Explain the principles of Service Mesh and when you would avoid it.?",Technical Knowledge
What are the key trade-offs between Docker Compose and Kubernetes long-running deployments when working on end-to-end regression validation?,Role-Specific Skills
"From an architectural standpoint, What is the time and space complexity of Dijkstra's shortest path algorithm and how can it be optimized?",Technical Knowledge
How do you explain why upgrading outdated runtime versions is critical for security to non-technical business executives?,Communication
"In your previous projects, Describe a time when you mentored a intern with minimal real-world experience who was struggling with writing thorough documentation and unit tests.?",Leadership
How does rate limiting work under the hood in modern distributed systems?,Technical Knowledge
"From your experience, Explain the CAP theorem and how CQRS pattern chooses between consistency and availability.?",Technical Knowledge
"As a senior engineer, Describe a challenging post-incident review where the root cause was traced back to CPU throttling by Kubernetes CFS quota rather than underlying cloud network packet loss.?",Problem Solving
"From your experience, How do you handle situations where a the VP of Product demands a delivery deadline you believe is unrealistic?",Communication
"Hypothetically, Tell me about a time you had to deliver bad news regarding project delays to the VP of Product.?",Communication
"In an enterprise environment, How do you communicate the long-term cost of technical debt to executive leadership who only want new features?",Communication
How do you foster a psychological safety culture where developers feel safe admitting mistakes and proposing bold ideas?,Leadership
"Can you explain: How do you deliver constructive, critical code review feedback without offending a legacy system maintainer?",Communication
"From an architectural standpoint, Describe a time when you had to convince a non-technical client sponsor to prioritize migrating legacy monolithic databases to microservices.?",Communication
Could you walk me through: How do you explain why upgrading outdated runtime versions is critical for security to customer support specialists?,Communication
"During a technical review, What is the difference between synchronous and asynchronous processing in event-driven architecture?",Technical Knowledge
"Hypothetically, What is the difference between optimistic locking and GraphQL?",Technical Knowledge
"Could you walk me through: How do you deliver constructive, critical code review feedback without offending a peer software engineer with strong opinions?",Communication
"Hypothetically, What is your approach to setting up distributed tracing with OpenTelemetry and Jaeger across microservices?",Role-Specific Skills
Can you explain: Describe a time when you had to convince the enterprise customer success director to prioritize pausing new feature rollouts to fix critical security vulnerabilities.?,Communication
Can you explain: Describe a time when you had to convince the Chief Operating Officer to prioritize pausing new feature rollouts to fix critical security vulnerabilities.?,Communication
"How do you ensure accessibility, cross-browser compatibility, and WCAG compliance in enterprise dashboard portals?",Role-Specific Skills
"How would you design a system that handles 100,000 requests per second using rate limiting?",Technical Knowledge
"Hypothetically, How do you handle data consistency and isolation levels in Cassandra?",Technical Knowledge
"As a senior engineer, How do you identify whether a performance slowdown is caused by thread lock contention on shared resource caches or downstream third-party rate limits?",Problem Solving
How do you handle a situation where two senior engineers on your team strongly disagree on enforcing 90% code coverage requirements on pull requests?,Leadership
"During a technical review, in Data Engineering, how do you implement contract testing between microservices with Pact to ensure high performance?",Role-Specific Skills
"Hypothetically, Tell me about a time you had to deliver difficult feedback about understanding distributed systems trade-offs while maintaining trust.?",Leadership
"Hypothetically, Walk me through how you would isolate an issue when memory consumption steadily climbs linearly until container restarts happens right after a major framework upgrade.?",Problem Solving
"During a technical review, Tell me about a time you stepped up to resolve an organizational deadlock involving authorizing third-party cloud vendor lock-in.?",Leadership
Explain the CAP theorem and how circuit breaker pattern chooses between consistency and availability.?,Technical Knowledge
"In Cybersecurity Engineering, how do you implement idempotent ELT data pipelines in Snowflake to ensure high performance?",Role-Specific Skills
Can you explain: Describe a time when you had to convince the enterprise customer success director to prioritize a comprehensive architectural refactor.?,Communication
"In your previous projects, How do you design an idempotent API endpoint for user order placement checkout?",Technical Knowledge
"From your experience, What are the best practices for implementing event-driven architecture in a high-scale service?",Technical Knowledge
"In an enterprise environment, What methodology do you apply when decomposing a messy, undocumented legacy system bug?",Problem Solving
"In an enterprise environment, How do you explain why distributed consensus algorithms cannot guarantee zero latency to client account managers?",Communication
"In an enterprise environment, Tell me about a time you successfully onboarded multiple new engineers while maintaining ongoing sprint commitments.?",Leadership
How do you identify whether a performance slowdown is caused by DNS query resolution latency or microservice circuit breaker tripping prematurely?,Problem Solving
Can you explain: Tell me about a time when you resolved a catastrophic database deadlock under peak traffic.?,Problem Solving
Could you walk me through: Explain how CORS policy enforcement protects against common vulnerabilities in modern web applications.?,Technical Knowledge
Could you walk me through: Tell me about a time you had to deliver difficult feedback about confidence in contributing to architectural design reviews while maintaining trust.?,Leadership
"Could you walk me through: How do you secure a CI/CD pipeline against supply chain attacks, compromised packages, and secret leakage?",Role-Specific Skills
"Hypothetically, Tell me about a time you investigated a critical security breach or SQL injection attempt. How did you contain the blast radius?",Problem Solving
"From your experience, What happens from a networking perspective when a TLS 1.3 handshake is established occurs?",Technical Knowledge
"During a technical review, How do you handle disagreements during an architectural design meeting when consensus cannot be reached?",Communication
"During a technical review, Tell me about an initiative you led from conception to delivery across multiple cross-functional teams.?",Leadership
"In an enterprise environment, Tell me about a time you successfully persuaded a skeptical teammate to adopt a new testing methodology.?",Communication
Describe a time when you mentored a career switcher unfamiliar with production pipelines who was struggling with writing thorough documentation and unit tests.?,Leadership
Can you explain: How do you design an idempotent API endpoint for credit card billing payments?,Technical Knowledge
"In an enterprise environment, Describe a time when you mentored a career switcher unfamiliar with production pipelines who was struggling with code quality and test design.?",Leadership
"From an architectural standpoint, Tell me about a time you investigated a critical security breach or SQL injection attempt. How did you contain the blast radius?",Problem Solving
Describe how you design a resilient pipeline for continuous deployment with automatic rollback in modern cloud infrastructure.?,Role-Specific Skills
"What strategies do you use for optimizing Core Web Vitals (LCP, INP, CLS) in DevOps & Cloud SRE?",Role-Specific Skills
"During a technical review, How do you handle situations where a a non-technical client sponsor demands a delivery deadline you believe is unrealistic?",Communication
"In an enterprise environment, What are the key trade-offs between React Server Components and Apache Flink when working on frontend state synchronization?",Role-Specific Skills
"In your previous projects, in Frontend Engineering, how do you implement automated canary rollouts with ArgoCD to ensure high performance?",Role-Specific Skills
"During a technical review, How do you investigate intermittent latency regressions when underlying cloud network packet loss is suspected?",Problem Solving
What is the difference between B-tree index and threads?,Technical Knowledge
"From an architectural standpoint, How do you configure and optimize Apache Airflow DAG schedulers for enterprise production workloads?",Role-Specific Skills
"Hypothetically, How do you approach troubleshooting an intermittent issue that triggers only after a service has been running continuously for several days?",Problem Solving
Can you explain: Describe how you present technical trade-offs to client account managers when choosing between a managed cloud proprietary service and purchasing an off-the-shelf third-party integration.?,Communication
How would you design a system that handles real-time analytics over petabytes of data using circuit breaker pattern?,Technical Knowledge
What is the difference between optimistic locking and pessimistic locking?,Technical Knowledge
"During a technical review, How do you identify whether a performance slowdown is caused by thread lock contention on shared resource caches or microservice circuit breaker tripping prematurely?",Problem Solving
Describe a scenario where you negotiated the scope of a feature release with an impatient product owner.?,Communication
"In an enterprise environment, Tell me about a time when you diagnosed and fixed an unindexed query locking the primary production database in production.?",Problem Solving
What are the key trade-offs between AWS Lambda serverless and Kubernetes Pods when working on microservice communication?,Role-Specific Skills
"From your experience, in Frontend Engineering, how do you implement idempotent ELT data pipelines in Snowflake to ensure high performance?",Role-Specific Skills
Describe a time when you had to convince the enterprise customer success director to prioritize pausing new feature rollouts to fix critical security vulnerabilities.?,Communication
"From an architectural standpoint, How do you explain why upgrading outdated runtime versions is critical for security to client account managers?",Communication
"In your previous projects, How do you keep team morale and velocity high during intense crunch periods or corporate restructuring?",Leadership
"In your previous projects, Describe a time when you had to convince the Chief Operating Officer to prioritize pausing new feature rollouts to fix critical security vulnerabilities.?",Communication
Could you walk me through: How do you configure and optimize Prometheus and Grafana dashboards for enterprise production workloads?,Role-Specific Skills
"From your experience, How do you handle a situation where two senior engineers on your team strongly disagree on choosing between Go and Rust for a new microservice?",Leadership
"In your previous projects, How would you troubleshoot sudden memory exhaustion caused by a runaway recursive background job consuming all available CPU?",Problem Solving
Can you explain: How do you handle a situation where two senior engineers on your team strongly disagree on decoupling legacy monolithic database schemas?,Leadership
Can you explain: Describe how you present technical trade-offs to non-technical business executives when choosing between faster time-to-market with accumulated tech debt and purchasing an off-the-shelf third-party integration.?,Communication
"In an enterprise environment, Tell me about a time you stepped up to resolve an organizational deadlock involving choosing between Go and Rust for a new microservice.?",Leadership
How would you design a system that handles millions of concurrent WebSocket connections using CQRS pattern?,Technical Knowledge
How do you identify whether a performance slowdown is caused by CPU throttling by Kubernetes CFS quota or downstream third-party rate limits?,Problem Solving
"During a technical review, How do you architect an Apache Spark streaming job to handle out-of-order event timestamps and late data arriving?",Role-Specific Skills
"From your experience, How do you motivate a cross-functional squad to align on implementing observability and distributed tracing standards without causing delivery friction?",Leadership
"As a senior engineer, Describe a time when you mentored a mid-level engineer aiming for senior promotion who was struggling with handling ambiguous technical specifications.?",Leadership
Could you walk me through: How do you run effective 1-on-1 meetings that support the long-term career growth of your direct reports?,Leadership
"From an architectural standpoint, How do you balance delegating important tasks to junior developers while maintaining high delivery quality?",Leadership
"From an architectural standpoint, Describe how you present technical trade-offs to customer support specialists when choosing between a managed cloud proprietary service and purchasing an off-the-shelf third-party integration.?",Communication
"During a technical review, How do you ensure accessibility, cross-browser compatibility, and WCAG compliance in e-commerce checkout funnels?",Role-Specific Skills
"From an architectural standpoint, Describe a time when you had to convince a non-technical client sponsor to prioritize pausing new feature rollouts to fix critical security vulnerabilities.?",Communication
How would you troubleshoot sudden memory exhaustion caused by a runaway recursive background job consuming all available CPU?,Problem Solving
"In your previous projects, Describe a situation where executive management proposed an unreasonable technical mandate. How did you push back?",Leadership
"From your experience, Tell me about an initiative you led from conception to delivery across multiple cross-functional teams.?",Leadership
What are the key trade-offs between Cypress and Kubernetes Pods when working on real-time clickstream processing?,Role-Specific Skills
"During a technical review, How do you profile and eliminate bundle bloat, tree-shaking failures, and excessive CSS in modern web applications?",Role-Specific Skills
How would you design a system that handles real-time analytics over petabytes of data using message broker partitioning?,Technical Knowledge
"Hypothetically, Tell me about a time you used profiling tools (e.g., Flamegraphs, pprof, VisualVM) to resolve a massive latency spike.?",Problem Solving
"From an architectural standpoint, Tell me about a time you used profiling tools (e.g., Flamegraphs, pprof, VisualVM) to resolve a massive latency spike.?",Problem Solving
"How do you ensure accessibility, cross-browser compatibility, and WCAG compliance in mobile-responsive web applications?",Role-Specific Skills
How do you communicate a critical production outage to the Chief Operating Officer during active incident response?,Communication
"In an enterprise environment, Describe a time when you mentored a mid-level engineer aiming for senior promotion who was struggling with writing thorough documentation and unit tests.?",Leadership
Could you walk me through: How do you determine the root cause of network packet loss and TCP retransmission timeouts between microservices?,Problem Solving
Describe a challenging post-incident review where the root cause was traced back to CPU throttling by Kubernetes CFS quota rather than microservice circuit breaker tripping prematurely.?,Problem Solving
"As a senior engineer, Describe a situation where a third-party dependency failed unexpectedly in production. How did you resolve the outage?",Problem Solving
"In an enterprise environment, How do you configure and optimize Apache Airflow DAG schedulers for enterprise production workloads?",Role-Specific Skills
How do you identify whether a performance slowdown is caused by database connection pooling saturation or underlying cloud network packet loss?,Problem Solving
Could you walk me through: Describe a time when you mentored a intern with minimal real-world experience who was struggling with proactive communication during blockers.?,Leadership
What strategies do you use for hardening Linux kernel parameters against DDoS in QA Automation?,Role-Specific Skills
"From an architectural standpoint, How do you motivate a cross-functional squad to align on mandatory peer code reviews and static security scanning without causing delivery friction?",Leadership
Can you explain: Describe a time when you had to convince the VP of Product to prioritize migrating legacy monolithic databases to microservices.?,Communication
"Can you explain: How do you ensure accessibility, cross-browser compatibility, and WCAG compliance in e-commerce checkout funnels?",Role-Specific Skills
"What strategies do you use for optimizing Core Web Vitals (LCP, INP, CLS) in Cybersecurity Engineering?",Role-Specific Skills
"From your experience, Describe a time when you had to convince the VP of Product to prioritize a comprehensive architectural refactor.?",Communication
What are the key trade-offs between Apache Kafka and Kubernetes Pods when working on frontend state synchronization?,Role-Specific Skills
Describe a time when you had to convince an impatient product owner to prioritize allocating 30% of sprint capacity to test automation.?,Communication
"As a senior engineer, How do you drive consensus on adopting adopting asynchronous event-driven architectures when there is substantial resistance from legacy developers?",Leadership
"In an enterprise environment, Walk me through how you would isolate an issue when memory consumption steadily climbs linearly until container restarts happens right after a major framework upgrade.?",Problem Solving
Could you walk me through: Tell me about a situation where an automated rollback failed and you had to resolve a sudden disk I/O saturation freezing asynchronous write operations manually.?,Problem Solving
What are the key trade-offs between Cypress and Kubernetes long-running deployments when working on microservice communication?,Role-Specific Skills
"In your previous projects, How would you troubleshoot sudden memory exhaustion caused by an unexpected thread deadlock freezing background queue workers?",Problem Solving
"During a technical review, How do you debug an application that runs perfectly in local staging but fails intermittently in Kubernetes production?",Problem Solving
Walk me through how you would isolate an issue when clients receive partial and corrupted payload responses happens right after a major framework upgrade.?,Problem Solving
"In your previous projects, How do you architect an Apache Spark streaming job to handle out-of-order event timestamps and late data arriving?",Role-Specific Skills
"Hypothetically, in QA Automation, how do you implement automated canary rollouts with ArgoCD to ensure high performance?",Role-Specific Skills
"During a technical review, What is the time and space complexity of Dijkstra's shortest path algorithm and how can it be optimized?",Technical Knowledge
Tell me about a time you successfully persuaded a skeptical teammate to adopt a new testing methodology.?,Communication
"Hypothetically, Walk me through your step-by-step debugging process when Kafka consumer lag continuously grows without consumer rebalancing occurs on a mission-critical service.?",Problem Solving
"In an enterprise environment, How do you explain the difference between latency and throughput bottlenecks to sales and marketing stakeholders?",Communication
"In an enterprise environment, How would you design a system that handles millions of concurrent WebSocket connections using WAL (write-ahead log)?",Technical Knowledge
How do you explain the difference between latency and throughput bottlenecks to client account managers?,Communication
What are the best practices for implementing read-write replicas in a high-scale service?,Technical Knowledge
Tell me about a time you had to deliver bad news regarding project delays to the VP of Product.?,Communication
Describe how you present technical trade-offs to sales and marketing stakeholders when choosing between faster time-to-market with accumulated tech debt and an open-source self-hosted cluster.?,Communication
Describe how you present technical trade-offs to client account managers when choosing between building a customized in-house solution and purchasing an off-the-shelf third-party integration.?,Communication
"Hypothetically, How do you handle situations where a the VP of Product demands a delivery deadline you believe is unrealistic?",Communication
What are the key trade-offs between AWS Lambda serverless and Kubernetes Pods when working on cloud container orchestration?,Role-Specific Skills
"During a technical review, Tell me about a situation where an automated rollback failed and you had to resolve an unexpected thread deadlock freezing background queue workers manually.?",Problem Solving
"As a senior engineer, Describe a scenario where you negotiated the scope of a feature release with the enterprise customer success director.?",Communication
"Hypothetically, Describe how you supported a career switcher unfamiliar with production pipelines in transitioning to higher-impact architectural responsibilities.?",Leadership
Could you walk me through: How do you approach troubleshooting an intermittent issue that triggers only after a service has been running continuously for several days?,Problem Solving
"In your previous projects, What is your approach to writing clear technical documentation, RFCs, and architectural decision records?",Communication
Could you walk me through: How do you handle situations where a an impatient product owner demands a delivery deadline you believe is unrealistic?,Communication
"As a senior engineer, in DevOps & Cloud SRE, how do you implement zero-trust identity-aware network segmentation to ensure high performance?",Role-Specific Skills
"In an enterprise environment, Describe a time when you had to convince an impatient product owner to prioritize migrating legacy monolithic databases to microservices.?",Communication
"During a technical review, How do you approach troubleshooting an intermittent issue that happens exclusively on mobile clients with unstable network connections?",Problem Solving
Could you walk me through: Tell me about a time you stepped up to resolve an organizational deadlock involving introducing GraphQL over RESTful API architecture.?,Leadership
Can you explain: How would you design a system that handles millions of concurrent WebSocket connections using distributed transactions (2PC)?,Technical Knowledge
Could you walk me through: How do you foster a psychological safety culture where developers feel safe admitting mistakes and proposing bold ideas?,Leadership
What is the difference between optimistic locking and asymmetric encryption?,Technical Knowledge
"As a senior engineer, Tell me about a difficult conversation you had with a cross-functional product manager and how you reached mutual agreement.?",Communication
Describe a scenario where you negotiated the scope of a feature release with a non-technical client sponsor.?,Communication
"As a senior engineer, Describe a time when you had to convince an impatient product owner to prioritize allocating 30% of sprint capacity to test automation.?",Communication
Could you walk me through: What are the best practices for implementing rate limiting in a high-scale service?,Technical Knowledge
What is the time and space complexity of Binary Search on a rotated sorted array and how can it be optimized?,Technical Knowledge
Can you explain: Tell me about a time when you diagnosed and fixed a runaway recursive background job consuming all available CPU in production.?,Problem Solving
"From your experience, Walk me through your step-by-step debugging process when memory consumption steadily climbs linearly until container restarts occurs on a mission-critical service.?",Problem Solving
Tell me about a time you had to deliver difficult feedback about understanding distributed systems trade-offs while maintaining trust.?,Leadership
What strategies do you use for hardening Linux kernel parameters against DDoS in Cybersecurity Engineering?,Role-Specific Skills
"Hypothetically, How do you triage and prioritize five simultaneous critical production alerts during an on-call shift?",Problem Solving
"In your previous projects, How do you communicate a critical production outage to the enterprise customer success director during active incident response?",Communication
"In your previous projects, What is the difference between Kafka and HTTP/3?",Technical Knowledge
"As a senior engineer, Tell me about a time you had to deliver bad news regarding project delays to the VP of Product.?",Communication
"From your experience, How do you ensure accessibility, cross-browser compatibility, and WCAG compliance in enterprise dashboard portals?",Role-Specific Skills
Could you walk me through: How do you handle a situation where two senior engineers on your team strongly disagree on decoupling legacy monolithic database schemas?,Leadership
How do indexes in PostgreSQL improve query performance and what are the overhead costs?,Technical Knowledge
"As a senior engineer, How do you resolve thread starvation and livelocks in multithreaded applications?",Technical Knowledge
Could you walk me through: How do you explain why distributed consensus algorithms cannot guarantee zero latency to client account managers?,Communication
"As a senior engineer, How do you explain why refactoring technical debt prevents system crashes to client account managers?",Communication
"In an enterprise environment, Describe how you supported a intern with minimal real-world experience in transitioning to higher-impact architectural responsibilities.?",Leadership
"Can you explain: What strategies do you use for optimizing Core Web Vitals (LCP, INP, CLS) in Frontend Engineering?",Role-Specific Skills
"During a technical review, in Cybersecurity Engineering, how do you implement virtualized list rendering for 100k items to ensure high performance?",Role-Specific Skills
"During a technical review, in QA Automation, how do you implement zero-trust identity-aware network segmentation to ensure high performance?",Role-Specific Skills
"In an enterprise environment, What is the difference between synchronous and asynchronous processing in rate limiting?",Technical Knowledge
"As a senior engineer, What are the key trade-offs between Apache Kafka and Kubernetes long-running deployments when working on frontend state synchronization?",Role-Specific Skills
How would you design a system that handles real-time analytics over petabytes of data using event-driven architecture?,Technical Knowledge
"In an enterprise environment, Tell me about a time when a critical project you were leading was failing. How did you turn it around?",Leadership
"In your previous projects, How would you design a system that handles low-latency financial transactions under 5ms using read-write replicas?",Technical Knowledge
"From an architectural standpoint, Describe a time when you had to convince the enterprise customer success director to prioritize a comprehensive architectural refactor.?",Communication
"As a senior engineer, How would you troubleshoot sudden memory exhaustion caused by a critical memory leak causing cascading OOM kills?",Problem Solving
"From an architectural standpoint, Describe a time when you had to convince the enterprise customer success director to prioritize allocating 30% of sprint capacity to test automation.?",Communication
"Can you explain: How do you write reliable, maintainable end-to-end integration tests using Selenium Grid without creating flaky tests?",Role-Specific Skills
"From an architectural standpoint, in Cybersecurity Engineering, how do you implement virtualized list rendering for 100k items to ensure high performance?",Role-Specific Skills
"Hypothetically, How do indexes in Cassandra improve query performance and what are the overhead costs?",Technical Knowledge
"In an enterprise environment, What is the difference between synchronous and asynchronous processing in memory-mapped files?",Technical Knowledge
"During a technical review, Describe a scenario where you had to lead a project with ambiguous requirements and tight organizational deadlines.?",Leadership
How do you identify whether a performance slowdown is caused by CPU throttling by Kubernetes CFS quota or underlying cloud network packet loss?,Problem Solving
"During a technical review, Describe how you manage Terraform state files, lock mechanisms, and module hierarchies in multi-environment setups.?",Role-Specific Skills
How do you handle data consistency and isolation levels in Elasticsearch?,Technical Knowledge
Describe a challenging post-incident review where the root cause was traced back to unbounded in-memory queue buffering rather than application thread lock contention.?,Problem Solving
How do you handle data consistency and isolation levels in Cassandra?,Technical Knowledge
"From your experience, Explain how WAL (write-ahead log) impacts latency, throughput, and fault tolerance.?",Technical Knowledge
What are the internal mechanics of async/await event loop scheduling in C++?,Technical Knowledge
What is the difference between B-tree index and RabbitMQ?,Technical Knowledge
Could you walk me through: What best practices do you follow for building reusable design system components in Svelte?,Role-Specific Skills
"As a senior engineer, What are the key trade-offs between React Server Components and Client-Side Hydration when working on end-to-end regression validation?",Role-Specific Skills
"In an enterprise environment, How do you ensure accessibility, cross-browser compatibility, and WCAG compliance in e-commerce checkout funnels?",Role-Specific Skills
"During a technical review, Tell me about a difficult conversation you had with a cross-functional product manager and how you reached mutual agreement.?",Communication
"Hypothetically, How do you resolve race conditions and deadlocks in multithreaded applications?",Technical Knowledge
"From your experience, Explain how connection pooling impacts latency, throughput, and fault tolerance.?",Technical Knowledge
Could you walk me through: Tell me about a time you had to deliver difficult feedback about code quality and test design while maintaining trust.?,Leadership
"As a senior engineer, Tell me about a time when you diagnosed and fixed an exponential spike in 504 Gateway Timeouts in production.?",Problem Solving
"During a technical review, How do you navigate team member promotions, performance evaluations, and compensation reviews fairly?",Leadership
"As a senior engineer, Tell me about a time when you diagnosed and fixed an unexpected thread deadlock freezing background queue workers in production.?",Problem Solving
"In an enterprise environment, How do you identify whether a performance slowdown is caused by CPU throttling by Kubernetes CFS quota or unoptimized disk I/O swapping?",Problem Solving
"From an architectural standpoint, Tell me about a time you had to deliver bad news regarding project delays to a non-technical client sponsor.?",Communication
"In an enterprise environment, How do you write reliable, maintainable end-to-end integration tests using Jest and React Testing Library without creating flaky tests?",Role-Specific Skills
Tell me about a difficult conversation you had with an external vendor technical contact and how you reached mutual agreement.?,Communication
"From your experience, How do you establish engineering standards, code quality benchmarks, and automated testing rigor across a team?",Leadership
"As a senior engineer, What is the time and space complexity of QuickSort vs MergeSort and how can it be optimized?",Technical Knowledge
"Hypothetically, What is the difference between synchronous and asynchronous processing in distributed transactions (2PC)?",Technical Knowledge
Can you explain: How do you motivate a cross-functional squad to align on adopting asynchronous event-driven architectures without causing delivery friction?,Leadership
"During a technical review, How do you foster a psychological safety culture where developers feel safe admitting mistakes and proposing bold ideas?",Leadership
Could you walk me through: How do you communicate a critical production outage to the Chief Operating Officer during active incident response?,Communication
Can you explain: How do you motivate a cross-functional squad to align on moving to container orchestration and GitOps without causing delivery friction?,Leadership
"From your experience, Tell me about a time you had to deliver difficult feedback about code quality and test design while maintaining trust.?",Leadership
"Can you explain: How do you ensure accessibility, cross-browser compatibility, and WCAG compliance in complex single-page applications?",Role-Specific Skills
Could you walk me through: How do you drive consensus on adopting moving to container orchestration and GitOps when there is substantial resistance from legacy developers?,Leadership
"During a technical review, What are the key trade-offs between Cypress and Kubernetes long-running deployments when working on cloud container orchestration?",Role-Specific Skills
"In an enterprise environment, What are the key trade-offs between AWS Lambda serverless and Kubernetes Pods when working on real-time clickstream processing?",Role-Specific Skills
What are the key trade-offs between React Server Components and Apache Flink when working on frontend state synchronization?,Role-Specific Skills
"As a senior engineer, Describe a time when you mentored a career switcher unfamiliar with production pipelines who was struggling with time management and estimation accuracy.?",Leadership
What are the key trade-offs between Cypress and Client-Side Hydration when working on microservice communication?,Role-Specific Skills
Describe a time when you had to convince a non-technical client sponsor to prioritize a comprehensive architectural refactor.?,Communication
What is the difference between synchronous and asynchronous processing in connection pooling?,Technical Knowledge
"Hypothetically, What strategies do you use for partition pruning and shuffling optimization in Cybersecurity Engineering?",Role-Specific Skills
"In an enterprise environment, What are the internal mechanics of goroutines vs OS threads in Rust?",Technical Knowledge
How do indexes in DynamoDB improve query performance and what are the overhead costs?,Technical Knowledge
Can you explain: How do you approach troubleshooting an intermittent issue that fails unpredictably once every several thousand requests?,Problem Solving
"From an architectural standpoint, Describe a time when you mentored a newly hired backend developer adjusting to company codebase who was struggling with time management and estimation accuracy.?",Leadership
"In an enterprise environment, Tell me about a situation where an automated rollback failed and you had to resolve a runaway recursive background job consuming all available CPU manually.?",Problem Solving
Can you explain: Describe how you supported a junior software engineer in transitioning to higher-impact architectural responsibilities.?,Leadership
"In your previous projects, Explain the principles of Domain-Driven Design (DDD) and when you would avoid it.?",Technical Knowledge
"From an architectural standpoint, Tell me about a time you had to deliver difficult feedback about time management and estimation accuracy while maintaining trust.?",Leadership
"From your experience, How do you investigate intermittent latency regressions when microservice circuit breaker tripping prematurely is suspected?",Problem Solving
"Hypothetically, How does garbage collection work in Python and how can you minimize stop-the-world pauses?",Technical Knowledge
"From your experience, Explain how you manage state and avoid unnecessary re-renders in Svelte applications.?",Role-Specific Skills
What is the difference between HTTP/2 and UDP?,Technical Knowledge
What are the key trade-offs between Apache Kafka and Kubernetes long-running deployments when working on cloud container orchestration?,Role-Specific Skills
"In an enterprise environment, What is your approach to writing clear technical documentation, RFCs, and architectural decision records?",Communication
"Hypothetically, How do you manage database migrations safely with zero-downtime using tools like Flyway or Liquibase in DevOps & Cloud SRE?",Role-Specific Skills
"As a senior engineer, How do you deliver constructive, critical code review feedback without offending a peer software engineer with strong opinions?",Communication
Can you explain the trade-offs of using database sharding in production?,Technical Knowledge
"From an architectural standpoint, Describe a time when you had to convince a non-technical client sponsor to prioritize allocating 30% of sprint capacity to test automation.?",Communication
"During a technical review, How do you design an idempotent API endpoint for user order placement checkout?",Technical Knowledge
What is the difference between REST and RabbitMQ?,Technical Knowledge
"From your experience, What are the internal mechanics of goroutines vs OS threads in Rust?",Technical Knowledge
"From your experience, How do you navigate team member promotions, performance evaluations, and compensation reviews fairly?",Leadership
What are the internal mechanics of virtual method dispatch and vtables in C++?,Technical Knowledge
What are the internal mechanics of goroutines vs OS threads in Java?,Technical Knowledge
How does distributed transactions (2PC) work under the hood in modern distributed systems?,Technical Knowledge
"As a senior engineer, Describe an incident where a faulty deployment caused widespread 500 server errors. What was your immediate mitigation?",Problem Solving
"In your previous projects, in Frontend Engineering, how do you implement contract testing between microservices with Pact to ensure high performance?",Role-Specific Skills
Could you walk me through: Walk me through your step-by-step debugging process when the HTTP request error rate spikes to 25% occurs on a mission-critical service.?,Problem Solving
"As a senior engineer, Explain the CAP theorem and how memory-mapped files chooses between consistency and availability.?",Technical Knowledge
What are the internal mechanics of memory allocation and heap management in Java?,Technical Knowledge
"In an enterprise environment, How do you handle situations where a a non-technical client sponsor demands a delivery deadline you believe is unrealistic?",Communication
Describe a time when you had to convince an impatient product owner to prioritize pausing new feature rollouts to fix critical security vulnerabilities.?,Communication
"In an enterprise environment, What is the difference between Blue-Green deployments and Canary deployments in Kubernetes?",Role-Specific Skills
"From an architectural standpoint, in Data Engineering, how do you implement virtualized list rendering for 100k items to ensure high performance?",Role-Specific Skills
"As a senior engineer, How do you explain the difference between latency and throughput bottlenecks to client account managers?",Communication
"From an architectural standpoint, How does garbage collection work in Python and how can you minimize stop-the-world pauses?",Technical Knowledge
Could you walk me through: Describe how you present technical trade-offs to customer support specialists when choosing between a managed cloud proprietary service and an open-source self-hosted cluster.?,Communication
"In an enterprise environment, How do you motivate a cross-functional squad to align on strict test-driven development (TDD) without causing delivery friction?",Leadership
"Hypothetically, How do you explain the difference between latency and throughput bottlenecks to product managers without coding background?",Communication
"From an architectural standpoint, Explain the CAP theorem and how memory-mapped files chooses between consistency and availability.?",Technical Knowledge
"During a technical review, How do you investigate intermittent latency regressions when downstream third-party rate limits is suspected?",Problem Solving
What strategies do you use for mocking flaky third-party payment endpoints in QA Automation?,Role-Specific Skills
"Hypothetically, Walk me through how you would isolate an issue when worker nodes abruptly crash without emitting a stack trace happens right after a major framework upgrade.?",Problem Solving
"Hypothetically, What are the key trade-offs between Cypress and Client-Side Hydration when working on frontend state synchronization?",Role-Specific Skills
"In your previous projects, How do you balance technical vision with day-to-day tactical execution as a team lead?",Leadership
"In an enterprise environment, Describe how you design a resilient pipeline for automated test suite execution across parallel runners in modern cloud infrastructure.?",Role-Specific Skills
Can you explain: Describe a time when you mentored a mid-level engineer aiming for senior promotion who was struggling with understanding distributed systems trade-offs.?,Leadership
Describe how you supported a intern with minimal real-world experience in transitioning to higher-impact architectural responsibilities.?,Leadership
"From an architectural standpoint, Tell me about a time you stepped up to resolve an organizational deadlock involving choosing between Go and Rust for a new microservice.?",Leadership
"Hypothetically, How do you implement OAuth2 Authorization Code Flow with PKCE in a Single Page Application (SPA)?",Role-Specific Skills
Can you explain: Tell me about a situation where an automated rollback failed and you had to resolve a silent queue backlog causing millions of dropped events manually.?,Problem Solving
"During a technical review, Explain how you manage state and avoid unnecessary re-renders in Svelte applications.?",Role-Specific Skills
Can you explain: Describe a time when you had to convince the Chief Operating Officer to prioritize allocating 30% of sprint capacity to test automation.?,Communication
"During a technical review, Describe a time when you had to convince the enterprise customer success director to prioritize a comprehensive architectural refactor.?",Communication
"Hypothetically, How does garbage collection work in C# and how can you minimize stop-the-world pauses?",Technical Knowledge
"As a senior engineer, How do you secure a CI/CD pipeline against supply chain attacks, compromised packages, and secret leakage?",Role-Specific Skills
What are the key trade-offs between Cypress and Apache Flink when working on frontend state synchronization?,Role-Specific Skills
What strategies do you use for partition pruning and shuffling optimization in QA Automation?,Role-Specific Skills
What are the key trade-offs between Docker Compose and Client-Side Hydration when working on microservice communication?,Role-Specific Skills
How do you explain the difference between latency and throughput bottlenecks to non-technical business executives?,Communication
"Could you walk me through: in Cybersecurity Engineering, how do you implement contract testing between microservices with Pact to ensure high performance?",Role-Specific Skills
"From an architectural standpoint, How do you explain why distributed consensus algorithms cannot guarantee zero latency to product managers without coding background?",Communication
"As a senior engineer, How would you troubleshoot sudden memory exhaustion caused by an unindexed query locking the primary production database?",Problem Solving
"As a senior engineer, How do you manage database migrations safely with zero-downtime using tools like Flyway or Liquibase in Frontend Engineering?",Role-Specific Skills
"During a technical review, Describe how you present technical trade-offs to non-technical business executives when choosing between building a customized in-house solution and a resilient scalable architecture with higher initial development cost.?",Communication
"In an enterprise environment, What are the key trade-offs between Cypress and Kubernetes long-running deployments when working on end-to-end regression validation?",Role-Specific Skills
"As a senior engineer, What happens from a networking perspective when a TLS 1.3 handshake is established occurs?",Technical Knowledge
"In your previous projects, How do you identify whether a performance slowdown is caused by database connection pooling saturation or TCP socket file descriptor leaks?",Problem Solving
"In your previous projects, How do you communicate a critical production outage to an impatient product owner during active incident response?",Communication
"In your previous projects, Walk me through your step-by-step debugging process when Kafka consumer lag continuously grows without consumer rebalancing occurs on a mission-critical service.?",Problem Solving
Describe how you present technical trade-offs to product managers without coding background when choosing between building a customized in-house solution and purchasing an off-the-shelf third-party integration.?,Communication
"Hypothetically, Describe a time when you had to convince the enterprise customer success director to prioritize pausing new feature rollouts to fix critical security vulnerabilities.?",Communication
"In your previous projects, How do you handle a situation where two senior engineers on your team strongly disagree on authorizing third-party cloud vendor lock-in?",Leadership
Can you explain: How do you configure and optimize Next.js SSR caching layers for enterprise production workloads?,Role-Specific Skills
"In an enterprise environment, How do you investigate intermittent latency regressions when application thread lock contention is suspected?",Problem Solving
"As a senior engineer, Explain how message broker partitioning impacts latency, throughput, and fault tolerance.?",Technical Knowledge
"During a technical review, How do you investigate intermittent latency regressions when unoptimized disk I/O swapping is suspected?",Problem Solving
"From an architectural standpoint, What is the time and space complexity of K-way merge on distributed streams and how can it be optimized?",Technical Knowledge
"From your experience, How do you resolve race conditions and deadlocks in multithreaded applications?",Technical Knowledge
"Hypothetically, Describe a complex technical problem where you had very limited log data and monitoring. How did you isolate root cause?",Problem Solving
"From an architectural standpoint, What are the internal mechanics of async/await event loop scheduling in Go?",Technical Knowledge
"Hypothetically, Describe a time when you had to convince the Chief Operating Officer to prioritize migrating legacy monolithic databases to microservices.?",Communication
Can you explain: How do you manage database migrations safely with zero-downtime using tools like Flyway or Liquibase in Data Engineering?,Role-Specific Skills
Can you explain: How do you recognize and develop emerging leadership qualities in engineers on your team?,Leadership
"From an architectural standpoint, Describe a time when you had to convince the enterprise customer success director to prioritize pausing new feature rollouts to fix critical security vulnerabilities.?",Communication
"From an architectural standpoint, What is the difference between optimistic locking and asymmetric encryption?",Technical Knowledge
How do you drive consensus on adopting adopting asynchronous event-driven architectures when there is substantial resistance from legacy developers?,Leadership
"Hypothetically, Explain how you manage state and avoid unnecessary re-renders in Angular applications.?",Role-Specific Skills
"From an architectural standpoint, in Frontend Engineering, how do you implement contract testing between microservices with Pact to ensure high performance?",Role-Specific Skills
"Hypothetically, How do you determine the root cause of network packet loss and TCP retransmission timeouts between microservices?",Problem Solving
"From an architectural standpoint, Tell me about a situation where an automated rollback failed and you had to resolve a critical memory leak causing cascading OOM kills manually.?",Problem Solving
Can you explain: Walk me through your step-by-step debugging process when clients receive partial and corrupted payload responses occurs on a mission-critical service.?,Problem Solving
Could you walk me through: Tell me about a situation where an automated rollback failed and you had to resolve an avalanche of unhandled exceptions crashing microservice pods manually.?,Problem Solving
Can you explain: How do indexes in Elasticsearch improve query performance and what are the overhead costs?,Technical Knowledge
What are the key trade-offs between Cypress and Client-Side Hydration when working on real-time clickstream processing?,Role-Specific Skills
Describe how you present technical trade-offs to product managers without coding background when choosing between a managed cloud proprietary service and purchasing an off-the-shelf third-party integration.?,Communication
"Hypothetically, How do you communicate a critical production outage to the VP of Product during active incident response?",Communication
What is the difference between processes and HTTP/3?,Technical Knowledge
What strategies do you use for partition pruning and shuffling optimization in Frontend Engineering?,Role-Specific Skills
How would you design a system that handles millions of concurrent WebSocket connections using database sharding?,Technical Knowledge
"In your previous projects, Can you share an example of a time when your initial hypothesis about a severe bug turned out to be wrong?",Problem Solving
"From your experience, Walk me through your step-by-step debugging process when Kafka consumer lag continuously grows without consumer rebalancing occurs on a mission-critical service.?",Problem Solving
What is the difference between synchronous and asynchronous processing in consistent hashing?,Technical Knowledge
What are the key trade-offs between Apache Kafka and Client-Side Hydration when working on frontend state synchronization?,Role-Specific Skills
"From your experience, How do you ensure accessibility, cross-browser compatibility, and WCAG compliance in e-commerce checkout funnels?",Role-Specific Skills
"Hypothetically, How do you write reliable, maintainable end-to-end integration tests using Playwright without creating flaky tests?",Role-Specific Skills
"In your previous projects, Describe how you present technical trade-offs to sales and marketing stakeholders when choosing between building a customized in-house solution and a resilient scalable architecture with higher initial development cost.?",Communication
Could you walk me through: How do you communicate a critical production outage to a non-technical client sponsor during active incident response?,Communication
"In an enterprise environment, How do you drive consensus on adopting implementing observability and distributed tracing standards when there is substantial resistance from legacy developers?",Leadership
"Hypothetically, What are the key trade-offs between Cypress and Playwright when working on frontend state synchronization?",Role-Specific Skills
Tell me about a time you had to deliver difficult feedback about handling ambiguous technical specifications while maintaining trust.?,Leadership
"Can you explain: How does in-memory Guava cache handle cache invalidation, cache stampede, and eviction policies?",Technical Knowledge
"In your previous projects, Describe how you present technical trade-offs to product managers without coding background when choosing between a managed cloud proprietary service and purchasing an off-the-shelf third-party integration.?",Communication
"From your experience, Can you explain the trade-offs of using circuit breaker pattern in production?",Technical Knowledge
Can you explain the trade-offs of using circuit breaker pattern in production?,Technical Knowledge
"In Frontend Engineering, how do you implement automated canary rollouts with ArgoCD to ensure high performance?",Role-Specific Skills
How would you design a system that handles low-latency financial transactions under 5ms using memory-mapped files?,Technical Knowledge
"Hypothetically, What are the key trade-offs between Apache Kafka and Playwright when working on real-time clickstream processing?",Role-Specific Skills
"During a technical review, Describe a challenging post-incident review where the root cause was traced back to CPU throttling by Kubernetes CFS quota rather than microservice circuit breaker tripping prematurely.?",Problem Solving
What are the key trade-offs between AWS Lambda serverless and Kubernetes Pods when working on end-to-end regression validation?,Role-Specific Skills
"In an enterprise environment, Explain the principles of Clean Architecture and when you would avoid it.?",Technical Knowledge
"During a technical review, Describe a complex technical problem where you had very limited log data and monitoring. How did you isolate root cause?",Problem Solving
"During a technical review, How do you explain database sharding and eventual consistency to sales and marketing stakeholders?",Communication
"In your previous projects, How do you communicate a critical production outage to a non-technical client sponsor during active incident response?",Communication
Can you explain: How do you troubleshoot high CPU utilization and thread starvation when memory metrics appear completely normal?,Problem Solving
Can you explain: Tell me about a time you noticed an engineer feeling burned out or disengaged. What actions did you take?,Leadership
Could you walk me through: Describe a challenging post-incident review where the root cause was traced back to unbounded in-memory queue buffering rather than microservice circuit breaker tripping prematurely.?,Problem Solving
"In your previous projects, How do you explain the difference between latency and throughput bottlenecks to customer support specialists?",Communication
"From your experience, Tell me about a situation where an automated rollback failed and you had to resolve an unindexed query locking the primary production database manually.?",Problem Solving
"From an architectural standpoint, Tell me about a difficult conversation you had with a legacy system maintainer and how you reached mutual agreement.?",Communication
"During a technical review, How do you communicate a critical production outage to an impatient product owner during active incident response?",Communication
Could you walk me through: Tell me about a time when you resolved a catastrophic database deadlock under peak traffic.?,Problem Solving
"From your experience, Tell me about a time you had to deliver difficult feedback about time management and estimation accuracy while maintaining trust.?",Leadership
"In an enterprise environment, How would you troubleshoot sudden memory exhaustion caused by a runaway recursive background job consuming all available CPU?",Problem Solving
"In an enterprise environment, How do you explain database sharding and eventual consistency to client account managers?",Communication
"As a senior engineer, How would you design a system that handles 100,000 requests per second using memory-mapped files?",Technical Knowledge
"Can you explain: What strategies do you use for optimizing Core Web Vitals (LCP, INP, CLS) in Data Engineering?",Role-Specific Skills
Could you walk me through: Tell me about a difficult conversation you had with a strict QA lead and how you reached mutual agreement.?,Communication
"From an architectural standpoint, Describe how you present technical trade-offs to product managers without coding background when choosing between building a customized in-house solution and a resilient scalable architecture with higher initial development cost.?",Communication
"Hypothetically, Tell me about a time you stepped up to resolve an organizational deadlock involving choosing between Go and Rust for a new microservice.?",Leadership
"As a senior engineer, How do you manage database migrations safely with zero-downtime using tools like Flyway or Liquibase in Cybersecurity Engineering?",Role-Specific Skills
"In an enterprise environment, What strategies do you use for mocking flaky third-party payment endpoints in Frontend Engineering?",Role-Specific Skills
"As a senior engineer, What is the time and space complexity of K-way merge on distributed streams and how can it be optimized?",Technical Knowledge
"From your experience, Walk me through how you would isolate an issue when worker nodes abruptly crash without emitting a stack trace happens right after a major framework upgrade.?",Problem Solving
"In your previous projects, in Cybersecurity Engineering, how do you implement zero-trust identity-aware network segmentation to ensure high performance?",Role-Specific Skills
"In your previous projects, How do you investigate intermittent latency regressions when microservice circuit breaker tripping prematurely is suspected?",Problem Solving
How do you identify whether a performance slowdown is caused by CPU throttling by Kubernetes CFS quota or microservice circuit breaker tripping prematurely?,Problem Solving
"In an enterprise environment, Describe a challenging post-incident review where the root cause was traced back to CPU throttling by Kubernetes CFS quota rather than unoptimized disk I/O swapping.?",Problem Solving
"From your experience, Describe a time when you had to convince a non-technical client sponsor to prioritize pausing new feature rollouts to fix critical security vulnerabilities.?",Communication
"In your previous projects, How do you design a comprehensive regression testing matrix for a critical payment gateway service?",Role-Specific Skills
"During a technical review, How do you diagnose memory leaks in long-running containerized microservices without restarting the cluster?",Problem Solving
"From your experience, How do you determine the root cause of network packet loss and TCP retransmission timeouts between microservices?",Problem Solving
How would you design a system that handles low-latency financial transactions under 5ms using rate limiting?,Technical Knowledge
"In your previous projects, Describe a time when you mentored a newly hired backend developer adjusting to company codebase who was struggling with time management and estimation accuracy.?",Leadership
Could you walk me through: Walk me through how you solved a stubborn distributed race condition that only occurred once every thousand requests.?,Problem Solving
"In an enterprise environment, How do you explain database sharding and eventual consistency to product managers without coding background?",Communication
How do you identify whether a performance slowdown is caused by CPU throttling by Kubernetes CFS quota or application thread lock contention?,Problem Solving
Can you explain: How do you identify whether a performance slowdown is caused by DNS query resolution latency or downstream third-party rate limits?,Problem Solving
"During a technical review, Tell me about a time you stepped up to resolve an organizational deadlock involving migrating to microservices versus modular monolith.?",Leadership
"From an architectural standpoint, How do you deliver constructive, critical code review feedback without offending an external vendor technical contact?",Communication
Can you explain: Describe a time when you mentored a intern with minimal real-world experience who was struggling with writing thorough documentation and unit tests.?,Leadership
Could you walk me through: Describe how you supported a mid-level engineer aiming for senior promotion in transitioning to higher-impact architectural responsibilities.?,Leadership
"As a senior engineer, Describe a time when you mentored a career switcher unfamiliar with production pipelines who was struggling with understanding distributed systems trade-offs.?",Leadership
"During a technical review, How do you identify whether a performance slowdown is caused by database connection pooling saturation or downstream third-party rate limits?",Problem Solving
"Hypothetically, Describe how you prioritize technical debt against business feature roadmap requests at an organizational level.?",Leadership
"In your previous projects, How do you configure and optimize Prometheus and Grafana dashboards for enterprise production workloads?",Role-Specific Skills
"From your experience, What is your approach to setting up distributed tracing with OpenTelemetry and Jaeger across microservices?",Role-Specific Skills
Could you walk me through: Describe a situation where executive management proposed an unreasonable technical mandate. How did you push back?,Leadership
"From an architectural standpoint, How do you deliver constructive, critical code review feedback without offending a legacy system maintainer?",Communication
"From your experience, What strategies do you use for optimizing Core Web Vitals (LCP, INP, CLS) in QA Automation?",Role-Specific Skills
"In an enterprise environment, Tell me about a time you had to deliver bad news regarding project delays to the VP of Product.?",Communication
Could you walk me through: What is the difference between SQL databases and HTTP/3?,Technical Knowledge
Describe a time when you mentored a talented engineer struggling with imposter syndrome who was struggling with confidence in contributing to architectural design reviews.?,Leadership
"From an architectural standpoint, How do you motivate a cross-functional squad to align on implementing observability and distributed tracing standards without causing delivery friction?",Leadership
"Hypothetically, How do you architect an Apache Spark streaming job to handle out-of-order event timestamps and late data arriving?",Role-Specific Skills
"Hypothetically, How do you diagnose memory leaks in long-running containerized microservices without restarting the cluster?",Problem Solving
"From an architectural standpoint, Tell me about a time when a critical project you were leading was failing. How did you turn it around?",Leadership
Can you explain: Tell me about a time you stepped up to resolve an organizational deadlock involving decoupling legacy monolithic database schemas.?,Leadership
What are the best practices for implementing memory-mapped files in a high-scale service?,Technical Knowledge
"From your experience, Describe how you present technical trade-offs to product managers without coding background when choosing between faster time-to-market with accumulated tech debt and a resilient scalable architecture with higher initial development cost.?",Communication
"As a senior engineer, What best practices do you follow for building reusable design system components in Svelte?",Role-Specific Skills
Describe how you present technical trade-offs to client account managers when choosing between faster time-to-market with accumulated tech debt and an open-source self-hosted cluster.?,Communication
"In your previous projects, Describe a time when you had to convince the Chief Operating Officer to prioritize migrating legacy monolithic databases to microservices.?",Communication
"From an architectural standpoint, Tell me about a situation where an automated rollback failed and you had to resolve a silent queue backlog causing millions of dropped events manually.?",Problem Solving
Describe a time when you had to convince the VP of Product to prioritize migrating legacy monolithic databases to microservices.?,Communication
"During a technical review, What strategies do you use for mocking flaky third-party payment endpoints in DevOps & Cloud SRE?",Role-Specific Skills
"From your experience, How do you drive consensus on adopting automated CI/CD trunk-based development when there is substantial resistance from legacy developers?",Leadership
"Could you walk me through: What methodology do you apply when decomposing a messy, undocumented legacy system bug?",Problem Solving
"From an architectural standpoint, Explain how content security policies (CSP) protects against common vulnerabilities in modern web applications.?",Technical Knowledge
"As a senior engineer, Explain the principles of Micro-frontends and when you would avoid it.?",Technical Knowledge
"During a technical review, What is your approach to setting up distributed tracing with OpenTelemetry and Jaeger across microservices?",Role-Specific Skills
Can you explain: How do you facilitate discussions between teams that have conflicting technical priorities or API requirements?,Communication
"From an architectural standpoint, Describe how you prioritize technical debt against business feature roadmap requests at an organizational level.?",Leadership
"In your previous projects, How do you implement OAuth2 Authorization Code Flow with PKCE in a Single Page Application (SPA)?",Role-Specific Skills
What is the difference between B-tree index and Hash index?,Technical Knowledge
"Hypothetically, How do you establish engineering standards, code quality benchmarks, and automated testing rigor across a team?",Leadership
How do you handle situations where a a non-technical client sponsor demands a delivery deadline you believe is unrealistic?,Communication
"From an architectural standpoint, How do you ensure accessibility, cross-browser compatibility, and WCAG compliance in e-commerce checkout funnels?",Role-Specific Skills
Could you walk me through: Can you explain the trade-offs of using WAL (write-ahead log) in production?,Technical Knowledge
How do you resolve shared memory mutation without mutexes in multithreaded applications?,Technical Knowledge
"From an architectural standpoint, Describe a situation where executive management proposed an unreasonable technical mandate. How did you push back?",Leadership
Can you explain: How do you motivate a cross-functional squad to align on mandatory peer code reviews and static security scanning without causing delivery friction?,Leadership
Can you explain: What strategies do you use for active listening when a colleague expresses frustration with your proposal?,Communication
"From your experience, How would you design a system that handles millions of concurrent WebSocket connections using WAL (write-ahead log)?",Technical Knowledge
"In an enterprise environment, in Frontend Engineering, how do you implement idempotent ELT data pipelines in Snowflake to ensure high performance?",Role-Specific Skills
"Hypothetically, How do you configure and optimize Apache Airflow DAG schedulers for enterprise production workloads?",Role-Specific Skills
Describe how you supported a junior software engineer in transitioning to higher-impact architectural responsibilities.?,Leadership
"Could you walk me through: in DevOps & Cloud SRE, how do you implement zero-trust identity-aware network segmentation to ensure high performance?",Role-Specific Skills
Can you explain: Tell me about a difficult conversation you had with a peer software engineer with strong opinions and how you reached mutual agreement.?,Communication
Describe a time when you had to convince the enterprise customer success director to prioritize a comprehensive architectural refactor.?,Communication
"From an architectural standpoint, How do you navigate team member promotions, performance evaluations, and compensation reviews fairly?",Leadership
What are the key trade-offs between React Server Components and Kubernetes long-running deployments when working on microservice communication?,Role-Specific Skills
How do you explain database sharding and eventual consistency to product managers without coding background?,Communication
Could you walk me through: How do you investigate intermittent latency regressions when underlying cloud network packet loss is suspected?,Problem Solving
How do you configure and optimize HashiCorp Vault for secrets for enterprise production workloads?,Role-Specific Skills
"As a senior engineer, Describe a scenario where you negotiated the scope of a feature release with the Chief Operating Officer.?",Communication
What are the best practices for implementing circuit breaker pattern in a high-scale service?,Technical Knowledge
How do you drive consensus on adopting automated CI/CD trunk-based development when there is substantial resistance from legacy developers?,Leadership
What are the key trade-offs between React Server Components and Apache Flink when working on real-time clickstream processing?,Role-Specific Skills
"From an architectural standpoint, What is the difference between synchronous and asynchronous processing in message broker partitioning?",Technical Knowledge
"As a senior engineer, Explain how you design a data lakehouse architecture using Delta Lake or Apache Iceberg.?",Role-Specific Skills
"From your experience, What best practices do you follow for building reusable design system components in Svelte?",Role-Specific Skills
What are the key trade-offs between Apache Kafka and Kubernetes long-running deployments when working on microservice communication?,Role-Specific Skills
How do you explain why refactoring technical debt prevents system crashes to client account managers?,Communication
"From an architectural standpoint, in DevOps & Cloud SRE, how do you implement contract testing between microservices with Pact to ensure high performance?",Role-Specific Skills
"Tell me about a time you used profiling tools (e.g., Flamegraphs, pprof, VisualVM) to resolve a massive latency spike.?",Problem Solving
How would you design a system that handles millions of concurrent WebSocket connections using read-write replicas?,Technical Knowledge
"In an enterprise environment, Describe how you supported a mid-level engineer aiming for senior promotion in transitioning to higher-impact architectural responsibilities.?",Leadership
"In your previous projects, What are the key trade-offs between Cypress and Playwright when working on end-to-end regression validation?",Role-Specific Skills
"In DevOps & Cloud SRE, how do you implement zero-trust identity-aware network segmentation to ensure high performance?",Role-Specific Skills
"From your experience, Describe a time when you mentored a junior software engineer who was struggling with code quality and test design.?",Leadership
"During a technical review, Describe a situation where a third-party dependency failed unexpectedly in production. How did you resolve the outage?",Problem Solving
Can you explain: Describe how you supported a intern with minimal real-world experience in transitioning to higher-impact architectural responsibilities.?,Leadership
"In your previous projects, How do you handle a situation where two senior engineers on your team strongly disagree on enforcing strict functional programming paradigms?",Leadership
"From an architectural standpoint, Walk me through how you would isolate an issue when the HTTP request error rate spikes to 25% happens right after a major framework upgrade.?",Problem Solving
"In your previous projects, How do you explain why refactoring technical debt prevents system crashes to client account managers?",Communication
What is the difference between synchronous and asynchronous processing in WAL (write-ahead log)?,Technical Knowledge
"Hypothetically, How would you troubleshoot sudden memory exhaustion caused by an unindexed query locking the primary production database?",Problem Solving
Could you walk me through: What strategies do you use for hardening Linux kernel parameters against DDoS in QA Automation?,Role-Specific Skills
Could you walk me through: How do you motivate a cross-functional squad to align on strict test-driven development (TDD) without causing delivery friction?,Leadership
"From an architectural standpoint, What strategies do you use for active listening when a colleague expresses frustration with your proposal?",Communication
"As a senior engineer, Describe how you present technical trade-offs to customer support specialists when choosing between a managed cloud proprietary service and a resilient scalable architecture with higher initial development cost.?",Communication
"Hypothetically, Describe how you supported a mid-level engineer aiming for senior promotion in transitioning to higher-impact architectural responsibilities.?",Leadership
"In Data Engineering, how do you implement automated canary rollouts with ArgoCD to ensure high performance?",Role-Specific Skills
Could you walk me through: Walk me through how you would isolate an issue when database replication lag surges past 30 minutes happens right after a major framework upgrade.?,Problem Solving
"In your previous projects, How do you troubleshoot high CPU utilization and thread starvation when memory metrics appear completely normal?",Problem Solving
"Hypothetically, Describe a time when you mentored a career switcher unfamiliar with production pipelines who was struggling with code quality and test design.?",Leadership
How do you identify whether a performance slowdown is caused by thread lock contention on shared resource caches or downstream third-party rate limits?,Problem Solving
Can you explain: Tell me about a time you had to deliver bad news regarding project delays to the enterprise customer success director.?,Communication
"In an enterprise environment, Describe the configuration of Kubernetes Horizontal Pod Autoscalers (HPA) based on custom Prometheus metrics.?",Role-Specific Skills
"During a technical review, Describe how you supported a career switcher unfamiliar with production pipelines in transitioning to higher-impact architectural responsibilities.?",Leadership
Can you explain: How do you determine the root cause of network packet loss and TCP retransmission timeouts between microservices?,Problem Solving
"Hypothetically, Tell me about a time you had to deliver difficult feedback about confidence in contributing to architectural design reviews while maintaining trust.?",Leadership
"During a technical review, What are the internal mechanics of GIL (Global Interpreter Lock) in Rust?",Technical Knowledge
"In an enterprise environment, How would you troubleshoot sudden memory exhaustion caused by a sudden disk I/O saturation freezing asynchronous write operations?",Problem Solving
How do you drive consensus on adopting mandatory peer code reviews and static security scanning when there is substantial resistance from legacy developers?,Leadership
Describe a time when you had to convince the VP of Product to prioritize pausing new feature rollouts to fix critical security vulnerabilities.?,Communication
"Hypothetically, Describe a time when you mentored a junior software engineer who was struggling with time management and estimation accuracy.?",Leadership
"As a senior engineer, How do you handle a situation where two senior engineers on your team strongly disagree on introducing GraphQL over RESTful API architecture?",Leadership
"In an enterprise environment, What are the best practices for implementing read-write replicas in a high-scale service?",Technical Knowledge
"During a technical review, How would you troubleshoot sudden memory exhaustion caused by an exponential spike in 504 Gateway Timeouts?",Problem Solving
Explain the CAP theorem and how event-driven architecture chooses between consistency and availability.?,Technical Knowledge
"From your experience, Describe a time when you mentored a junior software engineer who was struggling with handling ambiguous technical specifications.?",Leadership
"Hypothetically, How do you motivate a cross-functional squad to align on mandatory peer code reviews and static security scanning without causing delivery friction?",Leadership
"As a senior engineer, How do you approach troubleshooting an intermittent issue that triggers only after a service has been running continuously for several days?",Problem Solving
Can you explain: How do you explain the difference between latency and throughput bottlenecks to client account managers?,Communication
"From your experience, How do you approach troubleshooting an intermittent issue that occurs only during automated batch database backups?",Problem Solving
"From your experience, Tell me about a situation where an automated rollback failed and you had to resolve a connection pool exhaustion during a flash sale manually.?",Problem Solving
"From your experience, in DevOps & Cloud SRE, how do you implement automated canary rollouts with ArgoCD to ensure high performance?",Role-Specific Skills
Can you explain: How do you approach troubleshooting an intermittent issue that disappears immediately whenever verbose debug logging is enabled?,Problem Solving
"In an enterprise environment, in DevOps & Cloud SRE, how do you implement contract testing between microservices with Pact to ensure high performance?",Role-Specific Skills
Tell me about a time when you diagnosed and fixed an avalanche of unhandled exceptions crashing microservice pods in production.?,Problem Solving
"As a senior engineer, What are the key trade-offs between Cypress and Kubernetes Pods when working on microservice communication?",Role-Specific Skills
"As a senior engineer, How do you deliver constructive, critical code review feedback without offending a strict QA lead?",Communication
"In your previous projects, Describe how you supported a mid-level engineer aiming for senior promotion in transitioning to higher-impact architectural responsibilities.?",Leadership
"During a technical review, How do you approach troubleshooting an intermittent issue that fails unpredictably once every several thousand requests?",Problem Solving
"From your experience, Tell me about a time you had to deliver bad news regarding project delays to the Chief Operating Officer.?",Communication
"During a technical review, What are the internal mechanics of GIL (Global Interpreter Lock) in C#?",Technical Knowledge
Explain the CAP theorem and how database sharding chooses between consistency and availability.?,Technical Knowledge
Explain the CAP theorem and how CQRS pattern chooses between consistency and availability.?,Technical Knowledge
"During a technical review, Describe how you supported a mid-level engineer aiming for senior promotion in transitioning to higher-impact architectural responsibilities.?",Leadership
"Hypothetically, Explain how you manage state and avoid unnecessary re-renders in Vue 3 applications.?",Role-Specific Skills
Can you explain: How do you drive consensus on adopting adopting asynchronous event-driven architectures when there is substantial resistance from legacy developers?,Leadership
"From your experience, Can you explain the trade-offs of using consistent hashing in production?",Technical Knowledge
"As a senior engineer, Describe how you present technical trade-offs to non-technical business executives when choosing between faster time-to-market with accumulated tech debt and an open-source self-hosted cluster.?",Communication
"From an architectural standpoint, How do you facilitate discussions between teams that have conflicting technical priorities or API requirements?",Communication
"In your previous projects, How do you determine the root cause of network packet loss and TCP retransmission timeouts between microservices?",Problem Solving
Describe a time when you mentored a junior software engineer who was struggling with proactive communication during blockers.?,Leadership
What is the time and space complexity of Topological Sort for DAG dependencies and how can it be optimized?,Technical Knowledge
"In an enterprise environment, How do you establish engineering standards, code quality benchmarks, and automated testing rigor across a team?",Leadership
Could you walk me through: How do you debug an application that runs perfectly in local staging but fails intermittently in Kubernetes production?,Problem Solving
"In an enterprise environment, How do you handle a situation where two senior engineers on your team strongly disagree on authorizing third-party cloud vendor lock-in?",Leadership
How do you communicate a critical production outage to the enterprise customer success director during active incident response?,Communication
"In an enterprise environment, in QA Automation, how do you implement virtualized list rendering for 100k items to ensure high performance?",Role-Specific Skills
"As a senior engineer, Describe a time when you had to convince the enterprise customer success director to prioritize pausing new feature rollouts to fix critical security vulnerabilities.?",Communication
"In an enterprise environment, Tell me about a time you had to deliver difficult feedback about time management and estimation accuracy while maintaining trust.?",Leadership
Describe a time when you had to convince the enterprise customer success director to prioritize migrating legacy monolithic databases to microservices.?,Communication
"In your previous projects, What are the internal mechanics of goroutines vs OS threads in Python?",Technical Knowledge
Could you walk me through: Walk me through how you would isolate an issue when worker nodes abruptly crash without emitting a stack trace happens right after a major framework upgrade.?,Problem Solving
Can you explain: How do you handle situations where a the VP of Product demands a delivery deadline you believe is unrealistic?,Communication
Can you explain: How do you implement OAuth2 Authorization Code Flow with PKCE in a Single Page Application (SPA)?,Role-Specific Skills
"In an enterprise environment, Can you explain the difference between stateful services and eventual consistency in software engineering?",Technical Knowledge
"Hypothetically, Walk me through your step-by-step debugging process when clients receive partial and corrupted payload responses occurs on a mission-critical service.?",Problem Solving
"As a senior engineer, Walk me through how you would isolate an issue when the HTTP request error rate spikes to 25% happens right after a major framework upgrade.?",Problem Solving
"In an enterprise environment, Tell me about a situation where an automated rollback failed and you had to resolve a critical memory leak causing cascading OOM kills manually.?",Problem Solving
"From your experience, Describe how you present technical trade-offs to sales and marketing stakeholders when choosing between faster time-to-market with accumulated tech debt and purchasing an off-the-shelf third-party integration.?",Communication
"Could you walk me through: How do you profile and eliminate bundle bloat, tree-shaking failures, and excessive CSS in modern web applications?",Role-Specific Skills
"From an architectural standpoint, What are the key trade-offs between React Server Components and Kubernetes long-running deployments when working on end-to-end regression validation?",Role-Specific Skills
"From your experience, Describe a time when you mentored a career switcher unfamiliar with production pipelines who was struggling with writing thorough documentation and unit tests.?",Leadership
What are the key trade-offs between AWS Lambda serverless and Playwright when working on real-time clickstream processing?,Role-Specific Skills
Can you explain: Tell me about a time you had to deliver difficult feedback about handling ambiguous technical specifications while maintaining trust.?,Leadership
"During a technical review, Describe how you supported a junior software engineer in transitioning to higher-impact architectural responsibilities.?",Leadership
"In your previous projects, Tell me about a time you successfully persuaded a skeptical teammate to adopt a new testing methodology.?",Communication
"From your experience, How do you identify whether a performance slowdown is caused by thread lock contention on shared resource caches or TCP socket file descriptor leaks?",Problem Solving
"From an architectural standpoint, How do you handle a situation where two senior engineers on your team strongly disagree on choosing between Go and Rust for a new microservice?",Leadership
"Hypothetically, How do you balance technical vision with day-to-day tactical execution as a team lead?",Leadership
Describe a challenging post-incident review where the root cause was traced back to CPU throttling by Kubernetes CFS quota rather than downstream third-party rate limits.?,Problem Solving
Can you explain: How do you communicate a critical production outage to the VP of Product during active incident response?,Communication
"During a technical review, How do you balance delegating important tasks to junior developers while maintaining high delivery quality?",Leadership
"In your previous projects, Describe a time when you had to convince a non-technical client sponsor to prioritize pausing new feature rollouts to fix critical security vulnerabilities.?",Communication
"From your experience, What is the difference between symmetric encryption and HTTP/3?",Technical Knowledge
"As a senior engineer, Explain how JWT token signing and refresh rotation protects against common vulnerabilities in modern web applications.?",Technical Knowledge
"During a technical review, How do you motivate a cross-functional squad to align on implementing observability and distributed tracing standards without causing delivery friction?",Leadership
Tell me about a situation where an automated rollback failed and you had to resolve a critical memory leak causing cascading OOM kills manually.?,Problem Solving
How do you handle situations where a the enterprise customer success director demands a delivery deadline you believe is unrealistic?,Communication
"Could you walk me through: How do you ensure accessibility, cross-browser compatibility, and WCAG compliance in enterprise dashboard portals?",Role-Specific Skills
"In an enterprise environment, How do you identify whether a performance slowdown is caused by DNS query resolution latency or microservice circuit breaker tripping prematurely?",Problem Solving
Can you explain: Describe a time when you had to convince an impatient product owner to prioritize allocating 30% of sprint capacity to test automation.?,Communication
"As a senior engineer, Tell me about a time you stepped up to resolve an organizational deadlock involving enforcing 90% code coverage requirements on pull requests.?",Leadership
"In an enterprise environment, What happens from a networking perspective when a TLS 1.3 handshake is established occurs?",Technical Knowledge
"In your previous projects, How do you handle situations where a an impatient product owner demands a delivery deadline you believe is unrealistic?",Communication
"Explain how memory-mapped files impacts latency, throughput, and fault tolerance.?",Technical Knowledge
"From an architectural standpoint, How do indexes in DynamoDB improve query performance and what are the overhead costs?",Technical Knowledge
"How do you write reliable, maintainable end-to-end integration tests using Playwright without creating flaky tests?",Role-Specific Skills
"Hypothetically, How do you identify whether a performance slowdown is caused by thread lock contention on shared resource caches or underlying cloud network packet loss?",Problem Solving
Tell me about a situation where an automated rollback failed and you had to resolve an avalanche of unhandled exceptions crashing microservice pods manually.?,Problem Solving
"From your experience, Tell me about a time you used profiling tools (e.g., Flamegraphs, pprof, VisualVM) to resolve a massive latency spike.?",Problem Solving
"As a senior engineer, How do you architect an Apache Spark streaming job to handle out-of-order event timestamps and late data arriving?",Role-Specific Skills
Could you walk me through: How do you handle disagreements during an architectural design meeting when consensus cannot be reached?,Communication
Describe a challenging post-incident review where the root cause was traced back to garbage collection pause times rather than TCP socket file descriptor leaks.?,Problem Solving
"During a technical review, Describe a time when you had to make a high-stakes engineering trade-off under intense time pressure.?",Problem Solving
How does garbage collection work in Java and how can you minimize stop-the-world pauses?,Technical Knowledge
"From your experience, How do you articulate complex system constraints during cross-functional sprint planning sessions?",Communication
What is the difference between B-tree index and microservices?,Technical Knowledge
Could you walk me through: Describe a time when you mentored a mid-level engineer aiming for senior promotion who was struggling with confidence in contributing to architectural design reviews.?,Leadership
Could you walk me through: Tell me about a time you stepped up to resolve an organizational deadlock involving decoupling legacy monolithic database schemas.?,Leadership
"During a technical review, Describe a challenging post-incident review where the root cause was traced back to garbage collection pause times rather than TCP socket file descriptor leaks.?",Problem Solving
Describe a challenging post-incident review where the root cause was traced back to database connection pooling saturation rather than microservice circuit breaker tripping prematurely.?,Problem Solving
"As a senior engineer, How do you balance delegating important tasks to junior developers while maintaining high delivery quality?",Leadership
"From your experience, What strategies do you use for optimizing Core Web Vitals (LCP, INP, CLS) in Cybersecurity Engineering?",Role-Specific Skills
What are the internal mechanics of goroutines vs OS threads in Rust?,Technical Knowledge
What are the key trade-offs between React Server Components and Apache Flink when working on cloud container orchestration?,Role-Specific Skills
"Can you explain: in Frontend Engineering, how do you implement zero-trust identity-aware network segmentation to ensure high performance?",Role-Specific Skills
"During a technical review, How do you motivate a cross-functional squad to align on automated CI/CD trunk-based development without causing delivery friction?",Leadership
"In an enterprise environment, How do you communicate a critical production outage to a non-technical client sponsor during active incident response?",Communication
What strategies do you use for hardening Linux kernel parameters against DDoS in Data Engineering?,Role-Specific Skills
How do you balance technical vision with day-to-day tactical execution as a team lead?,Leadership
Can you explain: How do you identify whether a performance slowdown is caused by database connection pooling saturation or underlying cloud network packet loss?,Problem Solving
Tell me about a time you investigated a critical security breach or SQL injection attempt. How did you contain the blast radius?,Problem Solving
"From an architectural standpoint, Walk me through how you would isolate an issue when worker nodes abruptly crash without emitting a stack trace happens right after a major framework upgrade.?",Problem Solving
Could you walk me through: Describe a time when you mentored a talented engineer struggling with imposter syndrome who was struggling with time management and estimation accuracy.?,Leadership
"From an architectural standpoint, How do you identify whether a performance slowdown is caused by CPU throttling by Kubernetes CFS quota or unoptimized disk I/O swapping?",Problem Solving
Could you walk me through: Explain the CAP theorem and how connection pooling chooses between consistency and availability.?,Technical Knowledge
Explain the CAP theorem and how memory-mapped files chooses between consistency and availability.?,Technical Knowledge
"As a senior engineer, How do you configure and optimize Prometheus and Grafana dashboards for enterprise production workloads?",Role-Specific Skills
Can you explain: How do you design an idempotent API endpoint for user order placement checkout?,Technical Knowledge
"In an enterprise environment, How do you tailor your communication style when speaking with junior engineers versus C-level executives?",Communication
"From an architectural standpoint, Explain the principles of Service Mesh and when you would avoid it.?",Technical Knowledge
"As a senior engineer, What happens from a networking perspective when a DNS recursive resolution query is executed occurs?",Technical Knowledge
"In your previous projects, Explain how you design a data lakehouse architecture using Delta Lake or Apache Iceberg.?",Role-Specific Skills
"From your experience, Tell me about a situation where an automated rollback failed and you had to resolve a silent queue backlog causing millions of dropped events manually.?",Problem Solving
"Can you explain: How do you deliver constructive, critical code review feedback without offending a peer software engineer with strong opinions?",Communication
"As a senior engineer, Tell me about a difficult conversation you had with a legacy system maintainer and how you reached mutual agreement.?",Communication
"Hypothetically, What is the time and space complexity of Binary Search on a rotated sorted array and how can it be optimized?",Technical Knowledge
Can you explain: Tell me about a time when you diagnosed and fixed an unexpected thread deadlock freezing background queue workers in production.?,Problem Solving
Describe an incident where a faulty deployment caused widespread 500 server errors. What was your immediate mitigation?,Problem Solving
"From an architectural standpoint, What is the difference between symmetric encryption and Hash index?",Technical Knowledge
Describe a challenging post-incident review where the root cause was traced back to garbage collection pause times rather than application thread lock contention.?,Problem Solving
"In your previous projects, Walk me through your step-by-step debugging process when the HTTP request error rate spikes to 25% occurs on a mission-critical service.?",Problem Solving
"During a technical review, in DevOps & Cloud SRE, how do you implement automated canary rollouts with ArgoCD to ensure high performance?",Role-Specific Skills
"Hypothetically, How do you run effective 1-on-1 meetings that support the long-term career growth of your direct reports?",Leadership
"From an architectural standpoint, Describe how you supported a junior software engineer in transitioning to higher-impact architectural responsibilities.?",Leadership
Describe how you present technical trade-offs to sales and marketing stakeholders when choosing between building a customized in-house solution and an open-source self-hosted cluster.?,Communication
"In your previous projects, Tell me about a time you used profiling tools (e.g., Flamegraphs, pprof, VisualVM) to resolve a massive latency spike.?",Problem Solving
How do you approach troubleshooting an intermittent issue that fails unpredictably once every several thousand requests?,Problem Solving
"In your previous projects, How do you identify whether a performance slowdown is caused by CPU throttling by Kubernetes CFS quota or underlying cloud network packet loss?",Problem Solving
"Could you walk me through: in Frontend Engineering, how do you implement zero-trust identity-aware network segmentation to ensure high performance?",Role-Specific Skills
"From your experience, How do you approach troubleshooting an intermittent issue that happens exclusively on mobile clients with unstable network connections?",Problem Solving
"During a technical review, What are the key trade-offs between Docker Compose and Kubernetes Pods when working on frontend state synchronization?",Role-Specific Skills
Can you explain: How do you investigate intermittent latency regressions when underlying cloud network packet loss is suspected?,Problem Solving
Could you walk me through: How do you keep team morale and velocity high during intense crunch periods or corporate restructuring?,Leadership
Can you explain the difference between object-oriented programming and imperative programming in software engineering?,Technical Knowledge
What is the difference between symmetric encryption and RabbitMQ?,Technical Knowledge
Describe a time when you had to convince an impatient product owner to prioritize migrating legacy monolithic databases to microservices.?,Communication
"Hypothetically, Can you explain the trade-offs of using rate limiting in production?",Technical Knowledge
"In your previous projects, Tell me about a situation where an automated rollback failed and you had to resolve a runaway recursive background job consuming all available CPU manually.?",Problem Solving
"In an enterprise environment, What is the difference between TCP and HTTP/3?",Technical Knowledge
"From an architectural standpoint, in DevOps & Cloud SRE, how do you implement zero-trust identity-aware network segmentation to ensure high performance?",Role-Specific Skills
Could you walk me through: Tell me about a situation where an automated rollback failed and you had to resolve a silent queue backlog causing millions of dropped events manually.?,Problem Solving
Could you walk me through: How do you implement OAuth2 Authorization Code Flow with PKCE in a Single Page Application (SPA)?,Role-Specific Skills
"Hypothetically, How do you configure and optimize Prometheus and Grafana dashboards for enterprise production workloads?",Role-Specific Skills
Can you explain: Describe a situation where a third-party dependency failed unexpectedly in production. How did you resolve the outage?,Problem Solving
"Hypothetically, Explain the principles of Hexagonal Architecture and when you would avoid it.?",Technical Knowledge
"From your experience, How do you handle data consistency and isolation levels in Cassandra?",Technical Knowledge
"Hypothetically, Describe a challenging post-incident review where the root cause was traced back to unbounded in-memory queue buffering rather than TCP socket file descriptor leaks.?",Problem Solving
"From an architectural standpoint, How do you explain why distributed consensus algorithms cannot guarantee zero latency to client account managers?",Communication
"In your previous projects, Describe a scenario where you negotiated the scope of a feature release with the VP of Product.?",Communication
How would you design a system that handles real-time analytics over petabytes of data using distributed transactions (2PC)?,Technical Knowledge
"During a technical review, How do you troubleshoot high CPU utilization and thread starvation when memory metrics appear completely normal?",Problem Solving
"From an architectural standpoint, in DevOps & Cloud SRE, how do you implement automated canary rollouts with ArgoCD to ensure high performance?",Role-Specific Skills
Could you walk me through: Tell me about a time you investigated a critical security breach or SQL injection attempt. How did you contain the blast radius?,Problem Solving
"From your experience, Describe a time when you mentored a intern with minimal real-world experience who was struggling with time management and estimation accuracy.?",Leadership
"As a senior engineer, in QA Automation, how do you implement automated canary rollouts with ArgoCD to ensure high performance?",Role-Specific Skills
"Hypothetically, Tell me about a time you stepped up to resolve an organizational deadlock involving migrating to microservices versus modular monolith.?",Leadership
"In your previous projects, Describe a scenario where you negotiated the scope of a feature release with the Chief Operating Officer.?",Communication
"In your previous projects, Describe how you present technical trade-offs to product managers without coding background when choosing between building a customized in-house solution and purchasing an off-the-shelf third-party integration.?",Communication
"Hypothetically, How do you communicate a critical production outage to a non-technical client sponsor during active incident response?",Communication
What are the key trade-offs between Apache Kafka and Kubernetes Pods when working on end-to-end regression validation?,Role-Specific Skills
"From your experience, Explain how OAuth2 with PKCE protects against common vulnerabilities in modern web applications.?",Technical Knowledge
"During a technical review, Tell me about a time you stepped up to resolve an organizational deadlock involving introducing GraphQL over RESTful API architecture.?",Leadership
What are the internal mechanics of GIL (Global Interpreter Lock) in C++?,Technical Knowledge
What are the key trade-offs between React Server Components and Kubernetes long-running deployments when working on frontend state synchronization?,Role-Specific Skills
"As a senior engineer, Can you share an experience where miscommunication led to a bug or delay, and how you corrected it?",Communication
How do you approach troubleshooting an intermittent issue that disappears immediately whenever verbose debug logging is enabled?,Problem Solving
How do you explain why distributed consensus algorithms cannot guarantee zero latency to customer support specialists?,Communication
What is the difference between monolithic architecture and HTTP/3?,Technical Knowledge
"In an enterprise environment, Can you share an example of a time when your initial hypothesis about a severe bug turned out to be wrong?",Problem Solving
"As a senior engineer, Tell me about a time you stepped up to resolve an organizational deadlock involving introducing GraphQL over RESTful API architecture.?",Leadership
"From an architectural standpoint, Describe a time when you mentored a mid-level engineer aiming for senior promotion who was struggling with handling ambiguous technical specifications.?",Leadership
What strategies do you use for mocking flaky third-party payment endpoints in DevOps & Cloud SRE?,Role-Specific Skills
What are the key trade-offs between Cypress and Playwright when working on end-to-end regression validation?,Role-Specific Skills
"In your previous projects, in QA Automation, how do you implement idempotent ELT data pipelines in Snowflake to ensure high performance?",Role-Specific Skills
"From your experience, Tell me about a time when you diagnosed and fixed an avalanche of unhandled exceptions crashing microservice pods in production.?",Problem Solving
"From an architectural standpoint, Describe a time when you had to manage an underperforming team member. How did you handle the situation empathetically?",Leadership
"In your previous projects, How do you approach troubleshooting an intermittent issue that triggers only after a service has been running continuously for several days?",Problem Solving
"Hypothetically, Tell me about a situation where an automated rollback failed and you had to resolve a connection pool exhaustion during a flash sale manually.?",Problem Solving
"From your experience, in Data Engineering, how do you implement virtualized list rendering for 100k items to ensure high performance?",Role-Specific Skills
"As a senior engineer, Tell me about a time you had to deliver difficult feedback about time management and estimation accuracy while maintaining trust.?",Leadership
"From your experience, Describe a challenging post-incident review where the root cause was traced back to unbounded in-memory queue buffering rather than downstream third-party rate limits.?",Problem Solving
"From your experience, Describe a situation where a third-party dependency failed unexpectedly in production. How did you resolve the outage?",Problem Solving
"In your previous projects, How would you troubleshoot sudden memory exhaustion caused by a connection pool exhaustion during a flash sale?",Problem Solving
"From an architectural standpoint, How do you run effective 1-on-1 meetings that support the long-term career growth of your direct reports?",Leadership
Tell me about a difficult conversation you had with a legacy system maintainer and how you reached mutual agreement.?,Communication
"As a senior engineer, Describe a time when you had to convince the VP of Product to prioritize allocating 30% of sprint capacity to test automation.?",Communication
"From an architectural standpoint, Describe a time when you had to convince the Chief Operating Officer to prioritize allocating 30% of sprint capacity to test automation.?",Communication
Could you walk me through: How do you configure and optimize Kubernetes ingress controllers for enterprise production workloads?,Role-Specific Skills
"Hypothetically, Describe a time when you mentored a junior software engineer who was struggling with confidence in contributing to architectural design reviews.?",Leadership
"Hypothetically, Describe the configuration of Kubernetes Horizontal Pod Autoscalers (HPA) based on custom Prometheus metrics.?",Role-Specific Skills
Could you walk me through: How do you recognize and develop emerging leadership qualities in engineers on your team?,Leadership
How does read-write replicas work under the hood in modern distributed systems?,Technical Knowledge
Could you walk me through: How would you troubleshoot sudden memory exhaustion caused by a silent queue backlog causing millions of dropped events?,Problem Solving
Could you walk me through: Describe a time when you had to convince an impatient product owner to prioritize migrating legacy monolithic databases to microservices.?,Communication
"As a senior engineer, in Data Engineering, how do you implement zero-trust identity-aware network segmentation to ensure high performance?",Role-Specific Skills
"In your previous projects, How do you deliver constructive, critical code review feedback without offending a cross-functional product manager?",Communication
"In an enterprise environment, Walk me through your step-by-step debugging process when the API response time degrades from 50ms to 12 seconds occurs on a mission-critical service.?",Problem Solving
How do you identify whether a performance slowdown is caused by DNS query resolution latency or application thread lock contention?,Problem Solving
"During a technical review, Walk me through how you would isolate an issue when Kafka consumer lag continuously grows without consumer rebalancing happens right after a major framework upgrade.?",Problem Solving
"In your previous projects, Describe a time when you mentored a talented engineer struggling with imposter syndrome who was struggling with confidence in contributing to architectural design reviews.?",Leadership
Could you walk me through: Describe a time when you had to convince the enterprise customer success director to prioritize pausing new feature rollouts to fix critical security vulnerabilities.?,Communication
"In your previous projects, Describe how you present technical trade-offs to customer support specialists when choosing between building a customized in-house solution and an open-source self-hosted cluster.?",Communication
"As a senior engineer, Can you explain the difference between declarative programming and imperative programming in software engineering?",Technical Knowledge
Could you walk me through: Tell me about a time you had to deliver bad news regarding project delays to the enterprise customer success director.?,Communication
Can you explain: How do you motivate a cross-functional squad to align on implementing observability and distributed tracing standards without causing delivery friction?,Leadership
"In your previous projects, How do you resolve shared memory mutation without mutexes in multithreaded applications?",Technical Knowledge
"In your previous projects, Explain how you manage state and avoid unnecessary re-renders in Vue 3 applications.?",Role-Specific Skills
"From your experience, What methodology do you apply when decomposing a messy, undocumented legacy system bug?",Problem Solving
"How would you design a system that handles 100,000 requests per second using WAL (write-ahead log)?",Technical Knowledge
"From an architectural standpoint, How do you handle a situation where two senior engineers on your team strongly disagree on enforcing 90% code coverage requirements on pull requests?",Leadership
What are the key trade-offs between React Server Components and Kubernetes Pods when working on real-time clickstream processing?,Role-Specific Skills
What strategies do you use for partition pruning and shuffling optimization in Cybersecurity Engineering?,Role-Specific Skills
Tell me about a difficult conversation you had with a strict QA lead and how you reached mutual agreement.?,Communication
Describe a time when you mentored a newly hired backend developer adjusting to company codebase who was struggling with code quality and test design.?,Leadership
"Could you walk me through: in Frontend Engineering, how do you implement contract testing between microservices with Pact to ensure high performance?",Role-Specific Skills
Explain how you manage state and avoid unnecessary re-renders in Vue 3 applications.?,Role-Specific Skills
"In an enterprise environment, Tell me about a time when you diagnosed and fixed a sudden disk I/O saturation freezing asynchronous write operations in production.?",Problem Solving
"As a senior engineer, Describe a scenario where you had to lead a project with ambiguous requirements and tight organizational deadlines.?",Leadership
"From your experience, Describe how you present technical trade-offs to product managers without coding background when choosing between a managed cloud proprietary service and purchasing an off-the-shelf third-party integration.?",Communication
"Hypothetically, How do you explain database sharding and eventual consistency to non-technical business executives?",Communication
"From an architectural standpoint, Describe the configuration of Kubernetes Horizontal Pod Autoscalers (HPA) based on custom Prometheus metrics.?",Role-Specific Skills
"How does Memcached handle cache invalidation, cache stampede, and eviction policies?",Technical Knowledge
"During a technical review, How do you explain why refactoring technical debt prevents system crashes to product managers without coding background?",Communication
What are the internal mechanics of reflection and dynamic type inspection in C#?,Technical Knowledge
"Hypothetically, How do you navigate team member promotions, performance evaluations, and compensation reviews fairly?",Leadership
"In an enterprise environment, How does Redis handle cache invalidation, cache stampede, and eviction policies?",Technical Knowledge
"From an architectural standpoint, Tell me about a time you championed a cultural change or diversity initiative within your engineering department.?",Leadership
What are the key trade-offs between Cypress and Playwright when working on frontend state synchronization?,Role-Specific Skills
"During a technical review, How do you configure and optimize Kubernetes ingress controllers for enterprise production workloads?",Role-Specific Skills
"Hypothetically, How do you approach troubleshooting an intermittent issue that occurs only during automated batch database backups?",Problem Solving
"From an architectural standpoint, How do you manage database migrations safely with zero-downtime using tools like Flyway or Liquibase in Cybersecurity Engineering?",Role-Specific Skills
"In your previous projects, Tell me about a time when a critical project you were leading was failing. How did you turn it around?",Leadership
"During a technical review, What are the internal mechanics of memory allocation and heap management in Rust?",Technical Knowledge
"From your experience, Explain the principles of Micro-frontends and when you would avoid it.?",Technical Knowledge
"As a senior engineer, Describe a challenging post-incident review where the root cause was traced back to DNS query resolution latency rather than underlying cloud network packet loss.?",Problem Solving
"Hypothetically, Describe a challenging post-incident review where the root cause was traced back to unbounded in-memory queue buffering rather than application thread lock contention.?",Problem Solving
"In an enterprise environment, What strategies do you use for hardening Linux kernel parameters against DDoS in DevOps & Cloud SRE?",Role-Specific Skills
"From your experience, How do you approach troubleshooting an intermittent issue that triggers only after a service has been running continuously for several days?",Problem Solving
"As a senior engineer, in Cybersecurity Engineering, how do you implement idempotent ELT data pipelines in Snowflake to ensure high performance?",Role-Specific Skills
How does event-driven architecture work under the hood in modern distributed systems?,Technical Knowledge
"In an enterprise environment, Describe an incident where a faulty deployment caused widespread 500 server errors. What was your immediate mitigation?",Problem Solving
What are the internal mechanics of goroutines vs OS threads in Python?,Technical Knowledge
"Hypothetically, Describe a time when you mentored a intern with minimal real-world experience who was struggling with proactive communication during blockers.?",Leadership
"Hypothetically, What strategies do you use for optimizing Core Web Vitals (LCP, INP, CLS) in Cybersecurity Engineering?",Role-Specific Skills
"As a senior engineer, Tell me about a time you had to deliver bad news regarding project delays to an impatient product owner.?",Communication
Can you explain: How do you communicate a critical production outage to the Chief Operating Officer during active incident response?,Communication
"As a senior engineer, How do you recognize and develop emerging leadership qualities in engineers on your team?",Leadership
Could you walk me through: How do you motivate a cross-functional squad to align on adopting asynchronous event-driven architectures without causing delivery friction?,Leadership
Explain how CORS policy enforcement protects against common vulnerabilities in modern web applications.?,Technical Knowledge
"From your experience, How do you manage database migrations safely with zero-downtime using tools like Flyway or Liquibase in Data Engineering?",Role-Specific Skills
"In your previous projects, How do you motivate a cross-functional squad to align on moving to container orchestration and GitOps without causing delivery friction?",Leadership
What are the internal mechanics of GIL (Global Interpreter Lock) in Java?,Technical Knowledge
"In your previous projects, Describe how you present technical trade-offs to product managers without coding background when choosing between a managed cloud proprietary service and a resilient scalable architecture with higher initial development cost.?",Communication
Can you explain: How do you handle situations where a an impatient product owner demands a delivery deadline you believe is unrealistic?,Communication
"As a senior engineer, How do you configure and optimize HashiCorp Vault for secrets for enterprise production workloads?",Role-Specific Skills
"During a technical review, Describe a time when you mentored a mid-level engineer aiming for senior promotion who was struggling with code quality and test design.?",Leadership
"As a senior engineer, Tell me about a time you stepped up to resolve an organizational deadlock involving enforcing strict functional programming paradigms.?",Leadership
"From your experience, How do you manage database migrations safely with zero-downtime using tools like Flyway or Liquibase in QA Automation?",Role-Specific Skills
"How do you establish engineering standards, code quality benchmarks, and automated testing rigor across a team?",Leadership
Could you walk me through: How would you design a system that handles real-time analytics over petabytes of data using CQRS pattern?,Technical Knowledge
Could you walk me through: Tell me about a time you had to deliver difficult feedback about understanding distributed systems trade-offs while maintaining trust.?,Leadership
Could you walk me through: Describe a time when you had to convince the VP of Product to prioritize allocating 30% of sprint capacity to test automation.?,Communication
"During a technical review, Describe a time when you had to convince an impatient product owner to prioritize allocating 30% of sprint capacity to test automation.?",Communication
"From an architectural standpoint, Describe how you present technical trade-offs to non-technical business executives when choosing between a managed cloud proprietary service and an open-source self-hosted cluster.?",Communication
"From an architectural standpoint, Walk me through how you would isolate an issue when clients receive partial and corrupted payload responses happens right after a major framework upgrade.?",Problem Solving
"During a technical review, How do you drive consensus on adopting moving to container orchestration and GitOps when there is substantial resistance from legacy developers?",Leadership
"During a technical review, Tell me about a time when you diagnosed and fixed a sudden disk I/O saturation freezing asynchronous write operations in production.?",Problem Solving
"Hypothetically, Walk me through your step-by-step debugging process when worker nodes abruptly crash without emitting a stack trace occurs on a mission-critical service.?",Problem Solving
Could you walk me through: Tell me about a situation where an automated rollback failed and you had to resolve a critical memory leak causing cascading OOM kills manually.?,Problem Solving
"As a senior engineer, Can you explain the trade-offs of using read-write replicas in production?",Technical Knowledge
"As a senior engineer, Tell me about a time you had to deliver difficult feedback about confidence in contributing to architectural design reviews while maintaining trust.?",Leadership
"In your previous projects, Describe a challenging post-incident review where the root cause was traced back to database connection pooling saturation rather than TCP socket file descriptor leaks.?",Problem Solving
"As a senior engineer, What are the key trade-offs between React Server Components and Client-Side Hydration when working on frontend state synchronization?",Role-Specific Skills
"During a technical review, What is the time and space complexity of Trie prefix matching and how can it be optimized?",Technical Knowledge
"Can you explain: How do you ensure accessibility, cross-browser compatibility, and WCAG compliance in mobile-responsive web applications?",Role-Specific Skills
"In your previous projects, Describe a scenario where you negotiated the scope of a feature release with an impatient product owner.?",Communication
"In your previous projects, Describe a challenging post-incident review where the root cause was traced back to garbage collection pause times rather than microservice circuit breaker tripping prematurely.?",Problem Solving
"During a technical review, How do you recognize and develop emerging leadership qualities in engineers on your team?",Leadership
"From an architectural standpoint, Describe how you present technical trade-offs to non-technical business executives when choosing between building a customized in-house solution and purchasing an off-the-shelf third-party integration.?",Communication
How do you ensure requirements and technical architecture are clearly understood across a distributed team?,Communication
"In an enterprise environment, Describe how you manage Terraform state files, lock mechanisms, and module hierarchies in multi-environment setups.?",Role-Specific Skills
"In your previous projects, Describe a challenging post-incident review where the root cause was traced back to garbage collection pause times rather than downstream third-party rate limits.?",Problem Solving
Describe a scenario where you negotiated the scope of a feature release with the Chief Operating Officer.?,Communication
Describe a challenging post-incident review where the root cause was traced back to database connection pooling saturation rather than underlying cloud network packet loss.?,Problem Solving
"Can you explain: in QA Automation, how do you implement zero-trust identity-aware network segmentation to ensure high performance?",Role-Specific Skills
Can you explain: What best practices do you follow for building reusable design system components in React?,Role-Specific Skills
Could you walk me through: How do you configure and optimize Next.js SSR caching layers for enterprise production workloads?,Role-Specific Skills
Describe how you present technical trade-offs to client account managers when choosing between a managed cloud proprietary service and a resilient scalable architecture with higher initial development cost.?,Communication
"In your previous projects, How do you explain database sharding and eventual consistency to client account managers?",Communication
"In Frontend Engineering, how do you implement idempotent ELT data pipelines in Snowflake to ensure high performance?",Role-Specific Skills
Could you walk me through: How do you diagnose memory leaks in long-running containerized microservices without restarting the cluster?,Problem Solving
Tell me about a situation where an automated rollback failed and you had to resolve a Redis cluster split-brain event causing state inconsistency manually.?,Problem Solving
"Explain how rate limiting impacts latency, throughput, and fault tolerance.?",Technical Knowledge
How would you design a system that handles millions of concurrent WebSocket connections using WAL (write-ahead log)?,Technical Knowledge
"Hypothetically, How do you communicate a critical production outage to the Chief Operating Officer during active incident response?",Communication
"Hypothetically, How do you explain why upgrading outdated runtime versions is critical for security to non-technical business executives?",Communication
"In an enterprise environment, What are the key trade-offs between React Server Components and Kubernetes Pods when working on cloud container orchestration?",Role-Specific Skills
"During a technical review, Walk me through how you would isolate an issue when the HTTP request error rate spikes to 25% happens right after a major framework upgrade.?",Problem Solving
"From an architectural standpoint, Tell me about a time you noticed an engineer feeling burned out or disengaged. What actions did you take?",Leadership
"As a senior engineer, Tell me about a time you successfully onboarded multiple new engineers while maintaining ongoing sprint commitments.?",Leadership
"In your previous projects, How do you drive consensus on adopting strict test-driven development (TDD) when there is substantial resistance from legacy developers?",Leadership
Could you walk me through: How do you design an idempotent API endpoint for credit card billing payments?,Technical Knowledge
"In your previous projects, How do you approach troubleshooting an intermittent issue that only manifests across specific geographical cloud regions?",Problem Solving
"In an enterprise environment, Can you explain the difference between object-oriented programming and stateless microservices in software engineering?",Technical Knowledge
"Hypothetically, Describe a situation where executive management proposed an unreasonable technical mandate. How did you push back?",Leadership
"Hypothetically, Describe an incident where a faulty deployment caused widespread 500 server errors. What was your immediate mitigation?",Problem Solving
Describe a time when you mentored a intern with minimal real-world experience who was struggling with handling ambiguous technical specifications.?,Leadership
Could you walk me through: Describe a challenging post-incident review where the root cause was traced back to garbage collection pause times rather than downstream third-party rate limits.?,Problem Solving
"During a technical review, How do you ensure requirements and technical architecture are clearly understood across a distributed team?",Communication
"In an enterprise environment, in Frontend Engineering, how do you implement virtualized list rendering for 100k items to ensure high performance?",Role-Specific Skills
How does garbage collection work in C++ and how can you minimize stop-the-world pauses?,Technical Knowledge
"In your previous projects, What strategies do you use for partition pruning and shuffling optimization in Frontend Engineering?",Role-Specific Skills
"During a technical review, What best practices do you follow for building reusable design system components in React?",Role-Specific Skills
"In an enterprise environment, Describe how you prioritize technical debt against business feature roadmap requests at an organizational level.?",Leadership
"From your experience, How do you explain database sharding and eventual consistency to sales and marketing stakeholders?",Communication
"From an architectural standpoint, How do you investigate intermittent latency regressions when unoptimized disk I/O swapping is suspected?",Problem Solving
"From your experience, What are the key trade-offs between AWS Lambda serverless and Kubernetes long-running deployments when working on cloud container orchestration?",Role-Specific Skills
Could you walk me through: Tell me about a situation where an automated rollback failed and you had to resolve a Redis cluster split-brain event causing state inconsistency manually.?,Problem Solving
"From your experience, Tell me about a time you had to deliver difficult feedback about confidence in contributing to architectural design reviews while maintaining trust.?",Leadership
How would you design a system that handles geo-distributed user sessions with instant failover using memory-mapped files?,Technical Knowledge
"In an enterprise environment, How do you communicate a critical production outage to the VP of Product during active incident response?",Communication
"Hypothetically, Describe a challenging post-incident review where the root cause was traced back to garbage collection pause times rather than microservice circuit breaker tripping prematurely.?",Problem Solving
Can you explain: How do you communicate a critical production outage to an impatient product owner during active incident response?,Communication
Could you walk me through: How do you investigate intermittent latency regressions when microservice circuit breaker tripping prematurely is suspected?,Problem Solving
How would you troubleshoot sudden memory exhaustion caused by an exponential spike in 504 Gateway Timeouts?,Problem Solving
"In your previous projects, How do you handle data consistency and isolation levels in Redis?",Technical Knowledge
"Could you walk me through: Can you share an experience where miscommunication led to a bug or delay, and how you corrected it?",Communication
"From your experience, Walk me through how you would isolate an issue when Kafka consumer lag continuously grows without consumer rebalancing happens right after a major framework upgrade.?",Problem Solving
"During a technical review, How do you articulate complex system constraints during cross-functional sprint planning sessions?",Communication
How do you facilitate discussions between teams that have conflicting technical priorities or API requirements?,Communication
Could you walk me through: Describe a scenario where you had to lead a project with ambiguous requirements and tight organizational deadlines.?,Leadership
"From your experience, Describe a time when you had to convince the enterprise customer success director to prioritize migrating legacy monolithic databases to microservices.?",Communication
"From your experience, Describe a time when you had to convince the Chief Operating Officer to prioritize a comprehensive architectural refactor.?",Communication
"As a senior engineer, How would you design a system that handles geo-distributed user sessions with instant failover using message broker partitioning?",Technical Knowledge
"Hypothetically, Tell me about a time when you diagnosed and fixed a sudden disk I/O saturation freezing asynchronous write operations in production.?",Problem Solving
"As a senior engineer, Describe how you supported a career switcher unfamiliar with production pipelines in transitioning to higher-impact architectural responsibilities.?",Leadership
Could you walk me through: Describe a scenario where you negotiated the scope of a feature release with the VP of Product.?,Communication
"From your experience, Tell me about a time when you diagnosed and fixed a runaway recursive background job consuming all available CPU in production.?",Problem Solving
Can you explain: What are the best practices for implementing CQRS pattern in a high-scale service?,Technical Knowledge
"From an architectural standpoint, Tell me about a difficult conversation you had with a strict QA lead and how you reached mutual agreement.?",Communication
Explain the CAP theorem and how message broker partitioning chooses between consistency and availability.?,Technical Knowledge
"From an architectural standpoint, Tell me about a time you successfully persuaded a skeptical teammate to adopt a new testing methodology.?",Communication
"During a technical review, Tell me about a time you stepped up to resolve an organizational deadlock involving choosing between Go and Rust for a new microservice.?",Leadership
"Hypothetically, Describe a challenging post-incident review where the root cause was traced back to thread lock contention on shared resource caches rather than underlying cloud network packet loss.?",Problem Solving
Could you walk me through: Describe how you present technical trade-offs to non-technical business executives when choosing between a managed cloud proprietary service and a resilient scalable architecture with higher initial development cost.?,Communication
Could you walk me through: Tell me about a time you successfully onboarded multiple new engineers while maintaining ongoing sprint commitments.?,Leadership
"During a technical review, How do you handle situations where a an impatient product owner demands a delivery deadline you believe is unrealistic?",Communication
"As a senior engineer, How does Redis handle cache invalidation, cache stampede, and eviction policies?",Technical Knowledge
"During a technical review, How do indexes in MySQL InnoDB improve query performance and what are the overhead costs?",Technical Knowledge
Can you explain: Can you explain the trade-offs of using event-driven architecture in production?,Technical Knowledge
Can you explain: How do you handle situations where a the enterprise customer success director demands a delivery deadline you believe is unrealistic?,Communication
"During a technical review, How would you troubleshoot sudden memory exhaustion caused by a Redis cluster split-brain event causing state inconsistency?",Problem Solving
"During a technical review, Walk me through how you discovered and patched a silent data corruption bug in an asynchronous processing pipeline.?",Problem Solving
Could you walk me through: How do you handle a situation where two senior engineers on your team strongly disagree on migrating to microservices versus modular monolith?,Leadership
Can you explain: What are the internal mechanics of reflection and dynamic type inspection in C++?,Technical Knowledge
Could you walk me through: Can you explain the difference between strong consistency and functional programming in software engineering?,Technical Knowledge
Could you walk me through: Describe how you present technical trade-offs to client account managers when choosing between a managed cloud proprietary service and an open-source self-hosted cluster.?,Communication
"In an enterprise environment, How do you identify whether a performance slowdown is caused by DNS query resolution latency or TCP socket file descriptor leaks?",Problem Solving
"Hypothetically, Tell me about a time you noticed an engineer feeling burned out or disengaged. What actions did you take?",Leadership
"In your previous projects, How do you deliver constructive, critical code review feedback without offending a peer software engineer with strong opinions?",Communication
"As a senior engineer, How do you motivate a cross-functional squad to align on moving to container orchestration and GitOps without causing delivery friction?",Leadership
"Can you explain: How do you write reliable, maintainable end-to-end integration tests using Jest and React Testing Library without creating flaky tests?",Role-Specific Skills
"In an enterprise environment, Describe a time when you mentored a career switcher unfamiliar with production pipelines who was struggling with confidence in contributing to architectural design reviews.?",Leadership
"From your experience, How do you identify whether a performance slowdown is caused by CPU throttling by Kubernetes CFS quota or TCP socket file descriptor leaks?",Problem Solving
"From your experience, Tell me about a difficult conversation you had with an external vendor technical contact and how you reached mutual agreement.?",Communication
"In your previous projects, Describe how you supported a junior software engineer in transitioning to higher-impact architectural responsibilities.?",Leadership
"In your previous projects, in QA Automation, how do you implement virtualized list rendering for 100k items to ensure high performance?",Role-Specific Skills
What is the difference between HTTP/2 and asymmetric encryption?,Technical Knowledge
Could you walk me through: How do you design an idempotent API endpoint for webhook notifications delivery?,Technical Knowledge
"During a technical review, Describe a time when you mentored a talented engineer struggling with imposter syndrome who was struggling with handling ambiguous technical specifications.?",Leadership
Describe how you present technical trade-offs to sales and marketing stakeholders when choosing between building a customized in-house solution and a resilient scalable architecture with higher initial development cost.?,Communication
How do you resolve the ABA problem in lock-free data structures in multithreaded applications?,Technical Knowledge
"During a technical review, Describe a challenging post-incident review where the root cause was traced back to DNS query resolution latency rather than underlying cloud network packet loss.?",Problem Solving
Describe a time when you mentored a intern with minimal real-world experience who was struggling with confidence in contributing to architectural design reviews.?,Leadership
Describe a time when you mentored a junior software engineer who was struggling with time management and estimation accuracy.?,Leadership
How do you identify whether a performance slowdown is caused by DNS query resolution latency or downstream third-party rate limits?,Problem Solving
Can you explain: What is your philosophy on servant leadership versus top-down command in high-performing engineering teams?,Leadership
"Hypothetically, in Cybersecurity Engineering, how do you implement automated canary rollouts with ArgoCD to ensure high performance?",Role-Specific Skills
"During a technical review, Tell me about a time you had to deliver bad news regarding project delays to the enterprise customer success director.?",Communication
What are the internal mechanics of GIL (Global Interpreter Lock) in C#?,Technical Knowledge
"Hypothetically, How do you deliver constructive, critical code review feedback without offending a legacy system maintainer?",Communication
Could you walk me through: How do you approach troubleshooting an intermittent issue that happens exclusively on mobile clients with unstable network connections?,Problem Solving
"Hypothetically, What are the internal mechanics of goroutines vs OS threads in Java?",Technical Knowledge
"As a senior engineer, How do you determine the root cause of network packet loss and TCP retransmission timeouts between microservices?",Problem Solving
Could you walk me through: Describe how you present technical trade-offs to customer support specialists when choosing between building a customized in-house solution and an open-source self-hosted cluster.?,Communication
"As a senior engineer, How do you motivate a cross-functional squad to align on adopting asynchronous event-driven architectures without causing delivery friction?",Leadership
Describe how you present technical trade-offs to product managers without coding background when choosing between faster time-to-market with accumulated tech debt and an open-source self-hosted cluster.?,Communication
"From an architectural standpoint, How would you troubleshoot sudden memory exhaustion caused by a connection pool exhaustion during a flash sale?",Problem Solving
"As a senior engineer, How do you design a comprehensive regression testing matrix for a critical payment gateway service?",Role-Specific Skills
"Hypothetically, Describe how you supported a intern with minimal real-world experience in transitioning to higher-impact architectural responsibilities.?",Leadership
"In an enterprise environment, Can you explain the trade-offs of using memory-mapped files in production?",Technical Knowledge
Can you explain: Explain how you manage state and avoid unnecessary re-renders in Vue 3 applications.?,Role-Specific Skills
How would you design a system that handles millions of concurrent WebSocket connections using distributed transactions (2PC)?,Technical Knowledge
"From an architectural standpoint, How do you ensure accessibility, cross-browser compatibility, and WCAG compliance in mobile-responsive web applications?",Role-Specific Skills
Describe how you supported a talented engineer struggling with imposter syndrome in transitioning to higher-impact architectural responsibilities.?,Leadership
"In an enterprise environment, Can you explain the trade-offs of using database sharding in production?",Technical Knowledge
"Hypothetically, How do you recognize and develop emerging leadership qualities in engineers on your team?",Leadership
What are the key trade-offs between AWS Lambda serverless and Playwright when working on end-to-end regression validation?,Role-Specific Skills
Can you explain: How do you approach troubleshooting an intermittent issue that only manifests across specific geographical cloud regions?,Problem Solving
Can you explain: What best practices do you follow for building reusable design system components in Angular?,Role-Specific Skills
"As a senior engineer, Describe how you supported a junior software engineer in transitioning to higher-impact architectural responsibilities.?",Leadership
"From an architectural standpoint, How do you communicate the long-term cost of technical debt to executive leadership who only want new features?",Communication
"From an architectural standpoint, What are the key trade-offs between Cypress and Client-Side Hydration when working on end-to-end regression validation?",Role-Specific Skills
Can you explain: How does garbage collection work in C++ and how can you minimize stop-the-world pauses?,Technical Knowledge
"During a technical review, Describe how you prioritize technical debt against business feature roadmap requests at an organizational level.?",Leadership
Could you walk me through: Explain how you manage state and avoid unnecessary re-renders in Svelte applications.?,Role-Specific Skills
"In an enterprise environment, in Cybersecurity Engineering, how do you implement virtualized list rendering for 100k items to ensure high performance?",Role-Specific Skills
"As a senior engineer, Describe a scenario where you negotiated the scope of a feature release with an impatient product owner.?",Communication
How do you design an idempotent API endpoint for user order placement checkout?,Technical Knowledge
"In an enterprise environment, How do you motivate a cross-functional squad to align on mandatory peer code reviews and static security scanning without causing delivery friction?",Leadership
"In Cybersecurity Engineering, how do you implement automated canary rollouts with ArgoCD to ensure high performance?",Role-Specific Skills
Could you walk me through: Walk me through your step-by-step debugging process when Kafka consumer lag continuously grows without consumer rebalancing occurs on a mission-critical service.?,Problem Solving
"In an enterprise environment, Tell me about a difficult conversation you had with a peer software engineer with strong opinions and how you reached mutual agreement.?",Communication
Could you walk me through: What are the key trade-offs between AWS Lambda serverless and Apache Flink when working on cloud container orchestration?,Role-Specific Skills
Can you explain: Describe a challenging post-incident review where the root cause was traced back to DNS query resolution latency rather than downstream third-party rate limits.?,Problem Solving
"In an enterprise environment, What are the best practices for implementing WAL (write-ahead log) in a high-scale service?",Technical Knowledge
Could you walk me through: How would you design a system that handles millions of concurrent WebSocket connections using CQRS pattern?,Technical Knowledge
Could you walk me through: How do you explain the difference between latency and throughput bottlenecks to sales and marketing stakeholders?,Communication
"From an architectural standpoint, Walk me through how you solved a stubborn distributed race condition that only occurred once every thousand requests.?",Problem Solving
How do you handle data consistency and isolation levels in DynamoDB?,Technical Knowledge
"During a technical review, Describe a scenario where you negotiated the scope of a feature release with a non-technical client sponsor.?",Communication
Describe a time when you mentored a talented engineer struggling with imposter syndrome who was struggling with understanding distributed systems trade-offs.?,Leadership
How does message broker partitioning work under the hood in modern distributed systems?,Technical Knowledge
"In QA Automation, how do you implement automated canary rollouts with ArgoCD to ensure high performance?",Role-Specific Skills
Can you explain: Tell me about a time when you diagnosed and fixed a sudden disk I/O saturation freezing asynchronous write operations in production.?,Problem Solving
"From an architectural standpoint, What methodology do you apply when decomposing a messy, undocumented legacy system bug?",Problem Solving
"During a technical review, How do you drive consensus on adopting automated CI/CD trunk-based development when there is substantial resistance from legacy developers?",Leadership
"From your experience, How do you drive consensus on adopting mandatory peer code reviews and static security scanning when there is substantial resistance from legacy developers?",Leadership
How do you identify whether a performance slowdown is caused by DNS query resolution latency or unoptimized disk I/O swapping?,Problem Solving
"During a technical review, What happens from a networking perspective when a user types a URL into a browser until the page renders occurs?",Technical Knowledge
"In an enterprise environment, How do you handle a situation where two senior engineers on your team strongly disagree on enforcing strict functional programming paradigms?",Leadership
"During a technical review, Describe a time when you had to convince the Chief Operating Officer to prioritize a comprehensive architectural refactor.?",Communication
"From your experience, Describe a time when you mentored a talented engineer struggling with imposter syndrome who was struggling with understanding distributed systems trade-offs.?",Leadership
"During a technical review, How do you configure and optimize Apache Airflow DAG schedulers for enterprise production workloads?",Role-Specific Skills
"In your previous projects, in Data Engineering, how do you implement zero-trust identity-aware network segmentation to ensure high performance?",Role-Specific Skills
"As a senior engineer, What are the key trade-offs between Docker Compose and Kubernetes long-running deployments when working on real-time clickstream processing?",Role-Specific Skills
Explain the principles of Service Mesh and when you would avoid it.?,Technical Knowledge
Can you explain: How does garbage collection work in Python and how can you minimize stop-the-world pauses?,Technical Knowledge
Could you walk me through: How do you drive consensus on adopting automated CI/CD trunk-based development when there is substantial resistance from legacy developers?,Leadership
What are the key trade-offs between React Server Components and Playwright when working on real-time clickstream processing?,Role-Specific Skills
Could you walk me through: How do you handle a situation where two senior engineers on your team strongly disagree on authorizing third-party cloud vendor lock-in?,Leadership
"In your previous projects, How do you debug an application that runs perfectly in local staging but fails intermittently in Kubernetes production?",Problem Solving
Describe a challenging post-incident review where the root cause was traced back to garbage collection pause times rather than microservice circuit breaker tripping prematurely.?,Problem Solving
"As a senior engineer, How do you ensure accessibility, cross-browser compatibility, and WCAG compliance in e-commerce checkout funnels?",Role-Specific Skills
Could you walk me through: Tell me about a time you had to deliver bad news regarding project delays to the VP of Product.?,Communication
Describe a time when you had to convince the Chief Operating Officer to prioritize allocating 30% of sprint capacity to test automation.?,Communication
Could you walk me through: Explain how you manage state and avoid unnecessary re-renders in Angular applications.?,Role-Specific Skills
"As a senior engineer, How do you resolve race conditions and deadlocks in multithreaded applications?",Technical Knowledge
"In your previous projects, Describe how you manage Terraform state files, lock mechanisms, and module hierarchies in multi-environment setups.?",Role-Specific Skills
Describe a time when you mentored a junior software engineer who was struggling with writing thorough documentation and unit tests.?,Leadership
What are the key trade-offs between Cypress and Kubernetes Pods when working on end-to-end regression validation?,Role-Specific Skills
Could you walk me through: Describe a scenario where you negotiated the scope of a feature release with a non-technical client sponsor.?,Communication
"As a senior engineer, How do you explain database sharding and eventual consistency to client account managers?",Communication
"In your previous projects, Describe a time when you mentored a mid-level engineer aiming for senior promotion who was struggling with time management and estimation accuracy.?",Leadership
"Hypothetically, Tell me about a time when a critical project you were leading was failing. How did you turn it around?",Leadership
Could you walk me through: How do you handle situations where a a non-technical client sponsor demands a delivery deadline you believe is unrealistic?,Communication
How would you design a system that handles real-time analytics over petabytes of data using memory-mapped files?,Technical Knowledge
Could you walk me through: Walk me through your step-by-step debugging process when worker nodes abruptly crash without emitting a stack trace occurs on a mission-critical service.?,Problem Solving
"In an enterprise environment, How do you navigate team member promotions, performance evaluations, and compensation reviews fairly?",Leadership
"From an architectural standpoint, How do you deliver constructive, critical code review feedback without offending a peer software engineer with strong opinions?",Communication
Can you explain: How do you handle situations where a a non-technical client sponsor demands a delivery deadline you believe is unrealistic?,Communication
"In an enterprise environment, Describe a challenging post-incident review where the root cause was traced back to unbounded in-memory queue buffering rather than application thread lock contention.?",Problem Solving
"Hypothetically, How do you approach troubleshooting an intermittent issue that fails unpredictably once every several thousand requests?",Problem Solving
"In an enterprise environment, What are the internal mechanics of reflection and dynamic type inspection in Rust?",Technical Knowledge
"From your experience, How do you ensure requirements and technical architecture are clearly understood across a distributed team?",Communication
"In an enterprise environment, Tell me about a time when you diagnosed and fixed a runaway recursive background job consuming all available CPU in production.?",Problem Solving
How do you drive consensus on adopting moving to container orchestration and GitOps when there is substantial resistance from legacy developers?,Leadership
Could you walk me through: How do you resolve shared memory mutation without mutexes in multithreaded applications?,Technical Knowledge
"From your experience, Tell me about a difficult conversation you had with a strict QA lead and how you reached mutual agreement.?",Communication
"In your previous projects, What is the difference between monolithic architecture and microservices?",Technical Knowledge
"From an architectural standpoint, How do you handle a situation where two senior engineers on your team strongly disagree on enforcing strict functional programming paradigms?",Leadership
Could you walk me through: Describe a challenging post-incident review where the root cause was traced back to DNS query resolution latency rather than microservice circuit breaker tripping prematurely.?,Problem Solving
How do you identify whether a performance slowdown is caused by unbounded in-memory queue buffering or microservice circuit breaker tripping prematurely?,Problem Solving
Can you explain: Describe a time when you had to convince a non-technical client sponsor to prioritize allocating 30% of sprint capacity to test automation.?,Communication
Describe a challenging post-incident review where the root cause was traced back to thread lock contention on shared resource caches rather than microservice circuit breaker tripping prematurely.?,Problem Solving
Walk me through how you would isolate an issue when database replication lag surges past 30 minutes happens right after a major framework upgrade.?,Problem Solving
"As a senior engineer, Describe a time when you mentored a intern with minimal real-world experience who was struggling with proactive communication during blockers.?",Leadership
"As a senior engineer, Tell me about a situation where an automated rollback failed and you had to resolve an unexpected thread deadlock freezing background queue workers manually.?",Problem Solving
Could you walk me through: Tell me about a time when you diagnosed and fixed an unexpected thread deadlock freezing background queue workers in production.?,Problem Solving
"Hypothetically, How do you handle a situation where two senior engineers on your team strongly disagree on authorizing third-party cloud vendor lock-in?",Leadership
"Can you explain: Can you share an experience where miscommunication led to a bug or delay, and how you corrected it?",Communication
"Hypothetically, Explain how you design a data lakehouse architecture using Delta Lake or Apache Iceberg.?",Role-Specific Skills
Walk me through your step-by-step debugging process when the HTTP request error rate spikes to 25% occurs on a mission-critical service.?,Problem Solving
How would you design a system that handles millions of concurrent WebSocket connections using message broker partitioning?,Technical Knowledge
How do you identify whether a performance slowdown is caused by thread lock contention on shared resource caches or underlying cloud network packet loss?,Problem Solving
Could you walk me through: Describe a time when you had to make a high-stakes engineering trade-off under intense time pressure.?,Problem Solving
"In an enterprise environment, Can you explain the difference between object-oriented programming and functional programming in software engineering?",Technical Knowledge
"From an architectural standpoint, How do you approach troubleshooting an intermittent issue that happens exclusively on mobile clients with unstable network connections?",Problem Solving
Can you explain: Describe a time when you had to manage an underperforming team member. How did you handle the situation empathetically?,Leadership
"In an enterprise environment, How do you configure and optimize Prometheus and Grafana dashboards for enterprise production workloads?",Role-Specific Skills
"In your previous projects, How do you handle a situation where two senior engineers on your team strongly disagree on decoupling legacy monolithic database schemas?",Leadership
"From your experience, Can you share an experience where miscommunication led to a bug or delay, and how you corrected it?",Communication
Can you explain: Can you share an example of a time when your initial hypothesis about a severe bug turned out to be wrong?,Problem Solving
How do you handle a situation where two senior engineers on your team strongly disagree on decoupling legacy monolithic database schemas?,Leadership
"From an architectural standpoint, How do you write reliable, maintainable end-to-end integration tests using Jest and React Testing Library without creating flaky tests?",Role-Specific Skills
How does garbage collection work in Go and how can you minimize stop-the-world pauses?,Technical Knowledge
"From your experience, How do you write reliable, maintainable end-to-end integration tests using Playwright without creating flaky tests?",Role-Specific Skills
"From your experience, What are the best practices for implementing WAL (write-ahead log) in a high-scale service?",Technical Knowledge
"As a senior engineer, Describe how you present technical trade-offs to non-technical business executives when choosing between building a customized in-house solution and purchasing an off-the-shelf third-party integration.?",Communication
Tell me about a time when you diagnosed and fixed a sudden disk I/O saturation freezing asynchronous write operations in production.?,Problem Solving
Describe how you present technical trade-offs to customer support specialists when choosing between building a customized in-house solution and a resilient scalable architecture with higher initial development cost.?,Communication
"During a technical review, What are the best practices for implementing CQRS pattern in a high-scale service?",Technical Knowledge
Could you walk me through: How do you communicate a critical production outage to the enterprise customer success director during active incident response?,Communication
"As a senior engineer, Describe how you supported a mid-level engineer aiming for senior promotion in transitioning to higher-impact architectural responsibilities.?",Leadership
What is the difference between optimistic locking and UDP?,Technical Knowledge
"Hypothetically, in Data Engineering, how do you implement idempotent ELT data pipelines in Snowflake to ensure high performance?",Role-Specific Skills
"During a technical review, How do you explain why refactoring technical debt prevents system crashes to non-technical business executives?",Communication
Could you walk me through: Describe a time when you had to convince the VP of Product to prioritize a comprehensive architectural refactor.?,Communication
"As a senior engineer, Describe a challenging post-incident review where the root cause was traced back to database connection pooling saturation rather than microservice circuit breaker tripping prematurely.?",Problem Solving
"In an enterprise environment, in Frontend Engineering, how do you implement contract testing between microservices with Pact to ensure high performance?",Role-Specific Skills
"From an architectural standpoint, Tell me about a time you stepped up to resolve an organizational deadlock involving migrating to microservices versus modular monolith.?",Leadership
"Hypothetically, What is the difference between SQL databases and HTTP/3?",Technical Knowledge
"From an architectural standpoint, How do you explain the difference between latency and throughput bottlenecks to non-technical business executives?",Communication
"How would you design a system that handles 100,000 requests per second using distributed transactions (2PC)?",Technical Knowledge
"From your experience, in QA Automation, how do you implement idempotent ELT data pipelines in Snowflake to ensure high performance?",Role-Specific Skills
"Hypothetically, How do you drive consensus on adopting implementing observability and distributed tracing standards when there is substantial resistance from legacy developers?",Leadership
"During a technical review, How do you motivate a cross-functional squad to align on mandatory peer code reviews and static security scanning without causing delivery friction?",Leadership
Can you explain the difference between stateful services and imperative programming in software engineering?,Technical Knowledge
How would you design a system that handles real-time analytics over petabytes of data using read-write replicas?,Technical Knowledge
"In your previous projects, Explain the CAP theorem and how read-write replicas chooses between consistency and availability.?",Technical Knowledge
"From your experience, Explain how read-write replicas impacts latency, throughput, and fault tolerance.?",Technical Knowledge
Could you walk me through: Describe a time when you had to manage an underperforming team member. How did you handle the situation empathetically?,Leadership
Describe a time when you mentored a newly hired backend developer adjusting to company codebase who was struggling with understanding distributed systems trade-offs.?,Leadership
"Hypothetically, Tell me about a time you stepped up to resolve an organizational deadlock involving authorizing third-party cloud vendor lock-in.?",Leadership
"From an architectural standpoint, Describe how you present technical trade-offs to client account managers when choosing between building a customized in-house solution and purchasing an off-the-shelf third-party integration.?",Communication
"As a senior engineer, Tell me about a situation where an automated rollback failed and you had to resolve an avalanche of unhandled exceptions crashing microservice pods manually.?",Problem Solving
"During a technical review, How do you tailor your communication style when speaking with junior engineers versus C-level executives?",Communication
"From an architectural standpoint, Describe how you supported a newly hired backend developer adjusting to company codebase in transitioning to higher-impact architectural responsibilities.?",Leadership
"Could you walk me through: How do you deliver constructive, critical code review feedback without offending a legacy system maintainer?",Communication
"In an enterprise environment, Tell me about a time when you diagnosed and fixed a critical memory leak causing cascading OOM kills in production.?",Problem Solving
"Hypothetically, in DevOps & Cloud SRE, how do you implement virtualized list rendering for 100k items to ensure high performance?",Role-Specific Skills
Describe a time when you had to convince the VP of Product to prioritize allocating 30% of sprint capacity to test automation.?,Communication
Could you walk me through: How do you balance technical vision with day-to-day tactical execution as a team lead?,Leadership
"In your previous projects, Can you explain the trade-offs of using rate limiting in production?",Technical Knowledge
"As a senior engineer, Explain how you manage state and avoid unnecessary re-renders in Vue 3 applications.?",Role-Specific Skills
"In your previous projects, Tell me about a time you stepped up to resolve an organizational deadlock involving authorizing third-party cloud vendor lock-in.?",Leadership
"During a technical review, How do you secure a CI/CD pipeline against supply chain attacks, compromised packages, and secret leakage?",Role-Specific Skills
"In your previous projects, Tell me about a difficult conversation you had with a legacy system maintainer and how you reached mutual agreement.?",Communication
Can you explain the trade-offs of using WAL (write-ahead log) in production?,Technical Knowledge
"Hypothetically, How do you explain database sharding and eventual consistency to client account managers?",Communication
"In an enterprise environment, How would you troubleshoot sudden memory exhaustion caused by an unindexed query locking the primary production database?",Problem Solving
Describe how you present technical trade-offs to customer support specialists when choosing between faster time-to-market with accumulated tech debt and an open-source self-hosted cluster.?,Communication
"Hypothetically, Explain how you manage state and avoid unnecessary re-renders in React applications.?",Role-Specific Skills
"In an enterprise environment, How do indexes in Cassandra improve query performance and what are the overhead costs?",Technical Knowledge
"Hypothetically, How do you profile and eliminate bundle bloat, tree-shaking failures, and excessive CSS in modern web applications?",Role-Specific Skills
"How does CDN edge caching handle cache invalidation, cache stampede, and eviction policies?",Technical Knowledge
"In your previous projects, How do you run effective 1-on-1 meetings that support the long-term career growth of your direct reports?",Leadership
"From an architectural standpoint, How do you communicate a critical production outage to the VP of Product during active incident response?",Communication
"As a senior engineer, Describe a scenario where you negotiated the scope of a feature release with the VP of Product.?",Communication
"From your experience, How do you drive consensus on adopting implementing observability and distributed tracing standards when there is substantial resistance from legacy developers?",Leadership
Can you explain: How do you identify whether a performance slowdown is caused by unbounded in-memory queue buffering or TCP socket file descriptor leaks?,Problem Solving
Describe a time when you mentored a newly hired backend developer adjusting to company codebase who was struggling with proactive communication during blockers.?,Leadership
"From an architectural standpoint, What best practices do you follow for building reusable design system components in Angular?",Role-Specific Skills
How does consistent hashing work under the hood in modern distributed systems?,Technical Knowledge
Can you explain: Explain how content security policies (CSP) protects against common vulnerabilities in modern web applications.?,Technical Knowledge
"During a technical review, How do you design a comprehensive regression testing matrix for a critical payment gateway service?",Role-Specific Skills
"In your previous projects, Tell me about a time you had to deliver difficult feedback about proactive communication during blockers while maintaining trust.?",Leadership
Can you explain: How do you configure and optimize Apache Airflow DAG schedulers for enterprise production workloads?,Role-Specific Skills
Can you explain: How do you identify whether a performance slowdown is caused by database connection pooling saturation or unoptimized disk I/O swapping?,Problem Solving
"During a technical review, How do you motivate a cross-functional squad to align on moving to container orchestration and GitOps without causing delivery friction?",Leadership
How do you identify whether a performance slowdown is caused by garbage collection pause times or downstream third-party rate limits?,Problem Solving
"From an architectural standpoint, How do you establish engineering standards, code quality benchmarks, and automated testing rigor across a team?",Leadership
"In an enterprise environment, Tell me about a time you stepped up to resolve an organizational deadlock involving migrating to microservices versus modular monolith.?",Leadership
"In an enterprise environment, How do you articulate complex system constraints during cross-functional sprint planning sessions?",Communication
"In your previous projects, What are the internal mechanics of virtual method dispatch and vtables in Python?",Technical Knowledge
"In your previous projects, How do you ensure accessibility, cross-browser compatibility, and WCAG compliance in complex single-page applications?",Role-Specific Skills
"As a senior engineer, What happens from a networking perspective when a packet travels across NAT gateways and routers occurs?",Technical Knowledge
"From your experience, Describe a time when you had to convince the Chief Operating Officer to prioritize migrating legacy monolithic databases to microservices.?",Communication
"As a senior engineer, Describe a scenario where you negotiated the scope of a feature release with a non-technical client sponsor.?",Communication
"From your experience, What are the key trade-offs between Apache Kafka and Client-Side Hydration when working on frontend state synchronization?",Role-Specific Skills
"From your experience, What is the difference between processes and asymmetric encryption?",Technical Knowledge
"From an architectural standpoint, What are the internal mechanics of virtual method dispatch and vtables in Java?",Technical Knowledge
What is the difference between synchronous and asynchronous processing in memory-mapped files?,Technical Knowledge
Can you explain: Tell me about a difficult conversation you had with a legacy system maintainer and how you reached mutual agreement.?,Communication
"Could you walk me through: Explain how read-write replicas impacts latency, throughput, and fault tolerance.?",Technical Knowledge
"Hypothetically, How do you drive consensus on adopting adopting asynchronous event-driven architectures when there is substantial resistance from legacy developers?",Leadership
"As a senior engineer, How do you design an idempotent API endpoint for credit card billing payments?",Technical Knowledge
Can you explain: Tell me about a situation where an automated rollback failed and you had to resolve an avalanche of unhandled exceptions crashing microservice pods manually.?,Problem Solving
What are the best practices for implementing CQRS pattern in a high-scale service?,Technical Knowledge
"In your previous projects, How does message broker partitioning work under the hood in modern distributed systems?",Technical Knowledge
Describe a time when you mentored a newly hired backend developer adjusting to company codebase who was struggling with writing thorough documentation and unit tests.?,Leadership
"From an architectural standpoint, What strategies do you use for hardening Linux kernel parameters against DDoS in DevOps & Cloud SRE?",Role-Specific Skills
"In QA Automation, how do you implement idempotent ELT data pipelines in Snowflake to ensure high performance?",Role-Specific Skills
"In an enterprise environment, Tell me about a difficult conversation you had with a legacy system maintainer and how you reached mutual agreement.?",Communication
"Hypothetically, in QA Automation, how do you implement idempotent ELT data pipelines in Snowflake to ensure high performance?",Role-Specific Skills
"How do you ensure accessibility, cross-browser compatibility, and WCAG compliance in e-commerce checkout funnels?",Role-Specific Skills
"What strategies do you use for optimizing Core Web Vitals (LCP, INP, CLS) in QA Automation?",Role-Specific Skills
"In an enterprise environment, How do you investigate intermittent latency regressions when downstream third-party rate limits is suspected?",Problem Solving
"Hypothetically, How do you handle data consistency and isolation levels in PostgreSQL?",Technical Knowledge
"Hypothetically, Describe a time when you mentored a talented engineer struggling with imposter syndrome who was struggling with understanding distributed systems trade-offs.?",Leadership
"Hypothetically, How do you secure a CI/CD pipeline against supply chain attacks, compromised packages, and secret leakage?",Role-Specific Skills
"In an enterprise environment, How would you troubleshoot sudden memory exhaustion caused by a connection pool exhaustion during a flash sale?",Problem Solving
"Hypothetically, Describe how you supported a talented engineer struggling with imposter syndrome in transitioning to higher-impact architectural responsibilities.?",Leadership
"Could you walk me through: in DevOps & Cloud SRE, how do you implement idempotent ELT data pipelines in Snowflake to ensure high performance?",Role-Specific Skills
"In an enterprise environment, What strategies do you use for partition pruning and shuffling optimization in Cybersecurity Engineering?",Role-Specific Skills
How do you motivate a cross-functional squad to align on implementing observability and distributed tracing standards without causing delivery friction?,Leadership
Could you walk me through: How do you drive consensus on adopting implementing observability and distributed tracing standards when there is substantial resistance from legacy developers?,Leadership
"As a senior engineer, How do indexes in Elasticsearch improve query performance and what are the overhead costs?",Technical Knowledge
"From an architectural standpoint, How do you handle a situation where two senior engineers on your team strongly disagree on decoupling legacy monolithic database schemas?",Leadership
"As a senior engineer, How do indexes in DynamoDB improve query performance and what are the overhead costs?",Technical Knowledge
Describe how you present technical trade-offs to customer support specialists when choosing between building a customized in-house solution and purchasing an off-the-shelf third-party integration.?,Communication
"From your experience, Tell me about a time when you resolved a catastrophic database deadlock under peak traffic.?",Problem Solving
"During a technical review, Can you explain the trade-offs of using connection pooling in production?",Technical Knowledge
Can you explain: Describe a challenging post-incident review where the root cause was traced back to thread lock contention on shared resource caches rather than unoptimized disk I/O swapping.?,Problem Solving
Can you explain: How do you manage database migrations safely with zero-downtime using tools like Flyway or Liquibase in DevOps & Cloud SRE?,Role-Specific Skills
How do you approach troubleshooting an intermittent issue that only manifests across specific geographical cloud regions?,Problem Solving
"Hypothetically, How do you handle disagreements during an architectural design meeting when consensus cannot be reached?",Communication
"Hypothetically, How do you balance delegating important tasks to junior developers while maintaining high delivery quality?",Leadership
"From an architectural standpoint, How do you identify whether a performance slowdown is caused by DNS query resolution latency or underlying cloud network packet loss?",Problem Solving
Describe a challenging post-incident review where the root cause was traced back to DNS query resolution latency rather than TCP socket file descriptor leaks.?,Problem Solving
"During a technical review, How do you drive consensus on adopting strict test-driven development (TDD) when there is substantial resistance from legacy developers?",Leadership
"As a senior engineer, How would you troubleshoot sudden memory exhaustion caused by a Redis cluster split-brain event causing state inconsistency?",Problem Solving
"In your previous projects, Can you explain the difference between object-oriented programming and functional programming in software engineering?",Technical Knowledge
How do you handle situations where a the VP of Product demands a delivery deadline you believe is unrealistic?,Communication
"During a technical review, Tell me about a time you had to deliver difficult feedback about understanding distributed systems trade-offs while maintaining trust.?",Leadership
How do you approach troubleshooting an intermittent issue that triggers only after a service has been running continuously for several days?,Problem Solving
"In an enterprise environment, Tell me about a time you had to deliver difficult feedback about proactive communication during blockers while maintaining trust.?",Leadership
"From an architectural standpoint, Describe a scenario where you negotiated the scope of a feature release with a non-technical client sponsor.?",Communication
"As a senior engineer, How do you profile and eliminate bundle bloat, tree-shaking failures, and excessive CSS in modern web applications?",Role-Specific Skills
"Hypothetically, What best practices do you follow for building reusable design system components in Vue 3?",Role-Specific Skills
"In your previous projects, Tell me about a time when you diagnosed and fixed an unexpected thread deadlock freezing background queue workers in production.?",Problem Solving
Could you walk me through: Walk me through your step-by-step debugging process when database replication lag surges past 30 minutes occurs on a mission-critical service.?,Problem Solving
What are the key trade-offs between AWS Lambda serverless and Client-Side Hydration when working on cloud container orchestration?,Role-Specific Skills
"During a technical review, How do you write reliable, maintainable end-to-end integration tests using Cypress without creating flaky tests?",Role-Specific Skills
Could you walk me through: Walk me through how you would isolate an issue when clients receive partial and corrupted payload responses happens right after a major framework upgrade.?,Problem Solving
Can you explain: Walk me through your step-by-step debugging process when memory consumption steadily climbs linearly until container restarts occurs on a mission-critical service.?,Problem Solving
"From your experience, in Data Engineering, how do you implement automated canary rollouts with ArgoCD to ensure high performance?",Role-Specific Skills
Could you walk me through: Tell me about a time you had to deliver bad news regarding project delays to a non-technical client sponsor.?,Communication
"In your previous projects, How would you design a system that handles low-latency financial transactions under 5ms using memory-mapped files?",Technical Knowledge
Describe a complex technical problem where you had very limited log data and monitoring. How did you isolate root cause?,Problem Solving
Could you walk me through: Can you explain the trade-offs of using distributed transactions (2PC) in production?,Technical Knowledge
Describe how you present technical trade-offs to client account managers when choosing between a managed cloud proprietary service and purchasing an off-the-shelf third-party integration.?,Communication
Walk me through how you would isolate an issue when memory consumption steadily climbs linearly until container restarts happens right after a major framework upgrade.?,Problem Solving
"Hypothetically, Can you share an experience where miscommunication led to a bug or delay, and how you corrected it?",Communication
"As a senior engineer, How would you design a system that handles millions of concurrent WebSocket connections using consistent hashing?",Technical Knowledge
What are the internal mechanics of reflection and dynamic type inspection in Rust?,Technical Knowledge
Could you walk me through: Describe how you design a resilient pipeline for continuous deployment with automatic rollback in modern cloud infrastructure.?,Role-Specific Skills
"As a senior engineer, Describe a time when you had to manage an underperforming team member. How did you handle the situation empathetically?",Leadership
"In an enterprise environment, How do you motivate a cross-functional squad to align on implementing observability and distributed tracing standards without causing delivery friction?",Leadership
Can you explain: What is the time and space complexity of LRU Cache eviction with O(1) operations and how can it be optimized?,Technical Knowledge
"From your experience, How do you recognize and develop emerging leadership qualities in engineers on your team?",Leadership
"In your previous projects, How do you motivate a cross-functional squad to align on strict test-driven development (TDD) without causing delivery friction?",Leadership
"Hypothetically, How do you motivate a cross-functional squad to align on implementing observability and distributed tracing standards without causing delivery friction?",Leadership
"During a technical review, What is the difference between Blue-Green deployments and Canary deployments in Kubernetes?",Role-Specific Skills
"In Data Engineering, how do you implement contract testing between microservices with Pact to ensure high performance?",Role-Specific Skills
"From your experience, How do you keep team morale and velocity high during intense crunch periods or corporate restructuring?",Leadership
"In your previous projects, What are the key trade-offs between Cypress and Apache Flink when working on real-time clickstream processing?",Role-Specific Skills
"In your previous projects, Walk me through your step-by-step debugging process when memory consumption steadily climbs linearly until container restarts occurs on a mission-critical service.?",Problem Solving
"As a senior engineer, Tell me about a difficult conversation you had with an external vendor technical contact and how you reached mutual agreement.?",Communication
"From an architectural standpoint, Describe a time when you mentored a talented engineer struggling with imposter syndrome who was struggling with understanding distributed systems trade-offs.?",Leadership
Could you walk me through: Tell me about a time you noticed an engineer feeling burned out or disengaged. What actions did you take?,Leadership
"From your experience, How do you resolve the ABA problem in lock-free data structures in multithreaded applications?",Technical Knowledge
"In your previous projects, How do you deliver constructive, critical code review feedback without offending a strict QA lead?",Communication
"In an enterprise environment, Tell me about a time you had to deliver bad news regarding project delays to a non-technical client sponsor.?",Communication
Could you walk me through: Explain the CAP theorem and how rate limiting chooses between consistency and availability.?,Technical Knowledge
"In your previous projects, Tell me about a time you had to deliver difficult feedback about understanding distributed systems trade-offs while maintaining trust.?",Leadership
"In your previous projects, How do you diagnose memory leaks in long-running containerized microservices without restarting the cluster?",Problem Solving
"As a senior engineer, Describe how you present technical trade-offs to non-technical business executives when choosing between faster time-to-market with accumulated tech debt and purchasing an off-the-shelf third-party integration.?",Communication
Can you explain the difference between object-oriented programming and functional programming in software engineering?,Technical Knowledge
Could you walk me through: Describe how you prioritize technical debt against business feature roadmap requests at an organizational level.?,Leadership
How do you identify whether a performance slowdown is caused by unbounded in-memory queue buffering or application thread lock contention?,Problem Solving
"Can you explain: in Frontend Engineering, how do you implement idempotent ELT data pipelines in Snowflake to ensure high performance?",Role-Specific Skills
What are the key trade-offs between Apache Kafka and Apache Flink when working on real-time clickstream processing?,Role-Specific Skills
"As a senior engineer, How does CQRS pattern work under the hood in modern distributed systems?",Technical Knowledge
How would you design a system that handles low-latency financial transactions under 5ms using WAL (write-ahead log)?,Technical Knowledge
"From your experience, What is the difference between synchronous and asynchronous processing in rate limiting?",Technical Knowledge
"Hypothetically, Describe how you design a resilient pipeline for automated test suite execution across parallel runners in modern cloud infrastructure.?",Role-Specific Skills
Describe a challenging post-incident review where the root cause was traced back to garbage collection pause times rather than underlying cloud network packet loss.?,Problem Solving
"In your previous projects, How do you explain the difference between latency and throughput bottlenecks to client account managers?",Communication
Can you explain the trade-offs of using memory-mapped files in production?,Technical Knowledge
"From your experience, What happens from a networking perspective when a packet travels across NAT gateways and routers occurs?",Technical Knowledge
"As a senior engineer, Tell me about a time you stepped up to resolve an organizational deadlock involving choosing between Go and Rust for a new microservice.?",Leadership
Can you explain: How would you troubleshoot sudden memory exhaustion caused by a critical memory leak causing cascading OOM kills?,Problem Solving
"From your experience, What are the key trade-offs between React Server Components and Kubernetes Pods when working on microservice communication?",Role-Specific Skills
"As a senior engineer, Tell me about a time you noticed an engineer feeling burned out or disengaged. What actions did you take?",Leadership
How do you resolve race conditions and deadlocks in multithreaded applications?,Technical Knowledge
Could you walk me through: How do you explain database sharding and eventual consistency to customer support specialists?,Communication
"From your experience, Describe how you supported a career switcher unfamiliar with production pipelines in transitioning to higher-impact architectural responsibilities.?",Leadership
"In your previous projects, How do you write reliable, maintainable end-to-end integration tests using Cypress without creating flaky tests?",Role-Specific Skills
"How would you design a system that handles 100,000 requests per second using message broker partitioning?",Technical Knowledge
"From your experience, Explain how JWT token signing and refresh rotation protects against common vulnerabilities in modern web applications.?",Technical Knowledge
How do you debug an application that runs perfectly in local staging but fails intermittently in Kubernetes production?,Problem Solving
"From your experience, Describe an incident where a faulty deployment caused widespread 500 server errors. What was your immediate mitigation?",Problem Solving
Tell me about a situation where an automated rollback failed and you had to resolve a connection pool exhaustion during a flash sale manually.?,Problem Solving
Could you walk me through: Explain how you design a data lakehouse architecture using Delta Lake or Apache Iceberg.?,Role-Specific Skills
"As a senior engineer, How do you articulate complex system constraints during cross-functional sprint planning sessions?",Communication
"In your previous projects, What are the key trade-offs between Cypress and Kubernetes Pods when working on real-time clickstream processing?",Role-Specific Skills
"In an enterprise environment, How do you motivate a cross-functional squad to align on moving to container orchestration and GitOps without causing delivery friction?",Leadership
"Hypothetically, How do you deliver constructive, critical code review feedback without offending an external vendor technical contact?",Communication
"During a technical review, Tell me about a time you had to deliver bad news regarding project delays to the Chief Operating Officer.?",Communication
"During a technical review, Tell me about a time when you diagnosed and fixed an unindexed query locking the primary production database in production.?",Problem Solving
"In your previous projects, How do you ensure accessibility, cross-browser compatibility, and WCAG compliance in e-commerce checkout funnels?",Role-Specific Skills
"In an enterprise environment, Tell me about a time when you diagnosed and fixed a silent queue backlog causing millions of dropped events in production.?",Problem Solving
Can you explain: How do you architect an Apache Spark streaming job to handle out-of-order event timestamps and late data arriving?,Role-Specific Skills
What are the key trade-offs between React Server Components and Playwright when working on end-to-end regression validation?,Role-Specific Skills
Can you explain: How would you troubleshoot sudden memory exhaustion caused by a runaway recursive background job consuming all available CPU?,Problem Solving
"As a senior engineer, How do you handle situations where a the VP of Product demands a delivery deadline you believe is unrealistic?",Communication
"From your experience, Walk me through how you would isolate an issue when clients receive partial and corrupted payload responses happens right after a major framework upgrade.?",Problem Solving
"In an enterprise environment, Tell me about a time you stepped up to resolve an organizational deadlock involving enforcing strict functional programming paradigms.?",Leadership
Can you share an example of a time when your initial hypothesis about a severe bug turned out to be wrong?,Problem Solving
How would you design a system that handles millions of concurrent WebSocket connections using memory-mapped files?,Technical Knowledge
"As a senior engineer, Describe a time when you mentored a mid-level engineer aiming for senior promotion who was struggling with writing thorough documentation and unit tests.?",Leadership
"During a technical review, Tell me about a time you successfully onboarded multiple new engineers while maintaining ongoing sprint commitments.?",Leadership
How do you handle data consistency and isolation levels in MySQL InnoDB?,Technical Knowledge
"Hypothetically, How do you handle a situation where two senior engineers on your team strongly disagree on introducing GraphQL over RESTful API architecture?",Leadership
"As a senior engineer, What methodology do you apply when decomposing a messy, undocumented legacy system bug?",Problem Solving
"Hypothetically, Describe a situation where a third-party dependency failed unexpectedly in production. How did you resolve the outage?",Problem Solving
Describe a time when you mentored a newly hired backend developer adjusting to company codebase who was struggling with handling ambiguous technical specifications.?,Leadership
"From an architectural standpoint, How do you explain why refactoring technical debt prevents system crashes to non-technical business executives?",Communication
"As a senior engineer, How do you configure and optimize Kubernetes ingress controllers for enterprise production workloads?",Role-Specific Skills
"As a senior engineer, How would you troubleshoot sudden memory exhaustion caused by an exponential spike in 504 Gateway Timeouts?",Problem Solving
"From your experience, How do you debug an application that runs perfectly in local staging but fails intermittently in Kubernetes production?",Problem Solving
Describe how you design a resilient pipeline for real-time financial transaction ingestion in modern cloud infrastructure.?,Role-Specific Skills
"Hypothetically, What best practices do you follow for building reusable design system components in React?",Role-Specific Skills
Can you explain: How do you handle a situation where two senior engineers on your team strongly disagree on introducing GraphQL over RESTful API architecture?,Leadership
Can you explain: How do you tailor your communication style when speaking with junior engineers versus C-level executives?,Communication
Could you walk me through: How do you identify whether a performance slowdown is caused by DNS query resolution latency or microservice circuit breaker tripping prematurely?,Problem Solving
How do you manage database migrations safely with zero-downtime using tools like Flyway or Liquibase in Frontend Engineering?,Role-Specific Skills
"In an enterprise environment, in Cybersecurity Engineering, how do you implement contract testing between microservices with Pact to ensure high performance?",Role-Specific Skills
"During a technical review, How do you explain why upgrading outdated runtime versions is critical for security to customer support specialists?",Communication
How do you explain why upgrading outdated runtime versions is critical for security to sales and marketing stakeholders?,Communication
What is the difference between REST and Hash index?,Technical Knowledge
"During a technical review, How do you run effective 1-on-1 meetings that support the long-term career growth of your direct reports?",Leadership
Describe how you present technical trade-offs to product managers without coding background when choosing between building a customized in-house solution and a resilient scalable architecture with higher initial development cost.?,Communication
"From an architectural standpoint, What is your approach to setting up distributed tracing with OpenTelemetry and Jaeger across microservices?",Role-Specific Skills
Tell me about a time you had to deliver difficult feedback about writing thorough documentation and unit tests while maintaining trust.?,Leadership
"Hypothetically, How do you investigate intermittent latency regressions when unoptimized disk I/O swapping is suspected?",Problem Solving
"During a technical review, How do you ensure accessibility, cross-browser compatibility, and WCAG compliance in complex single-page applications?",Role-Specific Skills
Could you walk me through: How do you configure and optimize Apache Airflow DAG schedulers for enterprise production workloads?,Role-Specific Skills
What are the key trade-offs between Docker Compose and Playwright when working on real-time clickstream processing?,Role-Specific Skills
"Hypothetically, Describe a time when you mentored a talented engineer struggling with imposter syndrome who was struggling with proactive communication during blockers.?",Leadership
Could you walk me through: Describe a scenario where you negotiated the scope of a feature release with an impatient product owner.?,Communication
Walk me through your step-by-step debugging process when memory consumption steadily climbs linearly until container restarts occurs on a mission-critical service.?,Problem Solving
"From an architectural standpoint, How do you debug an application that runs perfectly in local staging but fails intermittently in Kubernetes production?",Problem Solving
What are the key trade-offs between Docker Compose and Kubernetes Pods when working on frontend state synchronization?,Role-Specific Skills
"In your previous projects, How do you write reliable, maintainable end-to-end integration tests using Playwright without creating flaky tests?",Role-Specific Skills
What is the difference between monolithic architecture and microservices?,Technical Knowledge
"During a technical review, Explain how you manage state and avoid unnecessary re-renders in Vue 3 applications.?",Role-Specific Skills
How do you identify whether a performance slowdown is caused by garbage collection pause times or underlying cloud network packet loss?,Problem Solving
"In an enterprise environment, What is the difference between synchronous and asynchronous processing in CQRS pattern?",Technical Knowledge
What are the key trade-offs between Apache Kafka and Client-Side Hydration when working on real-time clickstream processing?,Role-Specific Skills
"From your experience, Describe a time when you mentored a mid-level engineer aiming for senior promotion who was struggling with code quality and test design.?",Leadership
Could you walk me through: Tell me about a time you had to deliver bad news regarding project delays to the Chief Operating Officer.?,Communication
"Hypothetically, Tell me about a difficult conversation you had with a strict QA lead and how you reached mutual agreement.?",Communication
"During a technical review, Tell me about a time you had to deliver difficult feedback about handling ambiguous technical specifications while maintaining trust.?",Leadership
"From an architectural standpoint, Tell me about a time you stepped up to resolve an organizational deadlock involving decoupling legacy monolithic database schemas.?",Leadership
"Hypothetically, in Cybersecurity Engineering, how do you implement idempotent ELT data pipelines in Snowflake to ensure high performance?",Role-Specific Skills
"From an architectural standpoint, Explain how CORS policy enforcement protects against common vulnerabilities in modern web applications.?",Technical Knowledge
"In your previous projects, How do you handle situations where a the Chief Operating Officer demands a delivery deadline you believe is unrealistic?",Communication
"In an enterprise environment, How do you manage database migrations safely with zero-downtime using tools like Flyway or Liquibase in Cybersecurity Engineering?",Role-Specific Skills
Could you walk me through: Describe a time when you mentored a junior software engineer who was struggling with proactive communication during blockers.?,Leadership
"In an enterprise environment, Describe a situation where executive management proposed an unreasonable technical mandate. How did you push back?",Leadership
"As a senior engineer, Explain the CAP theorem and how read-write replicas chooses between consistency and availability.?",Technical Knowledge
"From your experience, Describe a time when you mentored a career switcher unfamiliar with production pipelines who was struggling with handling ambiguous technical specifications.?",Leadership
Explain the CAP theorem and how WAL (write-ahead log) chooses between consistency and availability.?,Technical Knowledge
What are the key trade-offs between Cypress and Kubernetes Pods when working on microservice communication?,Role-Specific Skills
Can you explain: How do you handle disagreements during an architectural design meeting when consensus cannot be reached?,Communication
How would you design a system that handles real-time analytics over petabytes of data using rate limiting?,Technical Knowledge
"In your previous projects, How do indexes in Cassandra improve query performance and what are the overhead costs?",Technical Knowledge
"In an enterprise environment, How do you facilitate discussions between teams that have conflicting technical priorities or API requirements?",Communication
Could you walk me through: Tell me about a time you stepped up to resolve an organizational deadlock involving migrating to microservices versus modular monolith.?,Leadership
"Could you walk me through: Describe how you manage Terraform state files, lock mechanisms, and module hierarchies in multi-environment setups.?",Role-Specific Skills
Could you walk me through: How do you manage database migrations safely with zero-downtime using tools like Flyway or Liquibase in QA Automation?,Role-Specific Skills
"Could you walk me through: How do you deliver constructive, critical code review feedback without offending an external vendor technical contact?",Communication
Could you walk me through: Tell me about a situation where an automated rollback failed and you had to resolve a connection pool exhaustion during a flash sale manually.?,Problem Solving
Can you explain: Tell me about a time you successfully onboarded multiple new engineers while maintaining ongoing sprint commitments.?,Leadership
How do you handle situations where a an impatient product owner demands a delivery deadline you believe is unrealistic?,Communication
"In an enterprise environment, How do you design a comprehensive regression testing matrix for a critical payment gateway service?",Role-Specific Skills
Could you walk me through: How do you drive consensus on adopting strict test-driven development (TDD) when there is substantial resistance from legacy developers?,Leadership
"From an architectural standpoint, Can you explain the difference between object-oriented programming and imperative programming in software engineering?",Technical Knowledge
"From your experience, Tell me about a time you stepped up to resolve an organizational deadlock involving choosing between Go and Rust for a new microservice.?",Leadership
What are the key trade-offs between Cypress and Apache Flink when working on end-to-end regression validation?,Role-Specific Skills
"Hypothetically, Tell me about a difficult conversation you had with a cross-functional product manager and how you reached mutual agreement.?",Communication
Can you explain: How would you design a system that handles low-latency financial transactions under 5ms using circuit breaker pattern?,Technical Knowledge
"During a technical review, How do you handle a situation where two senior engineers on your team strongly disagree on enforcing strict functional programming paradigms?",Leadership
"From your experience, How do you facilitate discussions between teams that have conflicting technical priorities or API requirements?",Communication
"In your previous projects, in Frontend Engineering, how do you implement virtualized list rendering for 100k items to ensure high performance?",Role-Specific Skills
"During a technical review, Explain the CAP theorem and how message broker partitioning chooses between consistency and availability.?",Technical Knowledge
Describe a scenario where you negotiated the scope of a feature release with the VP of Product.?,Communication
"Hypothetically, Explain how you manage state and avoid unnecessary re-renders in Svelte applications.?",Role-Specific Skills
"During a technical review, How do you deliver constructive, critical code review feedback without offending a peer software engineer with strong opinions?",Communication
Could you walk me through: Tell me about a time you stepped up to resolve an organizational deadlock involving choosing between Go and Rust for a new microservice.?,Leadership
Can you explain the difference between stateful services and stateless microservices in software engineering?,Technical Knowledge
"During a technical review, Describe how you present technical trade-offs to non-technical business executives when choosing between a managed cloud proprietary service and purchasing an off-the-shelf third-party integration.?",Communication
What is your philosophy on servant leadership versus top-down command in high-performing engineering teams?,Leadership
Describe a time when you had to convince a non-technical client sponsor to prioritize allocating 30% of sprint capacity to test automation.?,Communication
Describe a challenging post-incident review where the root cause was traced back to CPU throttling by Kubernetes CFS quota rather than TCP socket file descriptor leaks.?,Problem Solving
What are the key trade-offs between React Server Components and Kubernetes long-running deployments when working on real-time clickstream processing?,Role-Specific Skills
"From your experience, How do you design an idempotent API endpoint for inventory reservation systems?",Technical Knowledge
"In an enterprise environment, How do you manage database migrations safely with zero-downtime using tools like Flyway or Liquibase in QA Automation?",Role-Specific Skills
"During a technical review, What are the best practices for implementing circuit breaker pattern in a high-scale service?",Technical Knowledge
"From your experience, in QA Automation, how do you implement virtualized list rendering for 100k items to ensure high performance?",Role-Specific Skills
Could you walk me through: Describe a time when you had to convince the Chief Operating Officer to prioritize migrating legacy monolithic databases to microservices.?,Communication
"In an enterprise environment, Describe a time when you had to convince the Chief Operating Officer to prioritize allocating 30% of sprint capacity to test automation.?",Communication
"In an enterprise environment, What happens from a networking perspective when a packet travels across NAT gateways and routers occurs?",Technical Knowledge
"As a senior engineer, Tell me about a time when a critical project you were leading was failing. How did you turn it around?",Leadership
"From an architectural standpoint, Describe a time when you had to convince the Chief Operating Officer to prioritize a comprehensive architectural refactor.?",Communication
What is the difference between synchronous and asynchronous processing in distributed transactions (2PC)?,Technical Knowledge
"From your experience, Tell me about a time you noticed an engineer feeling burned out or disengaged. What actions did you take?",Leadership
"In an enterprise environment, How do you handle situations where a the Chief Operating Officer demands a delivery deadline you believe is unrealistic?",Communication
"In an enterprise environment, Describe a time when you mentored a newly hired backend developer adjusting to company codebase who was struggling with time management and estimation accuracy.?",Leadership
"From your experience, How do you balance technical vision with day-to-day tactical execution as a team lead?",Leadership
"As a senior engineer, What is your approach to setting up distributed tracing with OpenTelemetry and Jaeger across microservices?",Role-Specific Skills
"In an enterprise environment, How do you handle a situation where two senior engineers on your team strongly disagree on introducing GraphQL over RESTful API architecture?",Leadership
Can you explain: Describe a time when you mentored a intern with minimal real-world experience who was struggling with code quality and test design.?,Leadership
"From your experience, Can you share an example of a time when your initial hypothesis about a severe bug turned out to be wrong?",Problem Solving
"In an enterprise environment, in DevOps & Cloud SRE, how do you implement automated canary rollouts with ArgoCD to ensure high performance?",Role-Specific Skills
"Hypothetically, How do you ensure accessibility, cross-browser compatibility, and WCAG compliance in complex single-page applications?",Role-Specific Skills
"As a senior engineer, Describe a time when you had to convince a non-technical client sponsor to prioritize migrating legacy monolithic databases to microservices.?",Communication
Could you walk me through: How do you approach troubleshooting an intermittent issue that occurs only during automated batch database backups?,Problem Solving
"Hypothetically, How do you handle data consistency and isolation levels in MySQL InnoDB?",Technical Knowledge
Can you explain: Describe a challenging post-incident review where the root cause was traced back to CPU throttling by Kubernetes CFS quota rather than downstream third-party rate limits.?,Problem Solving
Could you walk me through: Describe a situation where a third-party dependency failed unexpectedly in production. How did you resolve the outage?,Problem Solving
How do you handle data consistency and isolation levels in PostgreSQL?,Technical Knowledge
How would you troubleshoot sudden memory exhaustion caused by an unexpected thread deadlock freezing background queue workers?,Problem Solving
"From your experience, Describe a scenario where you negotiated the scope of a feature release with an impatient product owner.?",Communication
Can you explain: What best practices do you follow for building reusable design system components in Svelte?,Role-Specific Skills
"As a senior engineer, How do you motivate a cross-functional squad to align on mandatory peer code reviews and static security scanning without causing delivery friction?",Leadership
"As a senior engineer, Tell me about a time when you diagnosed and fixed a runaway recursive background job consuming all available CPU in production.?",Problem Solving
"From an architectural standpoint, How do you configure and optimize HashiCorp Vault for secrets for enterprise production workloads?",Role-Specific Skills
"As a senior engineer, in Frontend Engineering, how do you implement automated canary rollouts with ArgoCD to ensure high performance?",Role-Specific Skills
"From your experience, Tell me about a time you championed a cultural change or diversity initiative within your engineering department.?",Leadership
Can you explain: Walk me through how you would isolate an issue when memory consumption steadily climbs linearly until container restarts happens right after a major framework upgrade.?,Problem Solving
"From your experience, Describe how you manage Terraform state files, lock mechanisms, and module hierarchies in multi-environment setups.?",Role-Specific Skills
Could you walk me through: How do you handle situations where a the enterprise customer success director demands a delivery deadline you believe is unrealistic?,Communication
How would you design a system that handles real-time analytics over petabytes of data using database sharding?,Technical Knowledge
Can you explain: Tell me about a time you successfully persuaded a skeptical teammate to adopt a new testing methodology.?,Communication
"Could you walk me through: in QA Automation, how do you implement virtualized list rendering for 100k items to ensure high performance?",Role-Specific Skills
What is the difference between symmetric encryption and UDP?,Technical Knowledge
"From your experience, in DevOps & Cloud SRE, how do you implement idempotent ELT data pipelines in Snowflake to ensure high performance?",Role-Specific Skills
Can you explain: How do you manage database migrations safely with zero-downtime using tools like Flyway or Liquibase in Cybersecurity Engineering?,Role-Specific Skills
"In an enterprise environment, How do you configure and optimize Kubernetes ingress controllers for enterprise production workloads?",Role-Specific Skills
"Hypothetically, Tell me about a time you had to deliver bad news regarding project delays to an impatient product owner.?",Communication
Could you walk me through: Walk me through how you discovered and patched a silent data corruption bug in an asynchronous processing pipeline.?,Problem Solving
"In your previous projects, How do you handle a situation where two senior engineers on your team strongly disagree on migrating to microservices versus modular monolith?",Leadership
"As a senior engineer, How do you configure and optimize Apache Airflow DAG schedulers for enterprise production workloads?",Role-Specific Skills
What are the key trade-offs between Docker Compose and Client-Side Hydration when working on real-time clickstream processing?,Role-Specific Skills
"As a senior engineer, How do you explain database sharding and eventual consistency to product managers without coding background?",Communication
"From an architectural standpoint, What is your philosophy on servant leadership versus top-down command in high-performing engineering teams?",Leadership
Can you explain: Tell me about a time you stepped up to resolve an organizational deadlock involving choosing between Go and Rust for a new microservice.?,Leadership
"As a senior engineer, What are the key trade-offs between Apache Kafka and Apache Flink when working on microservice communication?",Role-Specific Skills
Can you explain: How would you troubleshoot sudden memory exhaustion caused by a silent queue backlog causing millions of dropped events?,Problem Solving
"From your experience, Describe a challenging post-incident review where the root cause was traced back to unbounded in-memory queue buffering rather than microservice circuit breaker tripping prematurely.?",Problem Solving
Can you explain: How do you configure and optimize HashiCorp Vault for secrets for enterprise production workloads?,Role-Specific Skills
"As a senior engineer, Describe a time when you mentored a career switcher unfamiliar with production pipelines who was struggling with confidence in contributing to architectural design reviews.?",Leadership
What are the key trade-offs between React Server Components and Kubernetes Pods when working on cloud container orchestration?,Role-Specific Skills
"Hypothetically, How do you explain why upgrading outdated runtime versions is critical for security to sales and marketing stakeholders?",Communication
"In your previous projects, How do you foster a psychological safety culture where developers feel safe admitting mistakes and proposing bold ideas?",Leadership
"From an architectural standpoint, What strategies do you use for partition pruning and shuffling optimization in Data Engineering?",Role-Specific Skills
"During a technical review, How do you ensure accessibility, cross-browser compatibility, and WCAG compliance in mobile-responsive web applications?",Role-Specific Skills
"From an architectural standpoint, Tell me about a situation where an automated rollback failed and you had to resolve an avalanche of unhandled exceptions crashing microservice pods manually.?",Problem Solving
Could you walk me through: Describe how you design a resilient pipeline for automated test suite execution across parallel runners in modern cloud infrastructure.?,Role-Specific Skills
"How would you design a system that handles 100,000 requests per second using memory-mapped files?",Technical Knowledge
"From an architectural standpoint, Describe a time when you had to convince the VP of Product to prioritize pausing new feature rollouts to fix critical security vulnerabilities.?",Communication
How do you motivate a cross-functional squad to align on adopting asynchronous event-driven architectures without causing delivery friction?,Leadership
"How do you deliver constructive, critical code review feedback without offending a cross-functional product manager?",Communication
"In your previous projects, What strategies do you use for active listening when a colleague expresses frustration with your proposal?",Communication
"Explain how CQRS pattern impacts latency, throughput, and fault tolerance.?",Technical Knowledge
Describe a time when you had to convince a non-technical client sponsor to prioritize migrating legacy monolithic databases to microservices.?,Communication
"In your previous projects, How do you explain why refactoring technical debt prevents system crashes to sales and marketing stakeholders?",Communication
"Hypothetically, How do you motivate a cross-functional squad to align on adopting asynchronous event-driven architectures without causing delivery friction?",Leadership
Could you walk me through: Tell me about a difficult conversation you had with a peer software engineer with strong opinions and how you reached mutual agreement.?,Communication
"As a senior engineer, How do you troubleshoot high CPU utilization and thread starvation when memory metrics appear completely normal?",Problem Solving
Explain the principles of Clean Architecture and when you would avoid it.?,Technical Knowledge
How do you troubleshoot high CPU utilization and thread starvation when memory metrics appear completely normal?,Problem Solving
"From an architectural standpoint, Describe a time when you mentored a newly hired backend developer adjusting to company codebase who was struggling with proactive communication during blockers.?",Leadership
What is the difference between monolithic architecture and Hash index?,Technical Knowledge
"As a senior engineer, How do you deliver constructive, critical code review feedback without offending a cross-functional product manager?",Communication
"During a technical review, in DevOps & Cloud SRE, how do you implement virtualized list rendering for 100k items to ensure high performance?",Role-Specific Skills
"Can you explain: in Data Engineering, how do you implement idempotent ELT data pipelines in Snowflake to ensure high performance?",Role-Specific Skills
"From your experience, Tell me about a time you stepped up to resolve an organizational deadlock involving authorizing third-party cloud vendor lock-in.?",Leadership
"From your experience, Describe how you supported a newly hired backend developer adjusting to company codebase in transitioning to higher-impact architectural responsibilities.?",Leadership
Tell me about a time when you diagnosed and fixed a connection pool exhaustion during a flash sale in production.?,Problem Solving
Describe how you present technical trade-offs to customer support specialists when choosing between a managed cloud proprietary service and an open-source self-hosted cluster.?,Communication
Can you explain: How do you explain the difference between latency and throughput bottlenecks to customer support specialists?,Communication
"As a senior engineer, Tell me about a time you investigated a critical security breach or SQL injection attempt. How did you contain the blast radius?",Problem Solving
Can you explain: Can you explain the difference between declarative programming and eventual consistency in software engineering?,Technical Knowledge
"From your experience, How would you troubleshoot sudden memory exhaustion caused by a silent queue backlog causing millions of dropped events?",Problem Solving
"In an enterprise environment, Describe how you run a blameless post-mortem so the team communicates openly about mistakes.?",Communication
"From an architectural standpoint, How do you deliver constructive, critical code review feedback without offending a strict QA lead?",Communication
"In your previous projects, How do you design an idempotent API endpoint for inventory reservation systems?",Technical Knowledge
Can you explain: How do indexes in Redis improve query performance and what are the overhead costs?,Technical Knowledge
"In your previous projects, How do you communicate a critical production outage to the VP of Product during active incident response?",Communication
"From your experience, Tell me about a time you stepped up to resolve an organizational deadlock involving enforcing strict functional programming paradigms.?",Leadership
Could you walk me through: Describe a complex technical problem where you had very limited log data and monitoring. How did you isolate root cause?,Problem Solving
"In your previous projects, How do you investigate intermittent latency regressions when downstream third-party rate limits is suspected?",Problem Solving
How do you identify whether a performance slowdown is caused by unbounded in-memory queue buffering or unoptimized disk I/O swapping?,Problem Solving
"In an enterprise environment, How do you deliver constructive, critical code review feedback without offending an external vendor technical contact?",Communication
"During a technical review, Tell me about a time when you diagnosed and fixed a silent queue backlog causing millions of dropped events in production.?",Problem Solving
What are the key trade-offs between AWS Lambda serverless and Kubernetes long-running deployments when working on cloud container orchestration?,Role-Specific Skills
What is the time and space complexity of K-way merge on distributed streams and how can it be optimized?,Technical Knowledge
What are the key trade-offs between Apache Kafka and Apache Flink when working on cloud container orchestration?,Role-Specific Skills
"Hypothetically, How do you approach troubleshooting an intermittent issue that disappears immediately whenever verbose debug logging is enabled?",Problem Solving
Describe a time when you mentored a talented engineer struggling with imposter syndrome who was struggling with proactive communication during blockers.?,Leadership
"Hypothetically, How do you explain why upgrading outdated runtime versions is critical for security to customer support specialists?",Communication
"In Data Engineering, how do you implement virtualized list rendering for 100k items to ensure high performance?",Role-Specific Skills
"In an enterprise environment, How do you handle situations where a the enterprise customer success director demands a delivery deadline you believe is unrealistic?",Communication
"From your experience, What strategies do you use for hardening Linux kernel parameters against DDoS in Cybersecurity Engineering?",Role-Specific Skills
"From your experience, Describe a time when you mentored a newly hired backend developer adjusting to company codebase who was struggling with time management and estimation accuracy.?",Leadership
Could you walk me through: How do you troubleshoot high CPU utilization and thread starvation when memory metrics appear completely normal?,Problem Solving
How do you identify whether a performance slowdown is caused by CPU throttling by Kubernetes CFS quota or unoptimized disk I/O swapping?,Problem Solving
Tell me about a time you had to deliver bad news regarding project delays to a non-technical client sponsor.?,Communication
"In an enterprise environment, How do you triage and prioritize five simultaneous critical production alerts during an on-call shift?",Problem Solving
"In your previous projects, How do you articulate complex system constraints during cross-functional sprint planning sessions?",Communication
"As a senior engineer, How do you handle a situation where two senior engineers on your team strongly disagree on choosing between Go and Rust for a new microservice?",Leadership
Describe how you present technical trade-offs to non-technical business executives when choosing between a managed cloud proprietary service and an open-source self-hosted cluster.?,Communication
"In an enterprise environment, Tell me about a time when you diagnosed and fixed an unexpected thread deadlock freezing background queue workers in production.?",Problem Solving
"In your previous projects, Describe how you present technical trade-offs to non-technical business executives when choosing between a managed cloud proprietary service and a resilient scalable architecture with higher initial development cost.?",Communication
"As a senior engineer, How do you handle a situation where two senior engineers on your team strongly disagree on enforcing strict functional programming paradigms?",Leadership
Could you walk me through: Tell me about an initiative you led from conception to delivery across multiple cross-functional teams.?,Leadership
"From your experience, How do you investigate intermittent latency regressions when TCP socket file descriptor leaks is suspected?",Problem Solving
"Hypothetically, Describe a scenario where you had to lead a project with ambiguous requirements and tight organizational deadlines.?",Leadership
"As a senior engineer, in Cybersecurity Engineering, how do you implement virtualized list rendering for 100k items to ensure high performance?",Role-Specific Skills
"During a technical review, Tell me about a difficult conversation you had with an external vendor technical contact and how you reached mutual agreement.?",Communication
"Hypothetically, What are the best practices for implementing distributed transactions (2PC) in a high-scale service?",Technical Knowledge
"From your experience, in Cybersecurity Engineering, how do you implement zero-trust identity-aware network segmentation to ensure high performance?",Role-Specific Skills
Can you explain the difference between object-oriented programming and eventual consistency in software engineering?,Technical Knowledge
What is the difference between TCP and NoSQL databases?,Technical Knowledge
"During a technical review, What is the time and space complexity of K-way merge on distributed streams and how can it be optimized?",Technical Knowledge
"During a technical review, in Frontend Engineering, how do you implement zero-trust identity-aware network segmentation to ensure high performance?",Role-Specific Skills
Could you walk me through: Explain the CAP theorem and how consistent hashing chooses between consistency and availability.?,Technical Knowledge
"As a senior engineer, Tell me about a situation where an automated rollback failed and you had to resolve a sudden disk I/O saturation freezing asynchronous write operations manually.?",Problem Solving
"In an enterprise environment, Tell me about a time you had to deliver difficult feedback about code quality and test design while maintaining trust.?",Leadership
"Hypothetically, Describe a scenario where you negotiated the scope of a feature release with a non-technical client sponsor.?",Communication
"During a technical review, Walk me through your step-by-step debugging process when the API response time degrades from 50ms to 12 seconds occurs on a mission-critical service.?",Problem Solving
Can you explain: How do you drive consensus on adopting implementing observability and distributed tracing standards when there is substantial resistance from legacy developers?,Leadership
"From an architectural standpoint, How do you handle data consistency and isolation levels in MySQL InnoDB?",Technical Knowledge
"During a technical review, Describe a time when you had to manage an underperforming team member. How did you handle the situation empathetically?",Leadership
What is the time and space complexity of Dijkstra's shortest path algorithm and how can it be optimized?,Technical Knowledge
"As a senior engineer, How do you handle a situation where two senior engineers on your team strongly disagree on authorizing third-party cloud vendor lock-in?",Leadership
Could you walk me through: Describe a challenging post-incident review where the root cause was traced back to garbage collection pause times rather than TCP socket file descriptor leaks.?,Problem Solving
"In an enterprise environment, How would you design a system that handles real-time analytics over petabytes of data using memory-mapped files?",Technical Knowledge
What are the internal mechanics of virtual method dispatch and vtables in Python?,Technical Knowledge
"As a senior engineer, What strategies do you use for partition pruning and shuffling optimization in QA Automation?",Role-Specific Skills
What are the internal mechanics of virtual method dispatch and vtables in Rust?,Technical Knowledge
What are the key trade-offs between Cypress and Client-Side Hydration when working on cloud container orchestration?,Role-Specific Skills
"From an architectural standpoint, How does Redis handle cache invalidation, cache stampede, and eviction policies?",Technical Knowledge
"During a technical review, How do you approach troubleshooting an intermittent issue that disappears immediately whenever verbose debug logging is enabled?",Problem Solving
Could you walk me through: Describe the configuration of Kubernetes Horizontal Pod Autoscalers (HPA) based on custom Prometheus metrics.?,Role-Specific Skills
"During a technical review, Describe a time when you mentored a newly hired backend developer adjusting to company codebase who was struggling with handling ambiguous technical specifications.?",Leadership
"In an enterprise environment, Describe a time when you had to convince the VP of Product to prioritize a comprehensive architectural refactor.?",Communication
"Hypothetically, Walk me through your step-by-step debugging process when the HTTP request error rate spikes to 25% occurs on a mission-critical service.?",Problem Solving
Can you explain: What strategies do you use for partition pruning and shuffling optimization in Cybersecurity Engineering?,Role-Specific Skills
"During a technical review, How do you manage database migrations safely with zero-downtime using tools like Flyway or Liquibase in DevOps & Cloud SRE?",Role-Specific Skills
"From your experience, Walk me through how you solved a stubborn distributed race condition that only occurred once every thousand requests.?",Problem Solving
"During a technical review, Tell me about a time you noticed an engineer feeling burned out or disengaged. What actions did you take?",Leadership
"In an enterprise environment, How would you design a system that handles 100,000 requests per second using connection pooling?",Technical Knowledge
"Hypothetically, Can you explain the difference between object-oriented programming and stateless microservices in software engineering?",Technical Knowledge
"Hypothetically, Describe how you present technical trade-offs to sales and marketing stakeholders when choosing between building a customized in-house solution and an open-source self-hosted cluster.?",Communication
"How would you design a system that handles 100,000 requests per second using connection pooling?",Technical Knowledge
"As a senior engineer, Describe how you run a blameless post-mortem so the team communicates openly about mistakes.?",Communication
How would you troubleshoot sudden memory exhaustion caused by a silent queue backlog causing millions of dropped events?,Problem Solving
"From your experience, What is the difference between Blue-Green deployments and Canary deployments in Kubernetes?",Role-Specific Skills
What are the internal mechanics of virtual method dispatch and vtables in C#?,Technical Knowledge
"Hypothetically, How do you configure and optimize Kubernetes ingress controllers for enterprise production workloads?",Role-Specific Skills
"During a technical review, How do you drive consensus on adopting adopting asynchronous event-driven architectures when there is substantial resistance from legacy developers?",Leadership
"From an architectural standpoint, What are the key trade-offs between Cypress and Playwright when working on real-time clickstream processing?",Role-Specific Skills
"From your experience, Explain how CORS policy enforcement protects against common vulnerabilities in modern web applications.?",Technical Knowledge
How would you design a system that handles real-time analytics over petabytes of data using connection pooling?,Technical Knowledge
Can you explain: Tell me about a difficult conversation you had with a cross-functional product manager and how you reached mutual agreement.?,Communication
"As a senior engineer, Describe a time when you mentored a newly hired backend developer adjusting to company codebase who was struggling with confidence in contributing to architectural design reviews.?",Leadership
"As a senior engineer, How do you handle situations where a the Chief Operating Officer demands a delivery deadline you believe is unrealistic?",Communication
"As a senior engineer, Describe a time when you had to convince the Chief Operating Officer to prioritize a comprehensive architectural refactor.?",Communication
"Can you explain: How do you navigate team member promotions, performance evaluations, and compensation reviews fairly?",Leadership
"Hypothetically, How does in-memory Guava cache handle cache invalidation, cache stampede, and eviction policies?",Technical Knowledge
"In an enterprise environment, How do you investigate intermittent latency regressions when microservice circuit breaker tripping prematurely is suspected?",Problem Solving
What happens from a networking perspective when a TLS 1.3 handshake is established occurs?,Technical Knowledge
Could you walk me through: How do you explain database sharding and eventual consistency to client account managers?,Communication
"From an architectural standpoint, Tell me about a time you successfully onboarded multiple new engineers while maintaining ongoing sprint commitments.?",Leadership
"Hypothetically, Describe a time when you mentored a career switcher unfamiliar with production pipelines who was struggling with understanding distributed systems trade-offs.?",Leadership
"Hypothetically, Describe a time when you had to convince an impatient product owner to prioritize a comprehensive architectural refactor.?",Communication
"During a technical review, How do you explain why refactoring technical debt prevents system crashes to client account managers?",Communication
Could you walk me through: How would you troubleshoot sudden memory exhaustion caused by a critical memory leak causing cascading OOM kills?,Problem Solving
"During a technical review, How do you resolve the ABA problem in lock-free data structures in multithreaded applications?",Technical Knowledge
Could you walk me through: Explain the CAP theorem and how read-write replicas chooses between consistency and availability.?,Technical Knowledge
Explain the principles of Event Sourcing and when you would avoid it.?,Technical Knowledge
Can you explain the difference between strong consistency and functional programming in software engineering?,Technical Knowledge
"From your experience, Tell me about a time you had to deliver difficult feedback about handling ambiguous technical specifications while maintaining trust.?",Leadership
"From your experience, Describe a challenging post-incident review where the root cause was traced back to garbage collection pause times rather than downstream third-party rate limits.?",Problem Solving
"As a senior engineer, Describe the configuration of Kubernetes Horizontal Pod Autoscalers (HPA) based on custom Prometheus metrics.?",Role-Specific Skills
"In your previous projects, How does in-memory Guava cache handle cache invalidation, cache stampede, and eviction policies?",Technical Knowledge
"Hypothetically, How do you handle situations where a the Chief Operating Officer demands a delivery deadline you believe is unrealistic?",Communication
"In an enterprise environment, How do you keep team morale and velocity high during intense crunch periods or corporate restructuring?",Leadership
"From an architectural standpoint, Describe how you design a resilient pipeline for zero-downtime database schema migration in modern cloud infrastructure.?",Role-Specific Skills
"Hypothetically, How do you troubleshoot high CPU utilization and thread starvation when memory metrics appear completely normal?",Problem Solving
"In an enterprise environment, in Cybersecurity Engineering, how do you implement idempotent ELT data pipelines in Snowflake to ensure high performance?",Role-Specific Skills
"Hypothetically, What is the difference between Blue-Green deployments and Canary deployments in Kubernetes?",Role-Specific Skills
"In an enterprise environment, How do you deliver constructive, critical code review feedback without offending a legacy system maintainer?",Communication
Could you walk me through: How do you explain why refactoring technical debt prevents system crashes to client account managers?,Communication
Could you walk me through: Tell me about a time you stepped up to resolve an organizational deadlock involving authorizing third-party cloud vendor lock-in.?,Leadership
"What methodology do you apply when decomposing a messy, undocumented legacy system bug?",Problem Solving
"During a technical review, How do you investigate intermittent latency regressions when TCP socket file descriptor leaks is suspected?",Problem Solving
What are the key trade-offs between Docker Compose and Apache Flink when working on real-time clickstream processing?,Role-Specific Skills
"As a senior engineer, What are the best practices for implementing memory-mapped files in a high-scale service?",Technical Knowledge
Could you walk me through: What is the difference between synchronous and asynchronous processing in read-write replicas?,Technical Knowledge
"From your experience, How do you handle situations where a an impatient product owner demands a delivery deadline you believe is unrealistic?",Communication
"As a senior engineer, What are the key trade-offs between Docker Compose and Kubernetes Pods when working on frontend state synchronization?",Role-Specific Skills
What are the key trade-offs between Apache Kafka and Client-Side Hydration when working on end-to-end regression validation?,Role-Specific Skills
"As a senior engineer, How do you keep team morale and velocity high during intense crunch periods or corporate restructuring?",Leadership
"In your previous projects, What is your philosophy on servant leadership versus top-down command in high-performing engineering teams?",Leadership
"In your previous projects, How do you write reliable, maintainable end-to-end integration tests using Selenium Grid without creating flaky tests?",Role-Specific Skills
"During a technical review, What is the difference between Kafka and Hash index?",Technical Knowledge
Can you explain: Tell me about a time you stepped up to resolve an organizational deadlock involving introducing GraphQL over RESTful API architecture.?,Leadership
Can you explain the difference between strong consistency and imperative programming in software engineering?,Technical Knowledge
What is the difference between B-tree index and asymmetric encryption?,Technical Knowledge
"From your experience, Tell me about a time you stepped up to resolve an organizational deadlock involving enforcing 90% code coverage requirements on pull requests.?",Leadership
"Hypothetically, in DevOps & Cloud SRE, how do you implement contract testing between microservices with Pact to ensure high performance?",Role-Specific Skills
"As a senior engineer, How do you handle a situation where two senior engineers on your team strongly disagree on decoupling legacy monolithic database schemas?",Leadership
"How do you navigate team member promotions, performance evaluations, and compensation reviews fairly?",Leadership
"From an architectural standpoint, How do you drive consensus on adopting implementing observability and distributed tracing standards when there is substantial resistance from legacy developers?",Leadership
"From an architectural standpoint, Describe how you supported a mid-level engineer aiming for senior promotion in transitioning to higher-impact architectural responsibilities.?",Leadership
Describe a time when you had to manage an underperforming team member. How did you handle the situation empathetically?,Leadership
"From your experience, Tell me about a time when a critical project you were leading was failing. How did you turn it around?",Leadership
"As a senior engineer, Describe how you prioritize technical debt against business feature roadmap requests at an organizational level.?",Leadership
"In your previous projects, Describe the configuration of Kubernetes Horizontal Pod Autoscalers (HPA) based on custom Prometheus metrics.?",Role-Specific Skills
Can you explain: Describe a scenario where you negotiated the scope of a feature release with the Chief Operating Officer.?,Communication
"From an architectural standpoint, Describe an incident where a faulty deployment caused widespread 500 server errors. What was your immediate mitigation?",Problem Solving
How do you identify whether a performance slowdown is caused by database connection pooling saturation or downstream third-party rate limits?,Problem Solving
"In your previous projects, How do you profile and eliminate bundle bloat, tree-shaking failures, and excessive CSS in modern web applications?",Role-Specific Skills
"Hypothetically, How do you design an idempotent API endpoint for user order placement checkout?",Technical Knowledge
"Hypothetically, Describe a time when you mentored a newly hired backend developer adjusting to company codebase who was struggling with writing thorough documentation and unit tests.?",Leadership
"In an enterprise environment, Tell me about a time you had to deliver difficult feedback about handling ambiguous technical specifications while maintaining trust.?",Leadership
Tell me about a time when you diagnosed and fixed a silent queue backlog causing millions of dropped events in production.?,Problem Solving
"From your experience, How do you configure and optimize Prometheus and Grafana dashboards for enterprise production workloads?",Role-Specific Skills
"In an enterprise environment, Describe how you design a resilient pipeline for real-time financial transaction ingestion in modern cloud infrastructure.?",Role-Specific Skills
Can you explain: How do you run effective 1-on-1 meetings that support the long-term career growth of your direct reports?,Leadership
Can you explain: Tell me about a time you had to deliver difficult feedback about time management and estimation accuracy while maintaining trust.?,Leadership
"During a technical review, Explain the CAP theorem and how connection pooling chooses between consistency and availability.?",Technical Knowledge
Describe how you present technical trade-offs to product managers without coding background when choosing between building a customized in-house solution and an open-source self-hosted cluster.?,Communication
Could you walk me through: How do you motivate a cross-functional squad to align on moving to container orchestration and GitOps without causing delivery friction?,Leadership
"From your experience, How do you handle data consistency and isolation levels in Elasticsearch?",Technical Knowledge
"In an enterprise environment, Describe how you present technical trade-offs to customer support specialists when choosing between faster time-to-market with accumulated tech debt and an open-source self-hosted cluster.?",Communication
"As a senior engineer, Describe how you supported a newly hired backend developer adjusting to company codebase in transitioning to higher-impact architectural responsibilities.?",Leadership
"Hypothetically, How do you write reliable, maintainable end-to-end integration tests using Cypress without creating flaky tests?",Role-Specific Skills
"From an architectural standpoint, How do you drive consensus on adopting adopting asynchronous event-driven architectures when there is substantial resistance from legacy developers?",Leadership
"In your previous projects, Describe a challenging post-incident review where the root cause was traced back to garbage collection pause times rather than underlying cloud network packet loss.?",Problem Solving
"In your previous projects, How do you balance delegating important tasks to junior developers while maintaining high delivery quality?",Leadership
What is the difference between TCP and RabbitMQ?,Technical Knowledge
"Hypothetically, Explain how consistent hashing impacts latency, throughput, and fault tolerance.?",Technical Knowledge
"In your previous projects, Tell me about a time you stepped up to resolve an organizational deadlock involving choosing between Go and Rust for a new microservice.?",Leadership
"In your previous projects, Tell me about a time you had to deliver difficult feedback about confidence in contributing to architectural design reviews while maintaining trust.?",Leadership
"From your experience, How do indexes in Cassandra improve query performance and what are the overhead costs?",Technical Knowledge
"As a senior engineer, Describe how you present technical trade-offs to client account managers when choosing between building a customized in-house solution and an open-source self-hosted cluster.?",Communication
"As a senior engineer, How do you investigate intermittent latency regressions when underlying cloud network packet loss is suspected?",Problem Solving
"During a technical review, How do you keep team morale and velocity high during intense crunch periods or corporate restructuring?",Leadership
Can you explain: Tell me about a time when you diagnosed and fixed an exponential spike in 504 Gateway Timeouts in production.?,Problem Solving
"As a senior engineer, What is the difference between synchronous and asynchronous processing in rate limiting?",Technical Knowledge
"During a technical review, Tell me about a time when you diagnosed and fixed a connection pool exhaustion during a flash sale in production.?",Problem Solving
"From your experience, What is the difference between synchronous and asynchronous processing in database sharding?",Technical Knowledge
"In an enterprise environment, How do you debug an application that runs perfectly in local staging but fails intermittently in Kubernetes production?",Problem Solving
"During a technical review, What are the key trade-offs between Cypress and Client-Side Hydration when working on cloud container orchestration?",Role-Specific Skills
"From an architectural standpoint, Can you explain the difference between strong consistency and functional programming in software engineering?",Technical Knowledge
Can you explain: Explain the CAP theorem and how database sharding chooses between consistency and availability.?,Technical Knowledge
"In your previous projects, How do you handle situations where a the enterprise customer success director demands a delivery deadline you believe is unrealistic?",Communication
"In your previous projects, Tell me about a time you had to deliver difficult feedback about time management and estimation accuracy while maintaining trust.?",Leadership
Can you explain: What best practices do you follow for building reusable design system components in Vue 3?,Role-Specific Skills
"In an enterprise environment, Tell me about a time you stepped up to resolve an organizational deadlock involving decoupling legacy monolithic database schemas.?",Leadership
"As a senior engineer, How do you investigate intermittent latency regressions when downstream third-party rate limits is suspected?",Problem Solving
"From an architectural standpoint, How would you design a system that handles 100,000 requests per second using distributed transactions (2PC)?",Technical Knowledge
"In an enterprise environment, Can you share an experience where miscommunication led to a bug or delay, and how you corrected it?",Communication
Walk me through how you would isolate an issue when the API response time degrades from 50ms to 12 seconds happens right after a major framework upgrade.?,Problem Solving
"In an enterprise environment, How do you motivate a cross-functional squad to align on automated CI/CD trunk-based development without causing delivery friction?",Leadership
"During a technical review, Tell me about a time you stepped up to resolve an organizational deadlock involving enforcing strict functional programming paradigms.?",Leadership
Describe how you present technical trade-offs to sales and marketing stakeholders when choosing between faster time-to-market with accumulated tech debt and a resilient scalable architecture with higher initial development cost.?,Communication
"In an enterprise environment, Tell me about a situation where an automated rollback failed and you had to resolve a silent queue backlog causing millions of dropped events manually.?",Problem Solving
Can you explain: Describe a time when you mentored a mid-level engineer aiming for senior promotion who was struggling with code quality and test design.?,Leadership
"From an architectural standpoint, How do you keep team morale and velocity high during intense crunch periods or corporate restructuring?",Leadership
"Can you explain: How do you establish engineering standards, code quality benchmarks, and automated testing rigor across a team?",Leadership
"What strategies do you use for optimizing Core Web Vitals (LCP, INP, CLS) in Frontend Engineering?",Role-Specific Skills
How would you design a system that handles low-latency financial transactions under 5ms using CQRS pattern?,Technical Knowledge
"From your experience, Walk me through how you would isolate an issue when database replication lag surges past 30 minutes happens right after a major framework upgrade.?",Problem Solving
"In an enterprise environment, Describe how you present technical trade-offs to non-technical business executives when choosing between building a customized in-house solution and purchasing an off-the-shelf third-party integration.?",Communication
Could you walk me through: What best practices do you follow for building reusable design system components in Angular?,Role-Specific Skills
Describe how you present technical trade-offs to client account managers when choosing between faster time-to-market with accumulated tech debt and a resilient scalable architecture with higher initial development cost.?,Communication
How would you design a system that handles millions of concurrent WebSocket connections using circuit breaker pattern?,Technical Knowledge
What are the best practices for implementing distributed transactions (2PC) in a high-scale service?,Technical Knowledge
"From an architectural standpoint, Tell me about a difficult conversation you had with a peer software engineer with strong opinions and how you reached mutual agreement.?",Communication
"In an enterprise environment, What best practices do you follow for building reusable design system components in Angular?",Role-Specific Skills
"From an architectural standpoint, How do you investigate intermittent latency regressions when TCP socket file descriptor leaks is suspected?",Problem Solving
"In an enterprise environment, How do you resolve thread starvation and livelocks in multithreaded applications?",Technical Knowledge
"In an enterprise environment, Tell me about a time you had to deliver bad news regarding project delays to the enterprise customer success director.?",Communication
"In an enterprise environment, Describe how you present technical trade-offs to product managers without coding background when choosing between faster time-to-market with accumulated tech debt and an open-source self-hosted cluster.?",Communication
"In your previous projects, How do you motivate a cross-functional squad to align on mandatory peer code reviews and static security scanning without causing delivery friction?",Leadership
"During a technical review, Describe a time when you mentored a junior software engineer who was struggling with code quality and test design.?",Leadership
Can you explain: How do you design a comprehensive regression testing matrix for a critical payment gateway service?,Role-Specific Skills
How do you communicate a critical production outage to the VP of Product during active incident response?,Communication
"Hypothetically, What are the key trade-offs between React Server Components and Kubernetes Pods when working on cloud container orchestration?",Role-Specific Skills
"From your experience, Describe a time when you had to convince the enterprise customer success director to prioritize a comprehensive architectural refactor.?",Communication
Describe a scenario where you had to lead a project with ambiguous requirements and tight organizational deadlines.?,Leadership
What are the key trade-offs between React Server Components and Client-Side Hydration when working on cloud container orchestration?,Role-Specific Skills
Can you explain: Describe a time when you mentored a career switcher unfamiliar with production pipelines who was struggling with confidence in contributing to architectural design reviews.?,Leadership
"From your experience, How do you drive consensus on adopting strict test-driven development (TDD) when there is substantial resistance from legacy developers?",Leadership
"From an architectural standpoint, What strategies do you use for partition pruning and shuffling optimization in Cybersecurity Engineering?",Role-Specific Skills
"From your experience, Describe a time when you mentored a talented engineer struggling with imposter syndrome who was struggling with handling ambiguous technical specifications.?",Leadership
"During a technical review, What happens from a networking perspective when a packet travels across NAT gateways and routers occurs?",Technical Knowledge
What are the key trade-offs between Docker Compose and Apache Flink when working on frontend state synchronization?,Role-Specific Skills
"From an architectural standpoint, Describe how you present technical trade-offs to sales and marketing stakeholders when choosing between faster time-to-market with accumulated tech debt and a resilient scalable architecture with higher initial development cost.?",Communication
Can you explain: Tell me about a time you investigated a critical security breach or SQL injection attempt. How did you contain the blast radius?,Problem Solving
"Can you explain: How do you profile and eliminate bundle bloat, tree-shaking failures, and excessive CSS in modern web applications?",Role-Specific Skills
How would you design a system that handles low-latency financial transactions under 5ms using consistent hashing?,Technical Knowledge
"In your previous projects, Explain the CAP theorem and how message broker partitioning chooses between consistency and availability.?",Technical Knowledge
Could you walk me through: How do you explain the difference between latency and throughput bottlenecks to non-technical business executives?,Communication
Can you explain: What strategies do you use for hardening Linux kernel parameters against DDoS in QA Automation?,Role-Specific Skills
"From an architectural standpoint, Describe how you run a blameless post-mortem so the team communicates openly about mistakes.?",Communication
Can you explain: What is your approach to setting up distributed tracing with OpenTelemetry and Jaeger across microservices?,Role-Specific Skills
"Hypothetically, What best practices do you follow for building reusable design system components in Angular?",Role-Specific Skills
Describe a time when you had to convince a non-technical client sponsor to prioritize pausing new feature rollouts to fix critical security vulnerabilities.?,Communication
"From an architectural standpoint, Can you explain the difference between declarative programming and functional programming in software engineering?",Technical Knowledge
"In an enterprise environment, Tell me about a time when you resolved a catastrophic database deadlock under peak traffic.?",Problem Solving
Can you explain: How do you diagnose memory leaks in long-running containerized microservices without restarting the cluster?,Problem Solving
"Hypothetically, How do you ensure requirements and technical architecture are clearly understood across a distributed team?",Communication
"During a technical review, How do you deliver constructive, critical code review feedback without offending a strict QA lead?",Communication
Describe how you present technical trade-offs to client account managers when choosing between faster time-to-market with accumulated tech debt and purchasing an off-the-shelf third-party integration.?,Communication
"In an enterprise environment, Explain how database sharding impacts latency, throughput, and fault tolerance.?",Technical Knowledge
What is the difference between processes and NoSQL databases?,Technical Knowledge
"In your previous projects, Describe a complex technical problem where you had very limited log data and monitoring. How did you isolate root cause?",Problem Solving
"Explain how connection pooling impacts latency, throughput, and fault tolerance.?",Technical Knowledge
Describe how you present technical trade-offs to product managers without coding background when choosing between a managed cloud proprietary service and an open-source self-hosted cluster.?,Communication
"In your previous projects, Describe a time when you had to convince the VP of Product to prioritize allocating 30% of sprint capacity to test automation.?",Communication
"As a senior engineer, Describe how you design a resilient pipeline for zero-downtime database schema migration in modern cloud infrastructure.?",Role-Specific Skills
"Hypothetically, How do you communicate a critical production outage to the enterprise customer success director during active incident response?",Communication
Could you walk me through: How do you design an idempotent API endpoint for user order placement checkout?,Technical Knowledge
"In your previous projects, Tell me about a situation where an automated rollback failed and you had to resolve a silent queue backlog causing millions of dropped events manually.?",Problem Solving
Can you explain: How do you configure and optimize Prometheus and Grafana dashboards for enterprise production workloads?,Role-Specific Skills
"Hypothetically, What methodology do you apply when decomposing a messy, undocumented legacy system bug?",Problem Solving
Can you explain: How do you investigate intermittent latency regressions when downstream third-party rate limits is suspected?,Problem Solving
What is the difference between synchronous and asynchronous processing in read-write replicas?,Technical Knowledge
"In an enterprise environment, How do you explain why distributed consensus algorithms cannot guarantee zero latency to product managers without coding background?",Communication
Can you explain: Describe a scenario where you negotiated the scope of a feature release with an impatient product owner.?,Communication
"Hypothetically, Describe a time when you mentored a career switcher unfamiliar with production pipelines who was struggling with handling ambiguous technical specifications.?",Leadership
"Could you walk me through: How do you establish engineering standards, code quality benchmarks, and automated testing rigor across a team?",Leadership
Can you explain: Describe a challenging post-incident review where the root cause was traced back to DNS query resolution latency rather than application thread lock contention.?,Problem Solving
Describe a time when you mentored a mid-level engineer aiming for senior promotion who was struggling with proactive communication during blockers.?,Leadership
What strategies do you use for mocking flaky third-party payment endpoints in Data Engineering?,Role-Specific Skills
"During a technical review, Describe a challenging post-incident review where the root cause was traced back to garbage collection pause times rather than unoptimized disk I/O swapping.?",Problem Solving
"During a technical review, Describe a time when you had to convince the VP of Product to prioritize pausing new feature rollouts to fix critical security vulnerabilities.?",Communication
"From your experience, Tell me about a time you had to deliver bad news regarding project delays to an impatient product owner.?",Communication
"Hypothetically, How does garbage collection work in Java and how can you minimize stop-the-world pauses?",Technical Knowledge
"In your previous projects, How would you troubleshoot sudden memory exhaustion caused by an avalanche of unhandled exceptions crashing microservice pods?",Problem Solving
"During a technical review, How do you configure and optimize Next.js SSR caching layers for enterprise production workloads?",Role-Specific Skills
Can you explain: How do you handle a situation where two senior engineers on your team strongly disagree on enforcing 90% code coverage requirements on pull requests?,Leadership
How would you troubleshoot sudden memory exhaustion caused by a sudden disk I/O saturation freezing asynchronous write operations?,Problem Solving
"From an architectural standpoint, Describe how you supported a career switcher unfamiliar with production pipelines in transitioning to higher-impact architectural responsibilities.?",Leadership
"Can you explain: Describe how you manage Terraform state files, lock mechanisms, and module hierarchies in multi-environment setups.?",Role-Specific Skills
"Hypothetically, How do you handle situations where a an impatient product owner demands a delivery deadline you believe is unrealistic?",Communication
Tell me about a time when a critical project you were leading was failing. How did you turn it around?,Leadership
"From your experience, How do you deliver constructive, critical code review feedback without offending a cross-functional product manager?",Communication
"In an enterprise environment, How do you explain why upgrading outdated runtime versions is critical for security to client account managers?",Communication
Could you walk me through: What best practices do you follow for building reusable design system components in Vue 3?,Role-Specific Skills
"In your previous projects, What is the difference between TCP and HTTP/3?",Technical Knowledge
"Describe how you manage Terraform state files, lock mechanisms, and module hierarchies in multi-environment setups.?",Role-Specific Skills
How do you resolve thread starvation and livelocks in multithreaded applications?,Technical Knowledge
"Hypothetically, Describe a time when you mentored a junior software engineer who was struggling with understanding distributed systems trade-offs.?",Leadership
"Hypothetically, Describe a challenging post-incident review where the root cause was traced back to garbage collection pause times rather than unoptimized disk I/O swapping.?",Problem Solving
"From your experience, How do you communicate a critical production outage to the Chief Operating Officer during active incident response?",Communication
Could you walk me through: How do you tailor your communication style when speaking with junior engineers versus C-level executives?,Communication
"Hypothetically, How do you drive consensus on adopting moving to container orchestration and GitOps when there is substantial resistance from legacy developers?",Leadership
"As a senior engineer, Tell me about a difficult conversation you had with a strict QA lead and how you reached mutual agreement.?",Communication
How do you manage database migrations safely with zero-downtime using tools like Flyway or Liquibase in QA Automation?,Role-Specific Skills
"Can you explain: How do you write reliable, maintainable end-to-end integration tests using Playwright without creating flaky tests?",Role-Specific Skills
"During a technical review, How does in-memory Guava cache handle cache invalidation, cache stampede, and eviction policies?",Technical Knowledge
"From your experience, Describe how you run a blameless post-mortem so the team communicates openly about mistakes.?",Communication
"During a technical review, Describe a challenging post-incident review where the root cause was traced back to unbounded in-memory queue buffering rather than TCP socket file descriptor leaks.?",Problem Solving
"From an architectural standpoint, Describe how you present technical trade-offs to customer support specialists when choosing between a managed cloud proprietary service and a resilient scalable architecture with higher initial development cost.?",Communication
"From your experience, What happens from a networking perspective when a DNS recursive resolution query is executed occurs?",Technical Knowledge
Can you explain: What is the difference between synchronous and asynchronous processing in WAL (write-ahead log)?,Technical Knowledge
Tell me about a time you stepped up to resolve an organizational deadlock involving authorizing third-party cloud vendor lock-in.?,Leadership
"In an enterprise environment, Describe how you present technical trade-offs to non-technical business executives when choosing between faster time-to-market with accumulated tech debt and purchasing an off-the-shelf third-party integration.?",Communication
"As a senior engineer, Tell me about a time you successfully persuaded a skeptical teammate to adopt a new testing methodology.?",Communication
How do you explain why refactoring technical debt prevents system crashes to customer support specialists?,Communication
"During a technical review, in Frontend Engineering, how do you implement automated canary rollouts with ArgoCD to ensure high performance?",Role-Specific Skills
"Hypothetically, Tell me about a time you had to deliver difficult feedback about time management and estimation accuracy while maintaining trust.?",Leadership
Can you explain the difference between declarative programming and functional programming in software engineering?,Technical Knowledge
"Hypothetically, How do you explain why distributed consensus algorithms cannot guarantee zero latency to client account managers?",Communication
"From your experience, Describe how you prioritize technical debt against business feature roadmap requests at an organizational level.?",Leadership
"As a senior engineer, Explain how you manage state and avoid unnecessary re-renders in React applications.?",Role-Specific Skills
"Hypothetically, Tell me about a time you had to deliver difficult feedback about proactive communication during blockers while maintaining trust.?",Leadership
What strategies do you use for partition pruning and shuffling optimization in Data Engineering?,Role-Specific Skills
"During a technical review, Tell me about a time you used profiling tools (e.g., Flamegraphs, pprof, VisualVM) to resolve a massive latency spike.?",Problem Solving
"Could you walk me through: in Data Engineering, how do you implement virtualized list rendering for 100k items to ensure high performance?",Role-Specific Skills
"Hypothetically, How do you explain the difference between latency and throughput bottlenecks to non-technical business executives?",Communication
"During a technical review, Walk me through how you would isolate an issue when the API response time degrades from 50ms to 12 seconds happens right after a major framework upgrade.?",Problem Solving
"From an architectural standpoint, What is the difference between processes and pessimistic locking?",Technical Knowledge
"In your previous projects, in Frontend Engineering, how do you implement zero-trust identity-aware network segmentation to ensure high performance?",Role-Specific Skills
"Hypothetically, What strategies do you use for hardening Linux kernel parameters against DDoS in Cybersecurity Engineering?",Role-Specific Skills
"In your previous projects, How do you drive consensus on adopting adopting asynchronous event-driven architectures when there is substantial resistance from legacy developers?",Leadership
"From an architectural standpoint, How do you drive consensus on adopting strict test-driven development (TDD) when there is substantial resistance from legacy developers?",Leadership
"During a technical review, How do you explain why upgrading outdated runtime versions is critical for security to client account managers?",Communication
"Can you explain: in DevOps & Cloud SRE, how do you implement idempotent ELT data pipelines in Snowflake to ensure high performance?",Role-Specific Skills
"In your previous projects, How do you handle disagreements during an architectural design meeting when consensus cannot be reached?",Communication
How do you motivate a cross-functional squad to align on mandatory peer code reviews and static security scanning without causing delivery friction?,Leadership
Could you walk me through: Explain how you manage state and avoid unnecessary re-renders in React applications.?,Role-Specific Skills
"Hypothetically, How do you manage database migrations safely with zero-downtime using tools like Flyway or Liquibase in Data Engineering?",Role-Specific Skills
How would you design a system that handles geo-distributed user sessions with instant failover using message broker partitioning?,Technical Knowledge
"In an enterprise environment, How do you handle a situation where two senior engineers on your team strongly disagree on enforcing 90% code coverage requirements on pull requests?",Leadership
"How do you write reliable, maintainable end-to-end integration tests using Selenium Grid without creating flaky tests?",Role-Specific Skills
"In an enterprise environment, Describe a time when you mentored a intern with minimal real-world experience who was struggling with time management and estimation accuracy.?",Leadership
"In an enterprise environment, How do you drive consensus on adopting strict test-driven development (TDD) when there is substantial resistance from legacy developers?",Leadership
"From your experience, Describe a time when you mentored a career switcher unfamiliar with production pipelines who was struggling with proactive communication during blockers.?",Leadership
"From an architectural standpoint, Describe how you present technical trade-offs to sales and marketing stakeholders when choosing between faster time-to-market with accumulated tech debt and an open-source self-hosted cluster.?",Communication
What are the key trade-offs between AWS Lambda serverless and Kubernetes long-running deployments when working on end-to-end regression validation?,Role-Specific Skills
Can you explain: Describe how you supported a talented engineer struggling with imposter syndrome in transitioning to higher-impact architectural responsibilities.?,Leadership
"In an enterprise environment, in QA Automation, how do you implement contract testing between microservices with Pact to ensure high performance?",Role-Specific Skills
Describe how you present technical trade-offs to customer support specialists when choosing between a managed cloud proprietary service and a resilient scalable architecture with higher initial development cost.?,Communication
"In your previous projects, How do you identify whether a performance slowdown is caused by CPU throttling by Kubernetes CFS quota or unoptimized disk I/O swapping?",Problem Solving
"From an architectural standpoint, Describe how you present technical trade-offs to product managers without coding background when choosing between faster time-to-market with accumulated tech debt and purchasing an off-the-shelf third-party integration.?",Communication
"In an enterprise environment, How do you balance delegating important tasks to junior developers while maintaining high delivery quality?",Leadership
"From an architectural standpoint, What happens from a networking perspective when a TLS 1.3 handshake is established occurs?",Technical Knowledge
"From an architectural standpoint, Describe a challenging post-incident review where the root cause was traced back to unbounded in-memory queue buffering rather than microservice circuit breaker tripping prematurely.?",Problem Solving
"Could you walk me through: in QA Automation, how do you implement zero-trust identity-aware network segmentation to ensure high performance?",Role-Specific Skills
How do you identify whether a performance slowdown is caused by database connection pooling saturation or TCP socket file descriptor leaks?,Problem Solving
Could you walk me through: Describe how you design a resilient pipeline for real-time financial transaction ingestion in modern cloud infrastructure.?,Role-Specific Skills
Walk me through how you would isolate an issue when Kafka consumer lag continuously grows without consumer rebalancing happens right after a major framework upgrade.?,Problem Solving
"Hypothetically, How do you tailor your communication style when speaking with junior engineers versus C-level executives?",Communication
Can you explain: What are the key trade-offs between React Server Components and Client-Side Hydration when working on real-time clickstream processing?,Role-Specific Skills
"As a senior engineer, How do you handle disagreements during an architectural design meeting when consensus cannot be reached?",Communication
Describe a challenging post-incident review where the root cause was traced back to DNS query resolution latency rather than application thread lock contention.?,Problem Solving
Could you walk me through: Tell me about a time you had to deliver difficult feedback about proactive communication during blockers while maintaining trust.?,Leadership
"As a senior engineer, How would you design a system that handles real-time analytics over petabytes of data using rate limiting?",Technical Knowledge
Describe a time when you mentored a career switcher unfamiliar with production pipelines who was struggling with code quality and test design.?,Leadership
"How do you deliver constructive, critical code review feedback without offending a strict QA lead?",Communication
"Hypothetically, Explain how CORS policy enforcement protects against common vulnerabilities in modern web applications.?",Technical Knowledge
"In an enterprise environment, Describe how you present technical trade-offs to non-technical business executives when choosing between faster time-to-market with accumulated tech debt and an open-source self-hosted cluster.?",Communication
Could you walk me through: Tell me about a time when you diagnosed and fixed a Redis cluster split-brain event causing state inconsistency in production.?,Problem Solving
"As a senior engineer, How do you facilitate discussions between teams that have conflicting technical priorities or API requirements?",Communication
"Hypothetically, Tell me about a time you stepped up to resolve an organizational deadlock involving introducing GraphQL over RESTful API architecture.?",Leadership
"In your previous projects, What is the difference between Blue-Green deployments and Canary deployments in Kubernetes?",Role-Specific Skills
"In an enterprise environment, Tell me about a time you stepped up to resolve an organizational deadlock involving introducing GraphQL over RESTful API architecture.?",Leadership
"Hypothetically, Can you explain the trade-offs of using memory-mapped files in production?",Technical Knowledge
"Could you walk me through: How do you navigate team member promotions, performance evaluations, and compensation reviews fairly?",Leadership
How does circuit breaker pattern work under the hood in modern distributed systems?,Technical Knowledge
How do you drive consensus on adopting strict test-driven development (TDD) when there is substantial resistance from legacy developers?,Leadership
What are the key trade-offs between AWS Lambda serverless and Apache Flink when working on cloud container orchestration?,Role-Specific Skills
How would you design a system that handles geo-distributed user sessions with instant failover using database sharding?,Technical Knowledge
"From an architectural standpoint, Tell me about a time you had to deliver difficult feedback about writing thorough documentation and unit tests while maintaining trust.?",Leadership
"As a senior engineer, How does CDN edge caching handle cache invalidation, cache stampede, and eviction policies?",Technical Knowledge
"In an enterprise environment, What strategies do you use for hardening Linux kernel parameters against DDoS in Data Engineering?",Role-Specific Skills
"Could you walk me through: Tell me about a time you used profiling tools (e.g., Flamegraphs, pprof, VisualVM) to resolve a massive latency spike.?",Problem Solving
Describe a challenging post-incident review where the root cause was traced back to DNS query resolution latency rather than microservice circuit breaker tripping prematurely.?,Problem Solving
"During a technical review, Describe a scenario where you negotiated the scope of a feature release with an impatient product owner.?",Communication
"Can you explain: in Cybersecurity Engineering, how do you implement contract testing between microservices with Pact to ensure high performance?",Role-Specific Skills
"As a senior engineer, What is the difference between B-tree index and NoSQL databases?",Technical Knowledge
"From an architectural standpoint, Can you explain the difference between strong consistency and stateless microservices in software engineering?",Technical Knowledge
"In an enterprise environment, How do you drive consensus on adopting mandatory peer code reviews and static security scanning when there is substantial resistance from legacy developers?",Leadership
Describe a time when you mentored a junior software engineer who was struggling with confidence in contributing to architectural design reviews.?,Leadership
"Can you explain: How do you secure a CI/CD pipeline against supply chain attacks, compromised packages, and secret leakage?",Role-Specific Skills
"In an enterprise environment, Tell me about a time you had to deliver difficult feedback about understanding distributed systems trade-offs while maintaining trust.?",Leadership
Can you explain: Tell me about a time when you diagnosed and fixed an unindexed query locking the primary production database in production.?,Problem Solving
"During a technical review, Describe how you supported a newly hired backend developer adjusting to company codebase in transitioning to higher-impact architectural responsibilities.?",Leadership
Describe a time when you mentored a junior software engineer who was struggling with code quality and test design.?,Leadership
Tell me about a time when you diagnosed and fixed an exponential spike in 504 Gateway Timeouts in production.?,Problem Solving
How do you handle a situation where two senior engineers on your team strongly disagree on authorizing third-party cloud vendor lock-in?,Leadership
"From an architectural standpoint, Walk me through your step-by-step debugging process when memory consumption steadily climbs linearly until container restarts occurs on a mission-critical service.?",Problem Solving
"In an enterprise environment, Walk me through how you solved a stubborn distributed race condition that only occurred once every thousand requests.?",Problem Solving
What is the difference between SQL databases and asymmetric encryption?,Technical Knowledge
Describe a challenging post-incident review where the root cause was traced back to unbounded in-memory queue buffering rather than downstream third-party rate limits.?,Problem Solving
Could you walk me through: Describe a time when you mentored a career switcher unfamiliar with production pipelines who was struggling with handling ambiguous technical specifications.?,Leadership
"In your previous projects, Tell me about a time you had to deliver bad news regarding project delays to the Chief Operating Officer.?",Communication
"Could you walk me through: in Data Engineering, how do you implement contract testing between microservices with Pact to ensure high performance?",Role-Specific Skills
"From an architectural standpoint, How do you handle situations where a an impatient product owner demands a delivery deadline you believe is unrealistic?",Communication
Describe a time when you had to convince the Chief Operating Officer to prioritize pausing new feature rollouts to fix critical security vulnerabilities.?,Communication
Tell me about a time you had to deliver difficult feedback about code quality and test design while maintaining trust.?,Leadership
"Hypothetically, What is the difference between Kafka and NoSQL databases?",Technical Knowledge
"From your experience, Tell me about a difficult conversation you had with a legacy system maintainer and how you reached mutual agreement.?",Communication
"In an enterprise environment, Describe how you supported a newly hired backend developer adjusting to company codebase in transitioning to higher-impact architectural responsibilities.?",Leadership
"Could you walk me through: How does CDN edge caching handle cache invalidation, cache stampede, and eviction policies?",Technical Knowledge
Describe a challenging post-incident review where the root cause was traced back to database connection pooling saturation rather than TCP socket file descriptor leaks.?,Problem Solving
"During a technical review, in DevOps & Cloud SRE, how do you implement contract testing between microservices with Pact to ensure high performance?",Role-Specific Skills
How do you triage and prioritize five simultaneous critical production alerts during an on-call shift?,Problem Solving
"During a technical review, Describe a time when you mentored a mid-level engineer aiming for senior promotion who was struggling with proactive communication during blockers.?",Leadership
"Hypothetically, How do you investigate intermittent latency regressions when downstream third-party rate limits is suspected?",Problem Solving
How do you explain why distributed consensus algorithms cannot guarantee zero latency to product managers without coding background?,Communication
"As a senior engineer, How do you drive consensus on adopting mandatory peer code reviews and static security scanning when there is substantial resistance from legacy developers?",Leadership
"From your experience, Walk me through your step-by-step debugging process when worker nodes abruptly crash without emitting a stack trace occurs on a mission-critical service.?",Problem Solving
"During a technical review, How do you write reliable, maintainable end-to-end integration tests using Playwright without creating flaky tests?",Role-Specific Skills
Describe a challenging post-incident review where the root cause was traced back to garbage collection pause times rather than unoptimized disk I/O swapping.?,Problem Solving
"In an enterprise environment, Walk me through how you discovered and patched a silent data corruption bug in an asynchronous processing pipeline.?",Problem Solving
How do you handle disagreements during an architectural design meeting when consensus cannot be reached?,Communication
Can you explain: Walk me through how you would isolate an issue when the HTTP request error rate spikes to 25% happens right after a major framework upgrade.?,Problem Solving
"Could you walk me through: in DevOps & Cloud SRE, how do you implement contract testing between microservices with Pact to ensure high performance?",Role-Specific Skills
Describe how you present technical trade-offs to product managers without coding background when choosing between faster time-to-market with accumulated tech debt and purchasing an off-the-shelf third-party integration.?,Communication
"From an architectural standpoint, Tell me about a time you stepped up to resolve an organizational deadlock involving enforcing 90% code coverage requirements on pull requests.?",Leadership
"From your experience, in Frontend Engineering, how do you implement zero-trust identity-aware network segmentation to ensure high performance?",Role-Specific Skills
"From an architectural standpoint, Tell me about a time you had to deliver difficult feedback about proactive communication during blockers while maintaining trust.?",Leadership
"In your previous projects, How do you manage database migrations safely with zero-downtime using tools like Flyway or Liquibase in Data Engineering?",Role-Specific Skills
"From an architectural standpoint, How do you handle situations where a the VP of Product demands a delivery deadline you believe is unrealistic?",Communication
"As a senior engineer, Walk me through your step-by-step debugging process when clients receive partial and corrupted payload responses occurs on a mission-critical service.?",Problem Solving
Describe a time when you mentored a career switcher unfamiliar with production pipelines who was struggling with time management and estimation accuracy.?,Leadership
What is the difference between synchronous and asynchronous processing in event-driven architecture?,Technical Knowledge
Could you walk me through: Describe how you present technical trade-offs to non-technical business executives when choosing between building a customized in-house solution and a resilient scalable architecture with higher initial development cost.?,Communication
"In your previous projects, How do you write reliable, maintainable end-to-end integration tests using Jest and React Testing Library without creating flaky tests?",Role-Specific Skills
"During a technical review, Describe the configuration of Kubernetes Horizontal Pod Autoscalers (HPA) based on custom Prometheus metrics.?",Role-Specific Skills
"Hypothetically, Describe how you manage Terraform state files, lock mechanisms, and module hierarchies in multi-environment setups.?",Role-Specific Skills
"In your previous projects, How do you investigate intermittent latency regressions when TCP socket file descriptor leaks is suspected?",Problem Solving
"From an architectural standpoint, in Data Engineering, how do you implement automated canary rollouts with ArgoCD to ensure high performance?",Role-Specific Skills
"During a technical review, How do you triage and prioritize five simultaneous critical production alerts during an on-call shift?",Problem Solving
What best practices do you follow for building reusable design system components in Angular?,Role-Specific Skills
"As a senior engineer, Explain the CAP theorem and how message broker partitioning chooses between consistency and availability.?",Technical Knowledge
"From your experience, What happens from a networking perspective when a user types a URL into a browser until the page renders occurs?",Technical Knowledge
Could you walk me through: How would you troubleshoot sudden memory exhaustion caused by an unexpected thread deadlock freezing background queue workers?,Problem Solving
"As a senior engineer, Describe how you present technical trade-offs to sales and marketing stakeholders when choosing between a managed cloud proprietary service and a resilient scalable architecture with higher initial development cost.?",Communication
Describe how you present technical trade-offs to sales and marketing stakeholders when choosing between a managed cloud proprietary service and an open-source self-hosted cluster.?,Communication
"In an enterprise environment, Describe a challenging post-incident review where the root cause was traced back to unbounded in-memory queue buffering rather than TCP socket file descriptor leaks.?",Problem Solving
"From your experience, How do you write reliable, maintainable end-to-end integration tests using Jest and React Testing Library without creating flaky tests?",Role-Specific Skills
Could you walk me through: How do you drive consensus on adopting mandatory peer code reviews and static security scanning when there is substantial resistance from legacy developers?,Leadership
"In your previous projects, in Data Engineering, how do you implement virtualized list rendering for 100k items to ensure high performance?",Role-Specific Skills
"During a technical review, Describe a time when you had to convince the Chief Operating Officer to prioritize migrating legacy monolithic databases to microservices.?",Communication
"From an architectural standpoint, Walk me through how you discovered and patched a silent data corruption bug in an asynchronous processing pipeline.?",Problem Solving
"In your previous projects, Describe how you present technical trade-offs to client account managers when choosing between faster time-to-market with accumulated tech debt and purchasing an off-the-shelf third-party integration.?",Communication
"Hypothetically, What strategies do you use for hardening Linux kernel parameters against DDoS in DevOps & Cloud SRE?",Role-Specific Skills
"Hypothetically, Describe a time when you mentored a intern with minimal real-world experience who was struggling with writing thorough documentation and unit tests.?",Leadership
Could you walk me through: Explain the principles of Service Mesh and when you would avoid it.?,Technical Knowledge
Can you explain: How do you identify whether a performance slowdown is caused by unbounded in-memory queue buffering or underlying cloud network packet loss?,Problem Solving
"During a technical review, What is the difference between synchronous and asynchronous processing in read-write replicas?",Technical Knowledge
Can you explain: Describe a time when you mentored a intern with minimal real-world experience who was struggling with handling ambiguous technical specifications.?,Leadership
"During a technical review, How do you handle a situation where two senior engineers on your team strongly disagree on decoupling legacy monolithic database schemas?",Leadership
Could you walk me through: How do you handle a situation where two senior engineers on your team strongly disagree on enforcing strict functional programming paradigms?,Leadership
"From an architectural standpoint, Can you share an example of a time when your initial hypothesis about a severe bug turned out to be wrong?",Problem Solving
"In an enterprise environment, How do you handle situations where a the VP of Product demands a delivery deadline you believe is unrealistic?",Communication
What are the key trade-offs between Cypress and Playwright when working on real-time clickstream processing?,Role-Specific Skills
Walk me through how you would isolate an issue when the HTTP request error rate spikes to 25% happens right after a major framework upgrade.?,Problem Solving
"Hypothetically, How do you handle a situation where two senior engineers on your team strongly disagree on decoupling legacy monolithic database schemas?",Leadership
"From an architectural standpoint, How do you recognize and develop emerging leadership qualities in engineers on your team?",Leadership
What are the key trade-offs between React Server Components and Playwright when working on microservice communication?,Role-Specific Skills
"In your previous projects, How do you handle situations where a a non-technical client sponsor demands a delivery deadline you believe is unrealistic?",Communication
Could you walk me through: What is the difference between synchronous and asynchronous processing in WAL (write-ahead log)?,Technical Knowledge
Could you walk me through: Walk me through your step-by-step debugging process when the API response time degrades from 50ms to 12 seconds occurs on a mission-critical service.?,Problem Solving
"In an enterprise environment, What are the key trade-offs between React Server Components and Client-Side Hydration when working on frontend state synchronization?",Role-Specific Skills
How do you identify whether a performance slowdown is caused by unbounded in-memory queue buffering or downstream third-party rate limits?,Problem Solving
"As a senior engineer, Tell me about a time you championed a cultural change or diversity initiative within your engineering department.?",Leadership
"In your previous projects, How do you identify whether a performance slowdown is caused by thread lock contention on shared resource caches or microservice circuit breaker tripping prematurely?",Problem Solving
"From your experience, How would you troubleshoot sudden memory exhaustion caused by an avalanche of unhandled exceptions crashing microservice pods?",Problem Solving
"During a technical review, How does Redis handle cache invalidation, cache stampede, and eviction policies?",Technical Knowledge
Can you explain: Tell me about a time you stepped up to resolve an organizational deadlock involving authorizing third-party cloud vendor lock-in.?,Leadership
"In your previous projects, How do you investigate intermittent latency regressions when application thread lock contention is suspected?",Problem Solving
Could you walk me through: Explain how content security policies (CSP) protects against common vulnerabilities in modern web applications.?,Technical Knowledge
"Hypothetically, How do you explain database sharding and eventual consistency to customer support specialists?",Communication
Describe a time when you mentored a career switcher unfamiliar with production pipelines who was struggling with handling ambiguous technical specifications.?,Leadership
"Hypothetically, How do you identify whether a performance slowdown is caused by DNS query resolution latency or unoptimized disk I/O swapping?",Problem Solving
Could you walk me through: What is the time and space complexity of Binary Search on a rotated sorted array and how can it be optimized?,Technical Knowledge
"As a senior engineer, How do you identify whether a performance slowdown is caused by garbage collection pause times or TCP socket file descriptor leaks?",Problem Solving
"During a technical review, How would you troubleshoot sudden memory exhaustion caused by an avalanche of unhandled exceptions crashing microservice pods?",Problem Solving
"From an architectural standpoint, How do you approach troubleshooting an intermittent issue that disappears immediately whenever verbose debug logging is enabled?",Problem Solving
"During a technical review, How does message broker partitioning work under the hood in modern distributed systems?",Technical Knowledge
What is the difference between REST and NoSQL databases?,Technical Knowledge
"From your experience, How do you approach troubleshooting an intermittent issue that disappears immediately whenever verbose debug logging is enabled?",Problem Solving
How do you keep team morale and velocity high during intense crunch periods or corporate restructuring?,Leadership
"From an architectural standpoint, What is the difference between HTTP/2 and NoSQL databases?",Technical Knowledge
Could you walk me through: Describe a time when you mentored a career switcher unfamiliar with production pipelines who was struggling with proactive communication during blockers.?,Leadership
"As a senior engineer, Explain the CAP theorem and how rate limiting chooses between consistency and availability.?",Technical Knowledge
"In your previous projects, How do you handle data consistency and isolation levels in DynamoDB?",Technical Knowledge
How do indexes in Cassandra improve query performance and what are the overhead costs?,Technical Knowledge
"As a senior engineer, Describe a time when you had to convince the Chief Operating Officer to prioritize allocating 30% of sprint capacity to test automation.?",Communication
What are the key trade-offs between Apache Kafka and Apache Flink when working on frontend state synchronization?,Role-Specific Skills
"From your experience, in Cybersecurity Engineering, how do you implement virtualized list rendering for 100k items to ensure high performance?",Role-Specific Skills
Could you walk me through: How do you handle situations where a the Chief Operating Officer demands a delivery deadline you believe is unrealistic?,Communication
Describe a time when you mentored a junior software engineer who was struggling with understanding distributed systems trade-offs.?,Leadership
"From an architectural standpoint, Tell me about a time you stepped up to resolve an organizational deadlock involving introducing GraphQL over RESTful API architecture.?",Leadership
How do you handle a situation where two senior engineers on your team strongly disagree on enforcing strict functional programming paradigms?,Leadership
Can you explain: Describe a challenging post-incident review where the root cause was traced back to DNS query resolution latency rather than microservice circuit breaker tripping prematurely.?,Problem Solving
What are the key trade-offs between Docker Compose and Playwright when working on microservice communication?,Role-Specific Skills
"During a technical review, Describe a scenario where you negotiated the scope of a feature release with the Chief Operating Officer.?",Communication
What is the difference between synchronous and asynchronous processing in message broker partitioning?,Technical Knowledge
Tell me about a time when you diagnosed and fixed a runaway recursive background job consuming all available CPU in production.?,Problem Solving
Could you walk me through: Tell me about a difficult conversation you had with an external vendor technical contact and how you reached mutual agreement.?,Communication
"From an architectural standpoint, How do you triage and prioritize five simultaneous critical production alerts during an on-call shift?",Problem Solving
"From your experience, How do you motivate a cross-functional squad to align on automated CI/CD trunk-based development without causing delivery friction?",Leadership
"During a technical review, Tell me about a situation where an automated rollback failed and you had to resolve an unindexed query locking the primary production database manually.?",Problem Solving
"From your experience, How do indexes in PostgreSQL improve query performance and what are the overhead costs?",Technical Knowledge
Can you explain: Can you explain the trade-offs of using rate limiting in production?,Technical Knowledge
"In an enterprise environment, Tell me about a time you investigated a critical security breach or SQL injection attempt. How did you contain the blast radius?",Problem Solving
What is the difference between optimistic locking and microservices?,Technical Knowledge
What is the difference between synchronous and asynchronous processing in database sharding?,Technical Knowledge
"From your experience, Describe a challenging post-incident review where the root cause was traced back to garbage collection pause times rather than application thread lock contention.?",Problem Solving
"From an architectural standpoint, What is the difference between optimistic locking and RabbitMQ?",Technical Knowledge
What are the best practices for implementing WAL (write-ahead log) in a high-scale service?,Technical Knowledge
"In your previous projects, Tell me about a difficult conversation you had with a peer software engineer with strong opinions and how you reached mutual agreement.?",Communication
"In your previous projects, Tell me about a difficult conversation you had with a strict QA lead and how you reached mutual agreement.?",Communication
Describe a situation where executive management proposed an unreasonable technical mandate. How did you push back?,Leadership
"From your experience, What is the difference between TCP and threads?",Technical Knowledge
"Hypothetically, Tell me about a time you successfully persuaded a skeptical teammate to adopt a new testing methodology.?",Communication
"Hypothetically, How do you drive consensus on adopting strict test-driven development (TDD) when there is substantial resistance from legacy developers?",Leadership
"Hypothetically, What is the difference between synchronous and asynchronous processing in message broker partitioning?",Technical Knowledge
"In your previous projects, in DevOps & Cloud SRE, how do you implement idempotent ELT data pipelines in Snowflake to ensure high performance?",Role-Specific Skills
"From an architectural standpoint, Describe how you present technical trade-offs to sales and marketing stakeholders when choosing between a managed cloud proprietary service and a resilient scalable architecture with higher initial development cost.?",Communication
Can you explain: Describe how you design a resilient pipeline for automated test suite execution across parallel runners in modern cloud infrastructure.?,Role-Specific Skills
"In your previous projects, How do you manage database migrations safely with zero-downtime using tools like Flyway or Liquibase in DevOps & Cloud SRE?",Role-Specific Skills
"From an architectural standpoint, Describe a time when you mentored a career switcher unfamiliar with production pipelines who was struggling with handling ambiguous technical specifications.?",Leadership
"As a senior engineer, How do you approach troubleshooting an intermittent issue that occurs only during automated batch database backups?",Problem Solving
"In an enterprise environment, Tell me about a time when you diagnosed and fixed a Redis cluster split-brain event causing state inconsistency in production.?",Problem Solving
"During a technical review, What strategies do you use for hardening Linux kernel parameters against DDoS in Cybersecurity Engineering?",Role-Specific Skills
Could you walk me through: How do you architect an Apache Spark streaming job to handle out-of-order event timestamps and late data arriving?,Role-Specific Skills
"In your previous projects, Describe a time when you mentored a intern with minimal real-world experience who was struggling with understanding distributed systems trade-offs.?",Leadership
"Hypothetically, What strategies do you use for partition pruning and shuffling optimization in Data Engineering?",Role-Specific Skills
"From your experience, How do you investigate intermittent latency regressions when downstream third-party rate limits is suspected?",Problem Solving
"As a senior engineer, Describe how you supported a intern with minimal real-world experience in transitioning to higher-impact architectural responsibilities.?",Leadership
"Hypothetically, Describe a time when you mentored a junior software engineer who was struggling with writing thorough documentation and unit tests.?",Leadership
How do you identify whether a performance slowdown is caused by garbage collection pause times or application thread lock contention?,Problem Solving
"Hypothetically, Tell me about a time when you diagnosed and fixed an avalanche of unhandled exceptions crashing microservice pods in production.?",Problem Solving
"In your previous projects, How do you explain why distributed consensus algorithms cannot guarantee zero latency to non-technical business executives?",Communication
Tell me about a situation where an automated rollback failed and you had to resolve an unindexed query locking the primary production database manually.?,Problem Solving
"In your previous projects, Tell me about a time you had to deliver difficult feedback about handling ambiguous technical specifications while maintaining trust.?",Leadership
Can you explain: Explain the principles of Service Mesh and when you would avoid it.?,Technical Knowledge
"In your previous projects, Describe a time when you mentored a talented engineer struggling with imposter syndrome who was struggling with code quality and test design.?",Leadership
Can you explain: Describe a challenging post-incident review where the root cause was traced back to unbounded in-memory queue buffering rather than TCP socket file descriptor leaks.?,Problem Solving
"From an architectural standpoint, How do you resolve race conditions and deadlocks in multithreaded applications?",Technical Knowledge
"From your experience, Tell me about a time you successfully onboarded multiple new engineers while maintaining ongoing sprint commitments.?",Leadership
"Hypothetically, Describe a time when you mentored a intern with minimal real-world experience who was struggling with code quality and test design.?",Leadership
"From an architectural standpoint, How do you communicate a critical production outage to the Chief Operating Officer during active incident response?",Communication
What are the key trade-offs between React Server Components and Apache Flink when working on end-to-end regression validation?,Role-Specific Skills
"During a technical review, Explain how CORS policy enforcement protects against common vulnerabilities in modern web applications.?",Technical Knowledge
How would you design a system that handles millions of concurrent WebSocket connections using consistent hashing?,Technical Knowledge
"Hypothetically, What strategies do you use for hardening Linux kernel parameters against DDoS in Frontend Engineering?",Role-Specific Skills
"During a technical review, Walk me through how you solved a stubborn distributed race condition that only occurred once every thousand requests.?",Problem Solving
Describe a time when you mentored a intern with minimal real-world experience who was struggling with code quality and test design.?,Leadership
Could you walk me through: Can you explain the difference between object-oriented programming and imperative programming in software engineering?,Technical Knowledge
What is the difference between SQL databases and pessimistic locking?,Technical Knowledge
"As a senior engineer, Describe a complex technical problem where you had very limited log data and monitoring. How did you isolate root cause?",Problem Solving
Describe a time when you had to convince the enterprise customer success director to prioritize allocating 30% of sprint capacity to test automation.?,Communication
"From an architectural standpoint, How do you implement OAuth2 Authorization Code Flow with PKCE in a Single Page Application (SPA)?",Role-Specific Skills
"In an enterprise environment, Walk me through your step-by-step debugging process when Kafka consumer lag continuously grows without consumer rebalancing occurs on a mission-critical service.?",Problem Solving
Could you walk me through: Explain how you manage state and avoid unnecessary re-renders in Vue 3 applications.?,Role-Specific Skills
Can you explain: Tell me about a time you stepped up to resolve an organizational deadlock involving enforcing 90% code coverage requirements on pull requests.?,Leadership
"From your experience, Describe a challenging post-incident review where the root cause was traced back to DNS query resolution latency rather than microservice circuit breaker tripping prematurely.?",Problem Solving
"Hypothetically, How do you design an idempotent API endpoint for credit card billing payments?",Technical Knowledge
"Hypothetically, How would you troubleshoot sudden memory exhaustion caused by a connection pool exhaustion during a flash sale?",Problem Solving
"As a senior engineer, Describe how you design a resilient pipeline for real-time financial transaction ingestion in modern cloud infrastructure.?",Role-Specific Skills
Could you walk me through: Describe a time when you mentored a junior software engineer who was struggling with time management and estimation accuracy.?,Leadership
How do you run effective 1-on-1 meetings that support the long-term career growth of your direct reports?,Leadership
Could you walk me through: How do you identify whether a performance slowdown is caused by DNS query resolution latency or unoptimized disk I/O swapping?,Problem Solving
Can you explain: How do you motivate a cross-functional squad to align on automated CI/CD trunk-based development without causing delivery friction?,Leadership
"In your previous projects, Describe a time when you had to convince a non-technical client sponsor to prioritize allocating 30% of sprint capacity to test automation.?",Communication
"In your previous projects, Describe a challenging post-incident review where the root cause was traced back to thread lock contention on shared resource caches rather than TCP socket file descriptor leaks.?",Problem Solving
Can you explain: Tell me about a difficult conversation you had with an external vendor technical contact and how you reached mutual agreement.?,Communication
Describe how you present technical trade-offs to non-technical business executives when choosing between building a customized in-house solution and a resilient scalable architecture with higher initial development cost.?,Communication
"From an architectural standpoint, Describe how you present technical trade-offs to non-technical business executives when choosing between a managed cloud proprietary service and purchasing an off-the-shelf third-party integration.?",Communication
"From your experience, How do you handle situations where a the Chief Operating Officer demands a delivery deadline you believe is unrealistic?",Communication
"From your experience, Describe how you supported a mid-level engineer aiming for senior promotion in transitioning to higher-impact architectural responsibilities.?",Leadership
"From an architectural standpoint, How would you design a system that handles low-latency financial transactions under 5ms using consistent hashing?",Technical Knowledge
"From an architectural standpoint, Walk me through how you would isolate an issue when memory consumption steadily climbs linearly until container restarts happens right after a major framework upgrade.?",Problem Solving
Can you explain the difference between strong consistency and eventual consistency in software engineering?,Technical Knowledge
How would you design a system that handles geo-distributed user sessions with instant failover using circuit breaker pattern?,Technical Knowledge
Could you walk me through: Explain the principles of Event Sourcing and when you would avoid it.?,Technical Knowledge
"As a senior engineer, Describe a time when you had to convince the VP of Product to prioritize migrating legacy monolithic databases to microservices.?",Communication
"Hypothetically, What is the difference between synchronous and asynchronous processing in memory-mapped files?",Technical Knowledge
"During a technical review, Explain the CAP theorem and how event-driven architecture chooses between consistency and availability.?",Technical Knowledge
Explain the CAP theorem and how rate limiting chooses between consistency and availability.?,Technical Knowledge
What are the key trade-offs between AWS Lambda serverless and Kubernetes Pods when working on real-time clickstream processing?,Role-Specific Skills
Could you walk me through: How do you explain why distributed consensus algorithms cannot guarantee zero latency to customer support specialists?,Communication
"During a technical review, How do you write reliable, maintainable end-to-end integration tests using Selenium Grid without creating flaky tests?",Role-Specific Skills
Can you explain: How do you handle data consistency and isolation levels in Elasticsearch?,Technical Knowledge
How would you troubleshoot sudden memory exhaustion caused by a critical memory leak causing cascading OOM kills?,Problem Solving
Describe how you present technical trade-offs to sales and marketing stakeholders when choosing between building a customized in-house solution and purchasing an off-the-shelf third-party integration.?,Communication
"During a technical review, How do you communicate a critical production outage to the Chief Operating Officer during active incident response?",Communication
Can you explain: What is the difference between synchronous and asynchronous processing in connection pooling?,Technical Knowledge
"In an enterprise environment, How do indexes in MongoDB improve query performance and what are the overhead costs?",Technical Knowledge
"How would you design a system that handles 100,000 requests per second using CQRS pattern?",Technical Knowledge
"In your previous projects, How do you motivate a cross-functional squad to align on automated CI/CD trunk-based development without causing delivery friction?",Leadership
Can you explain: Describe how you present technical trade-offs to customer support specialists when choosing between a managed cloud proprietary service and purchasing an off-the-shelf third-party integration.?,Communication
"As a senior engineer, Describe a situation where executive management proposed an unreasonable technical mandate. How did you push back?",Leadership
How do you recognize and develop emerging leadership qualities in engineers on your team?,Leadership
Describe how you present technical trade-offs to product managers without coding background when choosing between faster time-to-market with accumulated tech debt and a resilient scalable architecture with higher initial development cost.?,Communication
Tell me about a time you had to deliver difficult feedback about time management and estimation accuracy while maintaining trust.?,Leadership
"From your experience, Tell me about a time you stepped up to resolve an organizational deadlock involving introducing GraphQL over RESTful API architecture.?",Leadership
Describe a challenging post-incident review where the root cause was traced back to thread lock contention on shared resource caches rather than unoptimized disk I/O swapping.?,Problem Solving
"As a senior engineer, How do you approach troubleshooting an intermittent issue that only reproduces under high concurrent traffic?",Problem Solving
"As a senior engineer, Tell me about a time you had to deliver bad news regarding project delays to a non-technical client sponsor.?",Communication
How would you troubleshoot sudden memory exhaustion caused by an unindexed query locking the primary production database?,Problem Solving
"In an enterprise environment, How do you run effective 1-on-1 meetings that support the long-term career growth of your direct reports?",Leadership
"From your experience, How do you implement OAuth2 Authorization Code Flow with PKCE in a Single Page Application (SPA)?",Role-Specific Skills
"Hypothetically, What are the best practices for implementing circuit breaker pattern in a high-scale service?",Technical Knowledge
Could you walk me through: Describe how you supported a intern with minimal real-world experience in transitioning to higher-impact architectural responsibilities.?,Leadership
"During a technical review, Tell me about a time you had to deliver difficult feedback about confidence in contributing to architectural design reviews while maintaining trust.?",Leadership
"As a senior engineer, Describe a time when you had to convince an impatient product owner to prioritize migrating legacy monolithic databases to microservices.?",Communication
"In an enterprise environment, How do you handle a situation where two senior engineers on your team strongly disagree on decoupling legacy monolithic database schemas?",Leadership
"In your previous projects, What strategies do you use for mocking flaky third-party payment endpoints in Cybersecurity Engineering?",Role-Specific Skills
"Hypothetically, Explain how memory-mapped files impacts latency, throughput, and fault tolerance.?",Technical Knowledge
"During a technical review, Walk me through how you would isolate an issue when database replication lag surges past 30 minutes happens right after a major framework upgrade.?",Problem Solving
Describe a time when you mentored a talented engineer struggling with imposter syndrome who was struggling with time management and estimation accuracy.?,Leadership
"Could you walk me through: in QA Automation, how do you implement idempotent ELT data pipelines in Snowflake to ensure high performance?",Role-Specific Skills
"Hypothetically, What are the best practices for implementing consistent hashing in a high-scale service?",Technical Knowledge
What are the key trade-offs between Apache Kafka and Apache Flink when working on end-to-end regression validation?,Role-Specific Skills
Can you explain: What happens from a networking perspective when a DNS recursive resolution query is executed occurs?,Technical Knowledge
What are the internal mechanics of memory allocation and heap management in Rust?,Technical Knowledge
"From your experience, Explain the principles of Hexagonal Architecture and when you would avoid it.?",Technical Knowledge
Can you explain: Walk me through how you would isolate an issue when Kafka consumer lag continuously grows without consumer rebalancing happens right after a major framework upgrade.?,Problem Solving
Can you explain: What is the difference between synchronous and asynchronous processing in rate limiting?,Technical Knowledge
"As a senior engineer, How do you identify whether a performance slowdown is caused by unbounded in-memory queue buffering or unoptimized disk I/O swapping?",Problem Solving
Can you explain: Explain the principles of Hexagonal Architecture and when you would avoid it.?,Technical Knowledge
Describe how you present technical trade-offs to client account managers when choosing between a managed cloud proprietary service and an open-source self-hosted cluster.?,Communication
"From an architectural standpoint, Describe a challenging post-incident review where the root cause was traced back to garbage collection pause times rather than downstream third-party rate limits.?",Problem Solving
How do you identify whether a performance slowdown is caused by garbage collection pause times or microservice circuit breaker tripping prematurely?,Problem Solving
Can you explain: How do you foster a psychological safety culture where developers feel safe admitting mistakes and proposing bold ideas?,Leadership
"From an architectural standpoint, How do you articulate complex system constraints during cross-functional sprint planning sessions?",Communication
"In an enterprise environment, How do you troubleshoot high CPU utilization and thread starvation when memory metrics appear completely normal?",Problem Solving
What are the key trade-offs between Docker Compose and Kubernetes Pods when working on real-time clickstream processing?,Role-Specific Skills
What are the internal mechanics of reflection and dynamic type inspection in Java?,Technical Knowledge
Describe a time when you mentored a newly hired backend developer adjusting to company codebase who was struggling with confidence in contributing to architectural design reviews.?,Leadership
"From an architectural standpoint, Explain the CAP theorem and how circuit breaker pattern chooses between consistency and availability.?",Technical Knowledge
How do you investigate intermittent latency regressions when application thread lock contention is suspected?,Problem Solving
"In your previous projects, How do you triage and prioritize five simultaneous critical production alerts during an on-call shift?",Problem Solving
How do you motivate a cross-functional squad to align on moving to container orchestration and GitOps without causing delivery friction?,Leadership
How would you design a system that handles geo-distributed user sessions with instant failover using read-write replicas?,Technical Knowledge
Can you explain: How do you triage and prioritize five simultaneous critical production alerts during an on-call shift?,Problem Solving
"As a senior engineer, Describe how you design a resilient pipeline for continuous deployment with automatic rollback in modern cloud infrastructure.?",Role-Specific Skills
"From your experience, How do you motivate a cross-functional squad to align on adopting asynchronous event-driven architectures without causing delivery friction?",Leadership
"In an enterprise environment, Explain how OAuth2 with PKCE protects against common vulnerabilities in modern web applications.?",Technical Knowledge
"Hypothetically, Describe a scenario where you negotiated the scope of a feature release with the VP of Product.?",Communication
"From your experience, How do you handle a situation where two senior engineers on your team strongly disagree on authorizing third-party cloud vendor lock-in?",Leadership
Can you explain: Tell me about a time when you diagnosed and fixed an avalanche of unhandled exceptions crashing microservice pods in production.?,Problem Solving
Can you explain: How do you explain why upgrading outdated runtime versions is critical for security to product managers without coding background?,Communication
Explain the principles of Hexagonal Architecture and when you would avoid it.?,Technical Knowledge
How do you explain why refactoring technical debt prevents system crashes to non-technical business executives?,Communication
"From your experience, Describe a time when you mentored a mid-level engineer aiming for senior promotion who was struggling with handling ambiguous technical specifications.?",Leadership
How do indexes in Elasticsearch improve query performance and what are the overhead costs?,Technical Knowledge
Can you explain the difference between stateful services and functional programming in software engineering?,Technical Knowledge
"In an enterprise environment, Tell me about a time you had to deliver bad news regarding project delays to the Chief Operating Officer.?",Communication
"From an architectural standpoint, Walk me through your step-by-step debugging process when the HTTP request error rate spikes to 25% occurs on a mission-critical service.?",Problem Solving
"In your previous projects, How do you resolve the ABA problem in lock-free data structures in multithreaded applications?",Technical Knowledge
"During a technical review, How do you balance technical vision with day-to-day tactical execution as a team lead?",Leadership
How do you explain why refactoring technical debt prevents system crashes to product managers without coding background?,Communication
Describe a situation where a third-party dependency failed unexpectedly in production. How did you resolve the outage?,Problem Solving
Can you explain: How do you communicate a critical production outage to the enterprise customer success director during active incident response?,Communication
"During a technical review, Explain how you manage state and avoid unnecessary re-renders in Angular applications.?",Role-Specific Skills
Can you explain: How do you approach troubleshooting an intermittent issue that only reproduces under high concurrent traffic?,Problem Solving
"Hypothetically, How do indexes in MongoDB improve query performance and what are the overhead costs?",Technical Knowledge
"In your previous projects, Tell me about a time when you diagnosed and fixed an exponential spike in 504 Gateway Timeouts in production.?",Problem Solving
How does database sharding work under the hood in modern distributed systems?,Technical Knowledge
"As a senior engineer, Tell me about a time you had to deliver difficult feedback about proactive communication during blockers while maintaining trust.?",Leadership
"As a senior engineer, in QA Automation, how do you implement contract testing between microservices with Pact to ensure high performance?",Role-Specific Skills
Could you walk me through: Describe a time when you mentored a newly hired backend developer adjusting to company codebase who was struggling with writing thorough documentation and unit tests.?,Leadership
"Hypothetically, Tell me about a situation where an automated rollback failed and you had to resolve a silent queue backlog causing millions of dropped events manually.?",Problem Solving
Can you explain: How do you explain why upgrading outdated runtime versions is critical for security to client account managers?,Communication
What are the internal mechanics of memory allocation and heap management in C#?,Technical Knowledge
"In your previous projects, Explain how consistent hashing impacts latency, throughput, and fault tolerance.?",Technical Knowledge
"From your experience, How do you write reliable, maintainable end-to-end integration tests using Cypress without creating flaky tests?",Role-Specific Skills
"From your experience, How do you approach troubleshooting an intermittent issue that fails unpredictably once every several thousand requests?",Problem Solving
"In an enterprise environment, How would you design a system that handles millions of concurrent WebSocket connections using distributed transactions (2PC)?",Technical Knowledge
Describe a time when you had to convince the Chief Operating Officer to prioritize migrating legacy monolithic databases to microservices.?,Communication
How do you motivate a cross-functional squad to align on strict test-driven development (TDD) without causing delivery friction?,Leadership
How would you design a system that handles real-time analytics over petabytes of data using CQRS pattern?,Technical Knowledge
"During a technical review, Can you explain the difference between stateful services and eventual consistency in software engineering?",Technical Knowledge
How do you design an idempotent API endpoint for inventory reservation systems?,Technical Knowledge
Tell me about a time you stepped up to resolve an organizational deadlock involving enforcing 90% code coverage requirements on pull requests.?,Leadership
Tell me about a time when you diagnosed and fixed a Redis cluster split-brain event causing state inconsistency in production.?,Problem Solving
How do you identify whether a performance slowdown is caused by thread lock contention on shared resource caches or TCP socket file descriptor leaks?,Problem Solving
How do you investigate intermittent latency regressions when microservice circuit breaker tripping prematurely is suspected?,Problem Solving
Can you explain: Describe how you design a resilient pipeline for zero-downtime database schema migration in modern cloud infrastructure.?,Role-Specific Skills
"From an architectural standpoint, What best practices do you follow for building reusable design system components in Svelte?",Role-Specific Skills
Explain how you manage state and avoid unnecessary re-renders in Angular applications.?,Role-Specific Skills
What are the best practices for implementing rate limiting in a high-scale service?,Technical Knowledge
How do you investigate intermittent latency regressions when underlying cloud network packet loss is suspected?,Problem Solving
"In your previous projects, What is the difference between processes and microservices?",Technical Knowledge
"From your experience, in QA Automation, how do you implement zero-trust identity-aware network segmentation to ensure high performance?",Role-Specific Skills
What are the key trade-offs between AWS Lambda serverless and Client-Side Hydration when working on frontend state synchronization?,Role-Specific Skills
"In an enterprise environment, How would you troubleshoot sudden memory exhaustion caused by an unexpected thread deadlock freezing background queue workers?",Problem Solving
"During a technical review, Tell me about a time when you resolved a catastrophic database deadlock under peak traffic.?",Problem Solving
"Can you explain: in QA Automation, how do you implement virtualized list rendering for 100k items to ensure high performance?",Role-Specific Skills
"During a technical review, Describe how you present technical trade-offs to non-technical business executives when choosing between faster time-to-market with accumulated tech debt and a resilient scalable architecture with higher initial development cost.?",Communication
"In your previous projects, What is the time and space complexity of Dijkstra's shortest path algorithm and how can it be optimized?",Technical Knowledge
"As a senior engineer, How do you write reliable, maintainable end-to-end integration tests using Selenium Grid without creating flaky tests?",Role-Specific Skills
"Hypothetically, How do you keep team morale and velocity high during intense crunch periods or corporate restructuring?",Leadership
"Hypothetically, Describe a challenging post-incident review where the root cause was traced back to DNS query resolution latency rather than microservice circuit breaker tripping prematurely.?",Problem Solving
"In an enterprise environment, Walk me through how you would isolate an issue when Kafka consumer lag continuously grows without consumer rebalancing happens right after a major framework upgrade.?",Problem Solving
"As a senior engineer, Describe a time when you had to make a high-stakes engineering trade-off under intense time pressure.?",Problem Solving
Could you walk me through: Describe a time when you mentored a talented engineer struggling with imposter syndrome who was struggling with code quality and test design.?,Leadership
"Hypothetically, How do you investigate intermittent latency regressions when microservice circuit breaker tripping prematurely is suspected?",Problem Solving
"How does in-memory Guava cache handle cache invalidation, cache stampede, and eviction policies?",Technical Knowledge
"As a senior engineer, How does garbage collection work in C++ and how can you minimize stop-the-world pauses?",Technical Knowledge
Could you walk me through: Explain the principles of Hexagonal Architecture and when you would avoid it.?,Technical Knowledge
"During a technical review, Explain how JWT token signing and refresh rotation protects against common vulnerabilities in modern web applications.?",Technical Knowledge
Could you walk me through: How do you manage database migrations safely with zero-downtime using tools like Flyway or Liquibase in Cybersecurity Engineering?,Role-Specific Skills
Can you explain: How do you identify whether a performance slowdown is caused by unbounded in-memory queue buffering or unoptimized disk I/O swapping?,Problem Solving
"During a technical review, Walk me through your step-by-step debugging process when Kafka consumer lag continuously grows without consumer rebalancing occurs on a mission-critical service.?",Problem Solving
"Hypothetically, How do you manage database migrations safely with zero-downtime using tools like Flyway or Liquibase in Frontend Engineering?",Role-Specific Skills
Could you walk me through: How does garbage collection work in Rust and how can you minimize stop-the-world pauses?,Technical Knowledge
"From your experience, How do you handle situations where a a non-technical client sponsor demands a delivery deadline you believe is unrealistic?",Communication
What is the difference between symmetric encryption and microservices?,Technical Knowledge
Could you walk me through: Describe how you present technical trade-offs to product managers without coding background when choosing between a managed cloud proprietary service and purchasing an off-the-shelf third-party integration.?,Communication
How do you architect an Apache Spark streaming job to handle out-of-order event timestamps and late data arriving?,Role-Specific Skills
"From your experience, Describe the configuration of Kubernetes Horizontal Pod Autoscalers (HPA) based on custom Prometheus metrics.?",Role-Specific Skills
"During a technical review, How do you explain why distributed consensus algorithms cannot guarantee zero latency to client account managers?",Communication
"From an architectural standpoint, Explain the principles of Hexagonal Architecture and when you would avoid it.?",Technical Knowledge
"During a technical review, Describe a time when you mentored a junior software engineer who was struggling with handling ambiguous technical specifications.?",Leadership
"In your previous projects, What is the difference between synchronous and asynchronous processing in WAL (write-ahead log)?",Technical Knowledge
Can you explain: How do you approach troubleshooting an intermittent issue that occurs only during automated batch database backups?,Problem Solving
How do you configure and optimize Kubernetes ingress controllers for enterprise production workloads?,Role-Specific Skills
What are the key trade-offs between AWS Lambda serverless and Apache Flink when working on real-time clickstream processing?,Role-Specific Skills
"In your previous projects, What strategies do you use for partition pruning and shuffling optimization in Data Engineering?",Role-Specific Skills
"From your experience, What are the key trade-offs between Cypress and Apache Flink when working on cloud container orchestration?",Role-Specific Skills
Can you explain: What is the time and space complexity of Topological Sort for DAG dependencies and how can it be optimized?,Technical Knowledge
Describe a time when you mentored a talented engineer struggling with imposter syndrome who was struggling with writing thorough documentation and unit tests.?,Leadership
Can you explain: Walk me through how you would isolate an issue when worker nodes abruptly crash without emitting a stack trace happens right after a major framework upgrade.?,Problem Solving
"From an architectural standpoint, How do you identify whether a performance slowdown is caused by garbage collection pause times or underlying cloud network packet loss?",Problem Solving
"In your previous projects, How would you design a system that handles real-time analytics over petabytes of data using distributed transactions (2PC)?",Technical Knowledge
Could you walk me through: How does garbage collection work in Java and how can you minimize stop-the-world pauses?,Technical Knowledge
"As a senior engineer, How do you investigate intermittent latency regressions when application thread lock contention is suspected?",Problem Solving
"From an architectural standpoint, Explain the principles of Micro-frontends and when you would avoid it.?",Technical Knowledge
"As a senior engineer, Walk me through your step-by-step debugging process when worker nodes abruptly crash without emitting a stack trace occurs on a mission-critical service.?",Problem Solving
Can you explain: Describe how you present technical trade-offs to product managers without coding background when choosing between faster time-to-market with accumulated tech debt and purchasing an off-the-shelf third-party integration.?,Communication
"During a technical review, What are the key trade-offs between Docker Compose and Kubernetes Pods when working on microservice communication?",Role-Specific Skills
"During a technical review, Describe a time when you mentored a junior software engineer who was struggling with writing thorough documentation and unit tests.?",Leadership
"From an architectural standpoint, How do you motivate a cross-functional squad to align on strict test-driven development (TDD) without causing delivery friction?",Leadership
"In an enterprise environment, How do you diagnose memory leaks in long-running containerized microservices without restarting the cluster?",Problem Solving
"In an enterprise environment, How do you manage database migrations safely with zero-downtime using tools like Flyway or Liquibase in Frontend Engineering?",Role-Specific Skills
"From your experience, How do you deliver constructive, critical code review feedback without offending a strict QA lead?",Communication
Could you walk me through: Describe a time when you mentored a intern with minimal real-world experience who was struggling with writing thorough documentation and unit tests.?,Leadership
"In your previous projects, Describe a challenging post-incident review where the root cause was traced back to DNS query resolution latency rather than microservice circuit breaker tripping prematurely.?",Problem Solving
"During a technical review, How do you deliver constructive, critical code review feedback without offending a legacy system maintainer?",Communication
How would you design a system that handles low-latency financial transactions under 5ms using distributed transactions (2PC)?,Technical Knowledge
"From an architectural standpoint, How do you explain why refactoring technical debt prevents system crashes to product managers without coding background?",Communication
"During a technical review, Tell me about a time you championed a cultural change or diversity initiative within your engineering department.?",Leadership
"From an architectural standpoint, What is the difference between Kafka and microservices?",Technical Knowledge
Can you explain: How do you drive consensus on adopting moving to container orchestration and GitOps when there is substantial resistance from legacy developers?,Leadership
"During a technical review, How do you manage database migrations safely with zero-downtime using tools like Flyway or Liquibase in Data Engineering?",Role-Specific Skills
"In an enterprise environment, Describe how you supported a talented engineer struggling with imposter syndrome in transitioning to higher-impact architectural responsibilities.?",Leadership
"In your previous projects, How do you explain database sharding and eventual consistency to non-technical business executives?",Communication
"From an architectural standpoint, How do you communicate a critical production outage to a non-technical client sponsor during active incident response?",Communication
How do you tailor your communication style when speaking with junior engineers versus C-level executives?,Communication
"During a technical review, Can you explain the trade-offs of using rate limiting in production?",Technical Knowledge
What is the difference between SQL databases and HTTP/3?,Technical Knowledge
"As a senior engineer, How does event-driven architecture work under the hood in modern distributed systems?",Technical Knowledge
Can you explain: Describe a time when you had to convince the enterprise customer success director to prioritize allocating 30% of sprint capacity to test automation.?,Communication
"As a senior engineer, Describe a time when you mentored a talented engineer struggling with imposter syndrome who was struggling with writing thorough documentation and unit tests.?",Leadership
Could you walk me through: How do you motivate a cross-functional squad to align on automated CI/CD trunk-based development without causing delivery friction?,Leadership
Describe how you present technical trade-offs to non-technical business executives when choosing between faster time-to-market with accumulated tech debt and an open-source self-hosted cluster.?,Communication
Can you explain: Describe a time when you had to convince an impatient product owner to prioritize pausing new feature rollouts to fix critical security vulnerabilities.?,Communication
"In your previous projects, Explain how OAuth2 with PKCE protects against common vulnerabilities in modern web applications.?",Technical Knowledge
What strategies do you use for hardening Linux kernel parameters against DDoS in DevOps & Cloud SRE?,Role-Specific Skills
"From an architectural standpoint, How do you explain the difference between latency and throughput bottlenecks to client account managers?",Communication
"In an enterprise environment, What is your approach to setting up distributed tracing with OpenTelemetry and Jaeger across microservices?",Role-Specific Skills
Describe a time when you had to make a high-stakes engineering trade-off under intense time pressure.?,Problem Solving
"From your experience, Tell me about a time you successfully persuaded a skeptical teammate to adopt a new testing methodology.?",Communication
How do you approach troubleshooting an intermittent issue that occurs only during automated batch database backups?,Problem Solving
"In your previous projects, What methodology do you apply when decomposing a messy, undocumented legacy system bug?",Problem Solving
"From your experience, What strategies do you use for hardening Linux kernel parameters against DDoS in Frontend Engineering?",Role-Specific Skills
"From an architectural standpoint, How do you communicate a critical production outage to an impatient product owner during active incident response?",Communication
"In an enterprise environment, How do you identify whether a performance slowdown is caused by garbage collection pause times or microservice circuit breaker tripping prematurely?",Problem Solving
"Hypothetically, Describe how you present technical trade-offs to product managers without coding background when choosing between faster time-to-market with accumulated tech debt and purchasing an off-the-shelf third-party integration.?",Communication
Explain how you design a data lakehouse architecture using Delta Lake or Apache Iceberg.?,Role-Specific Skills
Could you walk me through: How do you manage database migrations safely with zero-downtime using tools like Flyway or Liquibase in Data Engineering?,Role-Specific Skills
"In an enterprise environment, Can you explain the difference between declarative programming and imperative programming in software engineering?",Technical Knowledge
Could you walk me through: Describe a time when you had to convince an impatient product owner to prioritize allocating 30% of sprint capacity to test automation.?,Communication
Can you explain: Describe how you present technical trade-offs to sales and marketing stakeholders when choosing between building a customized in-house solution and an open-source self-hosted cluster.?,Communication
"From an architectural standpoint, Tell me about a time when you resolved a catastrophic database deadlock under peak traffic.?",Problem Solving
Could you walk me through: Tell me about a time you had to deliver difficult feedback about handling ambiguous technical specifications while maintaining trust.?,Leadership
"From your experience, Describe a time when you mentored a intern with minimal real-world experience who was struggling with confidence in contributing to architectural design reviews.?",Leadership
"From an architectural standpoint, How do you manage database migrations safely with zero-downtime using tools like Flyway or Liquibase in DevOps & Cloud SRE?",Role-Specific Skills
"From an architectural standpoint, Tell me about a situation where an automated rollback failed and you had to resolve a connection pool exhaustion during a flash sale manually.?",Problem Solving
"During a technical review, How do you design an idempotent API endpoint for credit card billing payments?",Technical Knowledge
"During a technical review, How do you explain why upgrading outdated runtime versions is critical for security to non-technical business executives?",Communication
Describe how you present technical trade-offs to non-technical business executives when choosing between building a customized in-house solution and an open-source self-hosted cluster.?,Communication
"Hypothetically, Describe a time when you had to convince the Chief Operating Officer to prioritize pausing new feature rollouts to fix critical security vulnerabilities.?",Communication
"During a technical review, Tell me about a time you successfully persuaded a skeptical teammate to adopt a new testing methodology.?",Communication
"In your previous projects, Walk me through how you discovered and patched a silent data corruption bug in an asynchronous processing pipeline.?",Problem Solving
"From your experience, Describe a time when you had to convince the Chief Operating Officer to prioritize allocating 30% of sprint capacity to test automation.?",Communication
What is the difference between Kafka and Hash index?,Technical Knowledge
"In an enterprise environment, What are the key trade-offs between Docker Compose and Kubernetes long-running deployments when working on microservice communication?",Role-Specific Skills
Can you explain: Tell me about a time you had to deliver difficult feedback about writing thorough documentation and unit tests while maintaining trust.?,Leadership
How would you troubleshoot sudden memory exhaustion caused by a connection pool exhaustion during a flash sale?,Problem Solving
"Hypothetically, Tell me about a time you had to deliver difficult feedback about handling ambiguous technical specifications while maintaining trust.?",Leadership
"In an enterprise environment, How would you troubleshoot sudden memory exhaustion caused by an avalanche of unhandled exceptions crashing microservice pods?",Problem Solving
"In your previous projects, Tell me about a time you had to deliver bad news regarding project delays to the enterprise customer success director.?",Communication
Can you explain: How do you explain why refactoring technical debt prevents system crashes to customer support specialists?,Communication
"From your experience, Describe a time when you had to convince the VP of Product to prioritize pausing new feature rollouts to fix critical security vulnerabilities.?",Communication
Explain how you manage state and avoid unnecessary re-renders in Svelte applications.?,Role-Specific Skills
"During a technical review, How do you drive consensus on adopting mandatory peer code reviews and static security scanning when there is substantial resistance from legacy developers?",Leadership
"In an enterprise environment, Describe a time when you had to make a high-stakes engineering trade-off under intense time pressure.?",Problem Solving
"In your previous projects, What are the key trade-offs between Apache Kafka and Kubernetes long-running deployments when working on frontend state synchronization?",Role-Specific Skills
"Hypothetically, How do you configure and optimize Next.js SSR caching layers for enterprise production workloads?",Role-Specific Skills
"From your experience, How do you architect an Apache Spark streaming job to handle out-of-order event timestamps and late data arriving?",Role-Specific Skills
"From your experience, How does garbage collection work in Java and how can you minimize stop-the-world pauses?",Technical Knowledge
What are the internal mechanics of virtual method dispatch and vtables in Go?,Technical Knowledge
What are the internal mechanics of async/await event loop scheduling in Java?,Technical Knowledge
"From an architectural standpoint, How do you ensure accessibility, cross-browser compatibility, and WCAG compliance in complex single-page applications?",Role-Specific Skills
"Hypothetically, What are the best practices for implementing event-driven architecture in a high-scale service?",Technical Knowledge
What are the internal mechanics of GIL (Global Interpreter Lock) in Python?,Technical Knowledge
"In an enterprise environment, How do you profile and eliminate bundle bloat, tree-shaking failures, and excessive CSS in modern web applications?",Role-Specific Skills
Can you explain: Tell me about a time you had to deliver bad news regarding project delays to the Chief Operating Officer.?,Communication
"Hypothetically, Describe how you design a resilient pipeline for zero-downtime database schema migration in modern cloud infrastructure.?",Role-Specific Skills
How do you manage database migrations safely with zero-downtime using tools like Flyway or Liquibase in DevOps & Cloud SRE?,Role-Specific Skills
"From an architectural standpoint, Walk me through how you would isolate an issue when database replication lag surges past 30 minutes happens right after a major framework upgrade.?",Problem Solving
"From an architectural standpoint, How do you handle situations where a the Chief Operating Officer demands a delivery deadline you believe is unrealistic?",Communication
"Hypothetically, How do you explain why refactoring technical debt prevents system crashes to customer support specialists?",Communication
Could you walk me through: What is the difference between symmetric encryption and RabbitMQ?,Technical Knowledge
"From your experience, Explain the CAP theorem and how read-write replicas chooses between consistency and availability.?",Technical Knowledge
Walk me through your step-by-step debugging process when clients receive partial and corrupted payload responses occurs on a mission-critical service.?,Problem Solving
Could you walk me through: What happens from a networking perspective when a packet travels across NAT gateways and routers occurs?,Technical Knowledge
"Could you walk me through: How do you write reliable, maintainable end-to-end integration tests using Cypress without creating flaky tests?",Role-Specific Skills
"From your experience, How do you identify whether a performance slowdown is caused by unbounded in-memory queue buffering or unoptimized disk I/O swapping?",Problem Solving
"From your experience, Tell me about a time you had to deliver bad news regarding project delays to a non-technical client sponsor.?",Communication
Could you walk me through: How do you identify whether a performance slowdown is caused by garbage collection pause times or downstream third-party rate limits?,Problem Solving
Describe a time when you mentored a junior software engineer who was struggling with handling ambiguous technical specifications.?,Leadership
What are the key trade-offs between Docker Compose and Kubernetes Pods when working on end-to-end regression validation?,Role-Specific Skills
"From your experience, How do you approach troubleshooting an intermittent issue that only manifests across specific geographical cloud regions?",Problem Solving
"In your previous projects, Describe a challenging post-incident review where the root cause was traced back to CPU throttling by Kubernetes CFS quota rather than downstream third-party rate limits.?",Problem Solving
Could you walk me through: Describe a scenario where you negotiated the scope of a feature release with the enterprise customer success director.?,Communication
Describe a time when you mentored a career switcher unfamiliar with production pipelines who was struggling with proactive communication during blockers.?,Leadership
"During a technical review, How do you ensure accessibility, cross-browser compatibility, and WCAG compliance in enterprise dashboard portals?",Role-Specific Skills
"As a senior engineer, How do you ensure requirements and technical architecture are clearly understood across a distributed team?",Communication
Can you explain: How do you drive consensus on adopting automated CI/CD trunk-based development when there is substantial resistance from legacy developers?,Leadership
"Hypothetically, How do you write reliable, maintainable end-to-end integration tests using Jest and React Testing Library without creating flaky tests?",Role-Specific Skills
"From your experience, Walk me through how you would isolate an issue when the HTTP request error rate spikes to 25% happens right after a major framework upgrade.?",Problem Solving
How do you communicate the long-term cost of technical debt to executive leadership who only want new features?,Communication
"In your previous projects, Tell me about a time when you diagnosed and fixed a critical memory leak causing cascading OOM kills in production.?",Problem Solving
"From your experience, Tell me about a time you stepped up to resolve an organizational deadlock involving migrating to microservices versus modular monolith.?",Leadership
"In your previous projects, Describe how you present technical trade-offs to sales and marketing stakeholders when choosing between faster time-to-market with accumulated tech debt and a resilient scalable architecture with higher initial development cost.?",Communication
"As a senior engineer, Describe a time when you mentored a junior software engineer who was struggling with code quality and test design.?",Leadership
"Hypothetically, Describe how you present technical trade-offs to non-technical business executives when choosing between faster time-to-market with accumulated tech debt and a resilient scalable architecture with higher initial development cost.?",Communication
"Hypothetically, How do you motivate a cross-functional squad to align on automated CI/CD trunk-based development without causing delivery friction?",Leadership
How does garbage collection work in Rust and how can you minimize stop-the-world pauses?,Technical Knowledge
"During a technical review, Describe a time when you had to convince the Chief Operating Officer to prioritize allocating 30% of sprint capacity to test automation.?",Communication
"During a technical review, How do you configure and optimize HashiCorp Vault for secrets for enterprise production workloads?",Role-Specific Skills
"From your experience, Describe how you present technical trade-offs to customer support specialists when choosing between faster time-to-market with accumulated tech debt and an open-source self-hosted cluster.?",Communication
"From an architectural standpoint, What are the key trade-offs between React Server Components and Client-Side Hydration when working on end-to-end regression validation?",Role-Specific Skills
"Hypothetically, Tell me about a time you stepped up to resolve an organizational deadlock involving enforcing strict functional programming paradigms.?",Leadership
"In an enterprise environment, What strategies do you use for active listening when a colleague expresses frustration with your proposal?",Communication
"During a technical review, Tell me about a difficult conversation you had with a legacy system maintainer and how you reached mutual agreement.?",Communication
Can you explain: How do you investigate intermittent latency regressions when microservice circuit breaker tripping prematurely is suspected?,Problem Solving
"During a technical review, How do you communicate a critical production outage to a non-technical client sponsor during active incident response?",Communication
"From an architectural standpoint, How do you handle a situation where two senior engineers on your team strongly disagree on migrating to microservices versus modular monolith?",Leadership
How do you communicate a critical production outage to an impatient product owner during active incident response?,Communication
"In your previous projects, How do you identify whether a performance slowdown is caused by DNS query resolution latency or application thread lock contention?",Problem Solving
What are the key trade-offs between Docker Compose and Client-Side Hydration when working on frontend state synchronization?,Role-Specific Skills
"In your previous projects, in Cybersecurity Engineering, how do you implement contract testing between microservices with Pact to ensure high performance?",Role-Specific Skills
Tell me about a time you had to deliver bad news regarding project delays to an impatient product owner.?,Communication
Explain the CAP theorem and how read-write replicas chooses between consistency and availability.?,Technical Knowledge
"In an enterprise environment, How do you write reliable, maintainable end-to-end integration tests using Selenium Grid without creating flaky tests?",Role-Specific Skills
"Could you walk me through: How do you deliver constructive, critical code review feedback without offending a strict QA lead?",Communication
"As a senior engineer, Describe a time when you mentored a junior software engineer who was struggling with time management and estimation accuracy.?",Leadership
"As a senior engineer, What are the best practices for implementing event-driven architecture in a high-scale service?",Technical Knowledge
"Hypothetically, How do you ensure accessibility, cross-browser compatibility, and WCAG compliance in e-commerce checkout funnels?",Role-Specific Skills
"Hypothetically, Tell me about a time you stepped up to resolve an organizational deadlock involving decoupling legacy monolithic database schemas.?",Leadership
How do indexes in Redis improve query performance and what are the overhead costs?,Technical Knowledge
Can you explain: What happens from a networking perspective when a packet travels across NAT gateways and routers occurs?,Technical Knowledge
"In your previous projects, How do you handle a situation where two senior engineers on your team strongly disagree on introducing GraphQL over RESTful API architecture?",Leadership
What is the difference between Kafka and asymmetric encryption?,Technical Knowledge
Can you explain: What is the difference between Blue-Green deployments and Canary deployments in Kubernetes?,Role-Specific Skills
Describe how you supported a newly hired backend developer adjusting to company codebase in transitioning to higher-impact architectural responsibilities.?,Leadership
Could you walk me through: Describe how you design a resilient pipeline for zero-downtime database schema migration in modern cloud infrastructure.?,Role-Specific Skills
"In your previous projects, How would you design a system that handles low-latency financial transactions under 5ms using distributed transactions (2PC)?",Technical Knowledge
Tell me about a difficult conversation you had with a cross-functional product manager and how you reached mutual agreement.?,Communication
"During a technical review, Describe how you design a resilient pipeline for zero-downtime database schema migration in modern cloud infrastructure.?",Role-Specific Skills
Can you explain: Walk me through how you solved a stubborn distributed race condition that only occurred once every thousand requests.?,Problem Solving
What are the internal mechanics of goroutines vs OS threads in C#?,Technical Knowledge
How do you approach troubleshooting an intermittent issue that happens exclusively on mobile clients with unstable network connections?,Problem Solving
"From your experience, Describe a scenario where you negotiated the scope of a feature release with the Chief Operating Officer.?",Communication
Describe a challenging post-incident review where the root cause was traced back to CPU throttling by Kubernetes CFS quota rather than unoptimized disk I/O swapping.?,Problem Solving
"In an enterprise environment, Describe a scenario where you negotiated the scope of a feature release with the Chief Operating Officer.?",Communication
"In your previous projects, Describe how you design a resilient pipeline for continuous deployment with automatic rollback in modern cloud infrastructure.?",Role-Specific Skills
Can you explain: Describe how you design a resilient pipeline for continuous deployment with automatic rollback in modern cloud infrastructure.?,Role-Specific Skills
Could you walk me through: Describe how you supported a talented engineer struggling with imposter syndrome in transitioning to higher-impact architectural responsibilities.?,Leadership
"During a technical review, How do you identify whether a performance slowdown is caused by garbage collection pause times or microservice circuit breaker tripping prematurely?",Problem Solving
What is the difference between monolithic architecture and threads?,Technical Knowledge
"As a senior engineer, How do you foster a psychological safety culture where developers feel safe admitting mistakes and proposing bold ideas?",Leadership
Describe the configuration of Kubernetes Horizontal Pod Autoscalers (HPA) based on custom Prometheus metrics.?,Role-Specific Skills
"As a senior engineer, How do you diagnose memory leaks in long-running containerized microservices without restarting the cluster?",Problem Solving
"As a senior engineer, What is the difference between Blue-Green deployments and Canary deployments in Kubernetes?",Role-Specific Skills
How do you explain database sharding and eventual consistency to customer support specialists?,Communication
"From your experience, How do you troubleshoot high CPU utilization and thread starvation when memory metrics appear completely normal?",Problem Solving
Could you walk me through: Describe a time when you had to convince the enterprise customer success director to prioritize migrating legacy monolithic databases to microservices.?,Communication
"From your experience, How do you run effective 1-on-1 meetings that support the long-term career growth of your direct reports?",Leadership
Can you explain: How do you motivate a cross-functional squad to align on strict test-driven development (TDD) without causing delivery friction?,Leadership
"In an enterprise environment, in Data Engineering, how do you implement idempotent ELT data pipelines in Snowflake to ensure high performance?",Role-Specific Skills
"During a technical review, Describe a time when you mentored a mid-level engineer aiming for senior promotion who was struggling with understanding distributed systems trade-offs.?",Leadership
"Hypothetically, Walk me through how you would isolate an issue when clients receive partial and corrupted payload responses happens right after a major framework upgrade.?",Problem Solving
"In an enterprise environment, How do you handle data consistency and isolation levels in Redis?",Technical Knowledge
"From an architectural standpoint, Describe a time when you mentored a junior software engineer who was struggling with understanding distributed systems trade-offs.?",Leadership
"From your experience, How do you deliver constructive, critical code review feedback without offending a peer software engineer with strong opinions?",Communication
"In an enterprise environment, How do you resolve the ABA problem in lock-free data structures in multithreaded applications?",Technical Knowledge
How do you identify whether a performance slowdown is caused by unbounded in-memory queue buffering or TCP socket file descriptor leaks?,Problem Solving
"In your previous projects, Tell me about a situation where an automated rollback failed and you had to resolve an avalanche of unhandled exceptions crashing microservice pods manually.?",Problem Solving
"From your experience, Describe a time when you had to convince a non-technical client sponsor to prioritize a comprehensive architectural refactor.?",Communication
"Could you walk me through: How does Memcached handle cache invalidation, cache stampede, and eviction policies?",Technical Knowledge
"In your previous projects, Explain how memory-mapped files impacts latency, throughput, and fault tolerance.?",Technical Knowledge
Can you explain the difference between strong consistency and stateless microservices in software engineering?,Technical Knowledge
"In your previous projects, Tell me about a time when you resolved a catastrophic database deadlock under peak traffic.?",Problem Solving
Can you explain: How do you balance technical vision with day-to-day tactical execution as a team lead?,Leadership
What are the key trade-offs between Docker Compose and Playwright when working on frontend state synchronization?,Role-Specific Skills
"From an architectural standpoint, What are the best practices for implementing database sharding in a high-scale service?",Technical Knowledge
"In an enterprise environment, Explain how you manage state and avoid unnecessary re-renders in React applications.?",Role-Specific Skills
"From your experience, How do you secure a CI/CD pipeline against supply chain attacks, compromised packages, and secret leakage?",Role-Specific Skills
"As a senior engineer, How do you identify whether a performance slowdown is caused by database connection pooling saturation or underlying cloud network packet loss?",Problem Solving
"During a technical review, How do you facilitate discussions between teams that have conflicting technical priorities or API requirements?",Communication
"In an enterprise environment, Tell me about a time you stepped up to resolve an organizational deadlock involving enforcing 90% code coverage requirements on pull requests.?",Leadership
How do you approach troubleshooting an intermittent issue that only reproduces under high concurrent traffic?,Problem Solving
Could you walk me through: What is the difference between B-tree index and HTTP/3?,Technical Knowledge
"Hypothetically, Describe a time when you mentored a talented engineer struggling with imposter syndrome who was struggling with confidence in contributing to architectural design reviews.?",Leadership
"During a technical review, How do indexes in Cassandra improve query performance and what are the overhead costs?",Technical Knowledge
"Hypothetically, Tell me about a time you had to deliver bad news regarding project delays to the Chief Operating Officer.?",Communication
Could you walk me through: Describe how you present technical trade-offs to client account managers when choosing between building a customized in-house solution and a resilient scalable architecture with higher initial development cost.?,Communication
"From an architectural standpoint, Tell me about a situation where an automated rollback failed and you had to resolve an unindexed query locking the primary production database manually.?",Problem Solving
What are the key trade-offs between Apache Kafka and Kubernetes long-running deployments when working on real-time clickstream processing?,Role-Specific Skills
"Can you explain: in QA Automation, how do you implement idempotent ELT data pipelines in Snowflake to ensure high performance?",Role-Specific Skills
"As a senior engineer, How do you establish engineering standards, code quality benchmarks, and automated testing rigor across a team?",Leadership
Could you walk me through: What are the key trade-offs between Apache Kafka and Kubernetes long-running deployments when working on frontend state synchronization?,Role-Specific Skills
Can you explain: How do you identify whether a performance slowdown is caused by garbage collection pause times or TCP socket file descriptor leaks?,Problem Solving
"From an architectural standpoint, Tell me about a time you had to deliver difficult feedback about code quality and test design while maintaining trust.?",Leadership
"In your previous projects, Tell me about a time you championed a cultural change or diversity initiative within your engineering department.?",Leadership
What strategies do you use for partition pruning and shuffling optimization in DevOps & Cloud SRE?,Role-Specific Skills
"Hypothetically, Walk me through how you discovered and patched a silent data corruption bug in an asynchronous processing pipeline.?",Problem Solving
"During a technical review, How do you handle situations where a the VP of Product demands a delivery deadline you believe is unrealistic?",Communication
"In your previous projects, How do you navigate team member promotions, performance evaluations, and compensation reviews fairly?",Leadership
Describe how you present technical trade-offs to customer support specialists when choosing between faster time-to-market with accumulated tech debt and a resilient scalable architecture with higher initial development cost.?,Communication
"As a senior engineer, What are the internal mechanics of virtual method dispatch and vtables in C++?",Technical Knowledge
Describe how you supported a mid-level engineer aiming for senior promotion in transitioning to higher-impact architectural responsibilities.?,Leadership
"From an architectural standpoint, Tell me about a time when you diagnosed and fixed an avalanche of unhandled exceptions crashing microservice pods in production.?",Problem Solving
"As a senior engineer, How would you design a system that handles millions of concurrent WebSocket connections using circuit breaker pattern?",Technical Knowledge
"Hypothetically, Tell me about a time you successfully onboarded multiple new engineers while maintaining ongoing sprint commitments.?",Leadership
"From your experience, What are the best practices for implementing rate limiting in a high-scale service?",Technical Knowledge
Could you walk me through: How do you ensure requirements and technical architecture are clearly understood across a distributed team?,Communication
"As a senior engineer, How do you communicate a critical production outage to the Chief Operating Officer during active incident response?",Communication
"From an architectural standpoint, Describe a time when you mentored a newly hired backend developer adjusting to company codebase who was struggling with handling ambiguous technical specifications.?",Leadership
What are the key trade-offs between Docker Compose and Playwright when working on cloud container orchestration?,Role-Specific Skills
"Hypothetically, What strategies do you use for optimizing Core Web Vitals (LCP, INP, CLS) in Data Engineering?",Role-Specific Skills
"From your experience, Describe how you supported a junior software engineer in transitioning to higher-impact architectural responsibilities.?",Leadership
"In your previous projects, How do you manage database migrations safely with zero-downtime using tools like Flyway or Liquibase in QA Automation?",Role-Specific Skills
"From an architectural standpoint, Describe a challenging post-incident review where the root cause was traced back to garbage collection pause times rather than unoptimized disk I/O swapping.?",Problem Solving
"In an enterprise environment, How do you drive consensus on adopting adopting asynchronous event-driven architectures when there is substantial resistance from legacy developers?",Leadership
"In your previous projects, Tell me about a situation where an automated rollback failed and you had to resolve an unexpected thread deadlock freezing background queue workers manually.?",Problem Solving
"During a technical review, Tell me about a time when you diagnosed and fixed a Redis cluster split-brain event causing state inconsistency in production.?",Problem Solving
What are the internal mechanics of async/await event loop scheduling in Python?,Technical Knowledge
"From an architectural standpoint, Explain how you manage state and avoid unnecessary re-renders in React applications.?",Role-Specific Skills
"From an architectural standpoint, Describe a scenario where you negotiated the scope of a feature release with the Chief Operating Officer.?",Communication
"From an architectural standpoint, Describe a challenging post-incident review where the root cause was traced back to unbounded in-memory queue buffering rather than TCP socket file descriptor leaks.?",Problem Solving
"In an enterprise environment, How do you handle data consistency and isolation levels in DynamoDB?",Technical Knowledge
Could you walk me through: Tell me about a time you had to deliver difficult feedback about writing thorough documentation and unit tests while maintaining trust.?,Leadership
"Hypothetically, Describe a time when you had to manage an underperforming team member. How did you handle the situation empathetically?",Leadership
Tell me about a time you had to deliver difficult feedback about proactive communication during blockers while maintaining trust.?,Leadership
"In your previous projects, Tell me about a time you had to deliver difficult feedback about writing thorough documentation and unit tests while maintaining trust.?",Leadership
What are the key trade-offs between Docker Compose and Apache Flink when working on microservice communication?,Role-Specific Skills
"In an enterprise environment, Tell me about a difficult conversation you had with a cross-functional product manager and how you reached mutual agreement.?",Communication
"Hypothetically, How do you design a comprehensive regression testing matrix for a critical payment gateway service?",Role-Specific Skills
Could you walk me through: Tell me about a difficult conversation you had with a legacy system maintainer and how you reached mutual agreement.?,Communication
How do you determine the root cause of network packet loss and TCP retransmission timeouts between microservices?,Problem Solving
"Hypothetically, How do you investigate intermittent latency regressions when underlying cloud network packet loss is suspected?",Problem Solving
"From an architectural standpoint, How do you deliver constructive, critical code review feedback without offending a cross-functional product manager?",Communication
"From your experience, How do you communicate a critical production outage to an impatient product owner during active incident response?",Communication
"Can you explain: in Frontend Engineering, how do you implement virtualized list rendering for 100k items to ensure high performance?",Role-Specific Skills
"As a senior engineer, Describe a time when you mentored a talented engineer struggling with imposter syndrome who was struggling with handling ambiguous technical specifications.?",Leadership
"As a senior engineer, Describe a time when you had to convince a non-technical client sponsor to prioritize allocating 30% of sprint capacity to test automation.?",Communication
"In your previous projects, How do you approach troubleshooting an intermittent issue that occurs only during automated batch database backups?",Problem Solving
"As a senior engineer, Explain how connection pooling impacts latency, throughput, and fault tolerance.?",Technical Knowledge
"Could you walk me through: How do you write reliable, maintainable end-to-end integration tests using Selenium Grid without creating flaky tests?",Role-Specific Skills
What are the key trade-offs between Docker Compose and Kubernetes long-running deployments when working on real-time clickstream processing?,Role-Specific Skills
"As a senior engineer, How do you motivate a cross-functional squad to align on automated CI/CD trunk-based development without causing delivery friction?",Leadership
"From an architectural standpoint, What is the time and space complexity of Topological Sort for DAG dependencies and how can it be optimized?",Technical Knowledge
Can you explain: Walk me through your step-by-step debugging process when Kafka consumer lag continuously grows without consumer rebalancing occurs on a mission-critical service.?,Problem Solving
"In an enterprise environment, How would you design a system that handles geo-distributed user sessions with instant failover using WAL (write-ahead log)?",Technical Knowledge
"As a senior engineer, How do you explain why refactoring technical debt prevents system crashes to sales and marketing stakeholders?",Communication
"During a technical review, Tell me about a time you had to deliver bad news regarding project delays to an impatient product owner.?",Communication
"Explain how consistent hashing impacts latency, throughput, and fault tolerance.?",Technical Knowledge
Can you explain: How do you resolve the ABA problem in lock-free data structures in multithreaded applications?,Technical Knowledge
Describe a time when you had to convince the VP of Product to prioritize a comprehensive architectural refactor.?,Communication
"Hypothetically, Tell me about a time you had to deliver bad news regarding project delays to a non-technical client sponsor.?",Communication
"From an architectural standpoint, Tell me about a time you had to deliver difficult feedback about confidence in contributing to architectural design reviews while maintaining trust.?",Leadership
"Hypothetically, How do you resolve thread starvation and livelocks in multithreaded applications?",Technical Knowledge
"From an architectural standpoint, How do you design an idempotent API endpoint for user order placement checkout?",Technical Knowledge
"From an architectural standpoint, How do you design a comprehensive regression testing matrix for a critical payment gateway service?",Role-Specific Skills
"During a technical review, Can you share an example of a time when your initial hypothesis about a severe bug turned out to be wrong?",Problem Solving
"Hypothetically, Describe a time when you had to convince the Chief Operating Officer to prioritize a comprehensive architectural refactor.?",Communication
Could you walk me through: Tell me about a time when you diagnosed and fixed an exponential spike in 504 Gateway Timeouts in production.?,Problem Solving
What strategies do you use for active listening when a colleague expresses frustration with your proposal?,Communication
Can you explain: Describe a scenario where you had to lead a project with ambiguous requirements and tight organizational deadlines.?,Leadership
"Could you walk me through: in Data Engineering, how do you implement idempotent ELT data pipelines in Snowflake to ensure high performance?",Role-Specific Skills
"In your previous projects, Can you explain the trade-offs of using database sharding in production?",Technical Knowledge
Could you walk me through: Describe how you present technical trade-offs to customer support specialists when choosing between a managed cloud proprietary service and purchasing an off-the-shelf third-party integration.?,Communication
What best practices do you follow for building reusable design system components in React?,Role-Specific Skills
"Hypothetically, How do you investigate intermittent latency regressions when TCP socket file descriptor leaks is suspected?",Problem Solving
"From your experience, Describe how you present technical trade-offs to client account managers when choosing between building a customized in-house solution and purchasing an off-the-shelf third-party integration.?",Communication
"From your experience, Walk me through how you discovered and patched a silent data corruption bug in an asynchronous processing pipeline.?",Problem Solving
"In an enterprise environment, How do you ensure requirements and technical architecture are clearly understood across a distributed team?",Communication
How would you design a system that handles geo-distributed user sessions with instant failover using WAL (write-ahead log)?,Technical Knowledge
How would you design a system that handles geo-distributed user sessions with instant failover using event-driven architecture?,Technical Knowledge
"From an architectural standpoint, in QA Automation, how do you implement contract testing between microservices with Pact to ensure high performance?",Role-Specific Skills
"Could you walk me through: in Cybersecurity Engineering, how do you implement automated canary rollouts with ArgoCD to ensure high performance?",Role-Specific Skills
"Could you walk me through: How do you write reliable, maintainable end-to-end integration tests using Jest and React Testing Library without creating flaky tests?",Role-Specific Skills
Can you explain the difference between declarative programming and stateless microservices in software engineering?,Technical Knowledge
"From an architectural standpoint, How does CDN edge caching handle cache invalidation, cache stampede, and eviction policies?",Technical Knowledge
Could you walk me through: What happens from a networking perspective when a TLS 1.3 handshake is established occurs?,Technical Knowledge
"Hypothetically, Tell me about a time you stepped up to resolve an organizational deadlock involving enforcing 90% code coverage requirements on pull requests.?",Leadership
"What strategies do you use for optimizing Core Web Vitals (LCP, INP, CLS) in Data Engineering?",Role-Specific Skills
"In an enterprise environment, How do you recognize and develop emerging leadership qualities in engineers on your team?",Leadership
"From your experience, How do you manage database migrations safely with zero-downtime using tools like Flyway or Liquibase in Frontend Engineering?",Role-Specific Skills
Can you explain the trade-offs of using CQRS pattern in production?,Technical Knowledge
"From your experience, What are the key trade-offs between React Server Components and Kubernetes Pods when working on end-to-end regression validation?",Role-Specific Skills
"Hypothetically, What is your approach to writing clear technical documentation, RFCs, and architectural decision records?",Communication
"In your previous projects, How do you tailor your communication style when speaking with junior engineers versus C-level executives?",Communication
"From your experience, How do you explain why refactoring technical debt prevents system crashes to product managers without coding background?",Communication
"In your previous projects, How do you explain why distributed consensus algorithms cannot guarantee zero latency to sales and marketing stakeholders?",Communication
"Hypothetically, How do you handle situations where a a non-technical client sponsor demands a delivery deadline you believe is unrealistic?",Communication
"Hypothetically, How would you design a system that handles geo-distributed user sessions with instant failover using connection pooling?",Technical Knowledge
"Hypothetically, in Data Engineering, how do you implement contract testing between microservices with Pact to ensure high performance?",Role-Specific Skills
"From an architectural standpoint, Tell me about a time when you diagnosed and fixed a connection pool exhaustion during a flash sale in production.?",Problem Solving
Could you walk me through: How do you motivate a cross-functional squad to align on implementing observability and distributed tracing standards without causing delivery friction?,Leadership
"Hypothetically, How do you write reliable, maintainable end-to-end integration tests using Selenium Grid without creating flaky tests?",Role-Specific Skills
"During a technical review, Explain how you manage state and avoid unnecessary re-renders in React applications.?",Role-Specific Skills
"From your experience, What is your philosophy on servant leadership versus top-down command in high-performing engineering teams?",Leadership
"In an enterprise environment, How do you implement OAuth2 Authorization Code Flow with PKCE in a Single Page Application (SPA)?",Role-Specific Skills
"How do you deliver constructive, critical code review feedback without offending an external vendor technical contact?",Communication
Can you explain: Describe how you present technical trade-offs to customer support specialists when choosing between building a customized in-house solution and an open-source self-hosted cluster.?,Communication
"From an architectural standpoint, Can you explain the trade-offs of using connection pooling in production?",Technical Knowledge
Describe a challenging post-incident review where the root cause was traced back to database connection pooling saturation rather than downstream third-party rate limits.?,Problem Solving
"Hypothetically, Describe a time when you mentored a newly hired backend developer adjusting to company codebase who was struggling with code quality and test design.?",Leadership
Can you explain: Describe a time when you mentored a newly hired backend developer adjusting to company codebase who was struggling with understanding distributed systems trade-offs.?,Leadership
"In your previous projects, Describe how you supported a newly hired backend developer adjusting to company codebase in transitioning to higher-impact architectural responsibilities.?",Leadership
"In your previous projects, How do you motivate a cross-functional squad to align on adopting asynchronous event-driven architectures without causing delivery friction?",Leadership
"During a technical review, How do you handle situations where a the enterprise customer success director demands a delivery deadline you believe is unrealistic?",Communication
What is the difference between SQL databases and Hash index?,Technical Knowledge
What is the difference between SQL databases and microservices?,Technical Knowledge
"Hypothetically, Describe a time when you had to convince the enterprise customer success director to prioritize a comprehensive architectural refactor.?",Communication
Could you walk me through: Tell me about a time when you diagnosed and fixed a critical memory leak causing cascading OOM kills in production.?,Problem Solving
"In your previous projects, Describe how you supported a career switcher unfamiliar with production pipelines in transitioning to higher-impact architectural responsibilities.?",Leadership
"During a technical review, Tell me about a situation where an automated rollback failed and you had to resolve a sudden disk I/O saturation freezing asynchronous write operations manually.?",Problem Solving
"As a senior engineer, Tell me about a time you had to deliver bad news regarding project delays to the enterprise customer success director.?",Communication
"As a senior engineer, Describe how you present technical trade-offs to product managers without coding background when choosing between building a customized in-house solution and purchasing an off-the-shelf third-party integration.?",Communication
"In your previous projects, Tell me about a difficult conversation you had with an external vendor technical contact and how you reached mutual agreement.?",Communication
"In an enterprise environment, How do you balance technical vision with day-to-day tactical execution as a team lead?",Leadership
"From an architectural standpoint, Tell me about a time when you diagnosed and fixed a runaway recursive background job consuming all available CPU in production.?",Problem Solving
"In an enterprise environment, How do you handle situations where a an impatient product owner demands a delivery deadline you believe is unrealistic?",Communication
"In an enterprise environment, How do you motivate a cross-functional squad to align on adopting asynchronous event-driven architectures without causing delivery friction?",Leadership
"Hypothetically, Can you explain the difference between stateful services and functional programming in software engineering?",Technical Knowledge
"From an architectural standpoint, Describe how you supported a talented engineer struggling with imposter syndrome in transitioning to higher-impact architectural responsibilities.?",Leadership
"As a senior engineer, Tell me about a time you had to deliver difficult feedback about code quality and test design while maintaining trust.?",Leadership
"In your previous projects, What is the time and space complexity of LRU Cache eviction with O(1) operations and how can it be optimized?",Technical Knowledge
"During a technical review, What is the difference between synchronous and asynchronous processing in CQRS pattern?",Technical Knowledge
Explain the CAP theorem and how consistent hashing chooses between consistency and availability.?,Technical Knowledge
"In your previous projects, Explain how you manage state and avoid unnecessary re-renders in React applications.?",Role-Specific Skills
"During a technical review, Describe how you design a resilient pipeline for automated test suite execution across parallel runners in modern cloud infrastructure.?",Role-Specific Skills
"In your previous projects, How do you drive consensus on adopting automated CI/CD trunk-based development when there is substantial resistance from legacy developers?",Leadership
How would you design a system that handles real-time analytics over petabytes of data using WAL (write-ahead log)?,Technical Knowledge
"From an architectural standpoint, How do you handle a situation where two senior engineers on your team strongly disagree on authorizing third-party cloud vendor lock-in?",Leadership
"Hypothetically, How do you facilitate discussions between teams that have conflicting technical priorities or API requirements?",Communication
Describe a challenging post-incident review where the root cause was traced back to DNS query resolution latency rather than underlying cloud network packet loss.?,Problem Solving
"From your experience, Walk me through your step-by-step debugging process when database replication lag surges past 30 minutes occurs on a mission-critical service.?",Problem Solving
"Could you walk me through: Explain how memory-mapped files impacts latency, throughput, and fault tolerance.?",Technical Knowledge
Can you explain: Describe how you supported a mid-level engineer aiming for senior promotion in transitioning to higher-impact architectural responsibilities.?,Leadership
Walk me through your step-by-step debugging process when Kafka consumer lag continuously grows without consumer rebalancing occurs on a mission-critical service.?,Problem Solving
"In an enterprise environment, Explain how you design a data lakehouse architecture using Delta Lake or Apache Iceberg.?",Role-Specific Skills
"In an enterprise environment, in DevOps & Cloud SRE, how do you implement zero-trust identity-aware network segmentation to ensure high performance?",Role-Specific Skills
What are the internal mechanics of async/await event loop scheduling in Go?,Technical Knowledge
"From your experience, Describe a scenario where you negotiated the scope of a feature release with a non-technical client sponsor.?",Communication
"Hypothetically, How do you deliver constructive, critical code review feedback without offending a peer software engineer with strong opinions?",Communication
"In your previous projects, How do you motivate a cross-functional squad to align on implementing observability and distributed tracing standards without causing delivery friction?",Leadership
"From your experience, What is the difference between optimistic locking and asymmetric encryption?",Technical Knowledge
"In an enterprise environment, Explain how you manage state and avoid unnecessary re-renders in Vue 3 applications.?",Role-Specific Skills
"From your experience, How would you troubleshoot sudden memory exhaustion caused by a Redis cluster split-brain event causing state inconsistency?",Problem Solving
"In your previous projects, Describe how you design a resilient pipeline for real-time financial transaction ingestion in modern cloud infrastructure.?",Role-Specific Skills
What are the internal mechanics of memory allocation and heap management in Python?,Technical Knowledge
"During a technical review, Tell me about a time you had to deliver difficult feedback about code quality and test design while maintaining trust.?",Leadership
"During a technical review, How do you manage database migrations safely with zero-downtime using tools like Flyway or Liquibase in Frontend Engineering?",Role-Specific Skills
"In your previous projects, How do you facilitate discussions between teams that have conflicting technical priorities or API requirements?",Communication
Explain how JWT token signing and refresh rotation protects against common vulnerabilities in modern web applications.?,Technical Knowledge
"In an enterprise environment, in DevOps & Cloud SRE, how do you implement idempotent ELT data pipelines in Snowflake to ensure high performance?",Role-Specific Skills
"As a senior engineer, How do you investigate intermittent latency regressions when unoptimized disk I/O swapping is suspected?",Problem Solving
How would you troubleshoot sudden memory exhaustion caused by an avalanche of unhandled exceptions crashing microservice pods?,Problem Solving
Walk me through how you would isolate an issue when worker nodes abruptly crash without emitting a stack trace happens right after a major framework upgrade.?,Problem Solving
"In your previous projects, Explain how message broker partitioning impacts latency, throughput, and fault tolerance.?",Technical Knowledge
"How do you write reliable, maintainable end-to-end integration tests using Cypress without creating flaky tests?",Role-Specific Skills
"As a senior engineer, Walk me through your step-by-step debugging process when Kafka consumer lag continuously grows without consumer rebalancing occurs on a mission-critical service.?",Problem Solving
"In your previous projects, What strategies do you use for optimizing Core Web Vitals (LCP, INP, CLS) in Frontend Engineering?",Role-Specific Skills
"During a technical review, How do you explain why distributed consensus algorithms cannot guarantee zero latency to product managers without coding background?",Communication
What are the key trade-offs between Docker Compose and Kubernetes Pods when working on microservice communication?,Role-Specific Skills
"In an enterprise environment, What is the difference between REST and pessimistic locking?",Technical Knowledge
"From an architectural standpoint, Tell me about a time you had to deliver bad news regarding project delays to the enterprise customer success director.?",Communication
"From your experience, Describe a time when you had to convince the VP of Product to prioritize allocating 30% of sprint capacity to test automation.?",Communication
"As a senior engineer, Explain the CAP theorem and how connection pooling chooses between consistency and availability.?",Technical Knowledge
"How do you write reliable, maintainable end-to-end integration tests using Jest and React Testing Library without creating flaky tests?",Role-Specific Skills
"In an enterprise environment, Can you explain the trade-offs of using WAL (write-ahead log) in production?",Technical Knowledge
"As a senior engineer, How would you design a system that handles geo-distributed user sessions with instant failover using memory-mapped files?",Technical Knowledge
"In your previous projects, How do you resolve race conditions and deadlocks in multithreaded applications?",Technical Knowledge
Could you walk me through: Describe a time when you mentored a mid-level engineer aiming for senior promotion who was struggling with time management and estimation accuracy.?,Leadership
"From your experience, Describe how you design a resilient pipeline for real-time financial transaction ingestion in modern cloud infrastructure.?",Role-Specific Skills
"From your experience, Tell me about a time you had to deliver bad news regarding project delays to the VP of Product.?",Communication
"From an architectural standpoint, How do you configure and optimize Kubernetes ingress controllers for enterprise production workloads?",Role-Specific Skills
"In Cybersecurity Engineering, how do you implement zero-trust identity-aware network segmentation to ensure high performance?",Role-Specific Skills
"During a technical review, How do you handle a situation where two senior engineers on your team strongly disagree on authorizing third-party cloud vendor lock-in?",Leadership
Could you walk me through: How do you communicate the long-term cost of technical debt to executive leadership who only want new features?,Communication
Could you walk me through: How do you handle a situation where two senior engineers on your team strongly disagree on choosing between Go and Rust for a new microservice?,Leadership
Can you explain: Describe a situation where executive management proposed an unreasonable technical mandate. How did you push back?,Leadership
Can you explain: Describe a time when you had to convince the VP of Product to prioritize allocating 30% of sprint capacity to test automation.?,Communication
"In your previous projects, How does garbage collection work in C++ and how can you minimize stop-the-world pauses?",Technical Knowledge
"From an architectural standpoint, in Cybersecurity Engineering, how do you implement idempotent ELT data pipelines in Snowflake to ensure high performance?",Role-Specific Skills
Can you explain: Explain how you manage state and avoid unnecessary re-renders in Angular applications.?,Role-Specific Skills
How do you design an idempotent API endpoint for webhook notifications delivery?,Technical Knowledge
"In an enterprise environment, What is the time and space complexity of Dijkstra's shortest path algorithm and how can it be optimized?",Technical Knowledge
"Can you explain: in Data Engineering, how do you implement contract testing between microservices with Pact to ensure high performance?",Role-Specific Skills
"From your experience, What best practices do you follow for building reusable design system components in React?",Role-Specific Skills
"Could you walk me through: in DevOps & Cloud SRE, how do you implement automated canary rollouts with ArgoCD to ensure high performance?",Role-Specific Skills
How do you identify whether a performance slowdown is caused by garbage collection pause times or TCP socket file descriptor leaks?,Problem Solving
"In your previous projects, Describe how you present technical trade-offs to product managers without coding background when choosing between building a customized in-house solution and an open-source self-hosted cluster.?",Communication
Could you walk me through: What strategies do you use for partition pruning and shuffling optimization in Cybersecurity Engineering?,Role-Specific Skills
"Hypothetically, Describe how you supported a junior software engineer in transitioning to higher-impact architectural responsibilities.?",Leadership
"As a senior engineer, How do you communicate the long-term cost of technical debt to executive leadership who only want new features?",Communication
"Explain how distributed transactions (2PC) impacts latency, throughput, and fault tolerance.?",Technical Knowledge
Could you walk me through: Walk me through how you would isolate an issue when memory consumption steadily climbs linearly until container restarts happens right after a major framework upgrade.?,Problem Solving
"In an enterprise environment, How do you determine the root cause of network packet loss and TCP retransmission timeouts between microservices?",Problem Solving
"From an architectural standpoint, How do you drive consensus on adopting moving to container orchestration and GitOps when there is substantial resistance from legacy developers?",Leadership
"From your experience, How do you ensure accessibility, cross-browser compatibility, and WCAG compliance in mobile-responsive web applications?",Role-Specific Skills
"From an architectural standpoint, Describe a time when you mentored a talented engineer struggling with imposter syndrome who was struggling with handling ambiguous technical specifications.?",Leadership
"In an enterprise environment, Describe a challenging post-incident review where the root cause was traced back to CPU throttling by Kubernetes CFS quota rather than downstream third-party rate limits.?",Problem Solving
"From an architectural standpoint, Walk me through how you would isolate an issue when the API response time degrades from 50ms to 12 seconds happens right after a major framework upgrade.?",Problem Solving
"During a technical review, What is your philosophy on servant leadership versus top-down command in high-performing engineering teams?",Leadership
"From your experience, How do you deliver constructive, critical code review feedback without offending an external vendor technical contact?",Communication
"Hypothetically, Explain the CAP theorem and how message broker partitioning chooses between consistency and availability.?",Technical Knowledge
"From an architectural standpoint, Tell me about a time you had to deliver bad news regarding project delays to the Chief Operating Officer.?",Communication
"From your experience, in DevOps & Cloud SRE, how do you implement virtualized list rendering for 100k items to ensure high performance?",Role-Specific Skills
"During a technical review, Describe how you supported a intern with minimal real-world experience in transitioning to higher-impact architectural responsibilities.?",Leadership
"From your experience, What strategies do you use for partition pruning and shuffling optimization in DevOps & Cloud SRE?",Role-Specific Skills
What happens from a networking perspective when a packet travels across NAT gateways and routers occurs?,Technical Knowledge
"From an architectural standpoint, How do you manage database migrations safely with zero-downtime using tools like Flyway or Liquibase in Data Engineering?",Role-Specific Skills
"Hypothetically, How do you deliver constructive, critical code review feedback without offending a cross-functional product manager?",Communication
"From an architectural standpoint, How do you handle situations where a the enterprise customer success director demands a delivery deadline you believe is unrealistic?",Communication
"From an architectural standpoint, Describe a time when you had to convince an impatient product owner to prioritize allocating 30% of sprint capacity to test automation.?",Communication
"From an architectural standpoint, in Frontend Engineering, how do you implement virtualized list rendering for 100k items to ensure high performance?",Role-Specific Skills
"From your experience, Describe a complex technical problem where you had very limited log data and monitoring. How did you isolate root cause?",Problem Solving
"From your experience, Describe how you design a resilient pipeline for automated test suite execution across parallel runners in modern cloud infrastructure.?",Role-Specific Skills
"In your previous projects, Tell me about a time you had to deliver bad news regarding project delays to an impatient product owner.?",Communication
What are the key trade-offs between Apache Kafka and Playwright when working on real-time clickstream processing?,Role-Specific Skills
Could you walk me through: Tell me about a time you championed a cultural change or diversity initiative within your engineering department.?,Leadership
"From your experience, Describe a time when you had to make a high-stakes engineering trade-off under intense time pressure.?",Problem Solving
Can you explain: How do you handle data consistency and isolation levels in DynamoDB?,Technical Knowledge
"From your experience, Describe a challenging post-incident review where the root cause was traced back to unbounded in-memory queue buffering rather than underlying cloud network packet loss.?",Problem Solving
"From an architectural standpoint, How do you explain the difference between latency and throughput bottlenecks to product managers without coding background?",Communication
How do you configure and optimize Apache Airflow DAG schedulers for enterprise production workloads?,Role-Specific Skills
Describe a time when you mentored a intern with minimal real-world experience who was struggling with writing thorough documentation and unit tests.?,Leadership
What best practices do you follow for building reusable design system components in Vue 3?,Role-Specific Skills
"Hypothetically, How do you communicate the long-term cost of technical debt to executive leadership who only want new features?",Communication
"From an architectural standpoint, Tell me about a time when you diagnosed and fixed an exponential spike in 504 Gateway Timeouts in production.?",Problem Solving
"Can you explain: in Frontend Engineering, how do you implement automated canary rollouts with ArgoCD to ensure high performance?",Role-Specific Skills
"Hypothetically, Walk me through your step-by-step debugging process when the API response time degrades from 50ms to 12 seconds occurs on a mission-critical service.?",Problem Solving
"In an enterprise environment, Tell me about a time you stepped up to resolve an organizational deadlock involving authorizing third-party cloud vendor lock-in.?",Leadership
How would you design a system that handles millions of concurrent WebSocket connections using event-driven architecture?,Technical Knowledge
Can you explain: What are the key trade-offs between Apache Kafka and Kubernetes Pods when working on real-time clickstream processing?,Role-Specific Skills
"During a technical review, How do you motivate a cross-functional squad to align on adopting asynchronous event-driven architectures without causing delivery friction?",Leadership
"From your experience, in Cybersecurity Engineering, how do you implement contract testing between microservices with Pact to ensure high performance?",Role-Specific Skills
"In an enterprise environment, How do you handle data consistency and isolation levels in Cassandra?",Technical Knowledge
How do you handle data consistency and isolation levels in Redis?,Technical Knowledge
"In an enterprise environment, Tell me about a time when you diagnosed and fixed an avalanche of unhandled exceptions crashing microservice pods in production.?",Problem Solving
"Hypothetically, How do you investigate intermittent latency regressions when application thread lock contention is suspected?",Problem Solving
"In an enterprise environment, Describe a challenging post-incident review where the root cause was traced back to thread lock contention on shared resource caches rather than underlying cloud network packet loss.?",Problem Solving
"From an architectural standpoint, How do indexes in Elasticsearch improve query performance and what are the overhead costs?",Technical Knowledge
"In your previous projects, What are the best practices for implementing database sharding in a high-scale service?",Technical Knowledge
"As a senior engineer, How do you identify whether a performance slowdown is caused by thread lock contention on shared resource caches or TCP socket file descriptor leaks?",Problem Solving
"During a technical review, in Data Engineering, how do you implement zero-trust identity-aware network segmentation to ensure high performance?",Role-Specific Skills
"From your experience, Walk me through your step-by-step debugging process when the HTTP request error rate spikes to 25% occurs on a mission-critical service.?",Problem Solving
"In your previous projects, Describe a time when you mentored a talented engineer struggling with imposter syndrome who was struggling with understanding distributed systems trade-offs.?",Leadership
How does garbage collection work in Python and how can you minimize stop-the-world pauses?,Technical Knowledge
"In an enterprise environment, How do you explain the difference between latency and throughput bottlenecks to customer support specialists?",Communication
Can you explain: How do you handle a situation where two senior engineers on your team strongly disagree on migrating to microservices versus modular monolith?,Leadership
"From an architectural standpoint, Tell me about a time you stepped up to resolve an organizational deadlock involving authorizing third-party cloud vendor lock-in.?",Leadership
Walk me through how you discovered and patched a silent data corruption bug in an asynchronous processing pipeline.?,Problem Solving
"During a technical review, in Data Engineering, how do you implement automated canary rollouts with ArgoCD to ensure high performance?",Role-Specific Skills
"From an architectural standpoint, How do you identify whether a performance slowdown is caused by thread lock contention on shared resource caches or TCP socket file descriptor leaks?",Problem Solving
"In your previous projects, How do you manage database migrations safely with zero-downtime using tools like Flyway or Liquibase in Frontend Engineering?",Role-Specific Skills
"In your previous projects, What best practices do you follow for building reusable design system components in React?",Role-Specific Skills
"In Frontend Engineering, how do you implement virtualized list rendering for 100k items to ensure high performance?",Role-Specific Skills
"In an enterprise environment, What is the difference between synchronous and asynchronous processing in distributed transactions (2PC)?",Technical Knowledge
"As a senior engineer, How do you drive consensus on adopting automated CI/CD trunk-based development when there is substantial resistance from legacy developers?",Leadership
"From your experience, How do you communicate a critical production outage to the VP of Product during active incident response?",Communication
"In an enterprise environment, What best practices do you follow for building reusable design system components in Vue 3?",Role-Specific Skills
"Can you explain: Tell me about a time you used profiling tools (e.g., Flamegraphs, pprof, VisualVM) to resolve a massive latency spike.?",Problem Solving
How do you explain why upgrading outdated runtime versions is critical for security to client account managers?,Communication
"From an architectural standpoint, in QA Automation, how do you implement automated canary rollouts with ArgoCD to ensure high performance?",Role-Specific Skills
"In your previous projects, Can you explain the difference between stateful services and imperative programming in software engineering?",Technical Knowledge
Can you explain: Tell me about a time you stepped up to resolve an organizational deadlock involving enforcing strict functional programming paradigms.?,Leadership
What strategies do you use for mocking flaky third-party payment endpoints in Frontend Engineering?,Role-Specific Skills
"As a senior engineer, Tell me about a time when you diagnosed and fixed a silent queue backlog causing millions of dropped events in production.?",Problem Solving
How do indexes in MongoDB improve query performance and what are the overhead costs?,Technical Knowledge
Can you explain: How do you debug an application that runs perfectly in local staging but fails intermittently in Kubernetes production?,Problem Solving
"Can you explain: How do you deliver constructive, critical code review feedback without offending a strict QA lead?",Communication
"In an enterprise environment, Tell me about an initiative you led from conception to delivery across multiple cross-functional teams.?",Leadership
Can you explain: Describe a challenging post-incident review where the root cause was traced back to thread lock contention on shared resource caches rather than application thread lock contention.?,Problem Solving
"During a technical review, Tell me about a time when a critical project you were leading was failing. How did you turn it around?",Leadership
"In your previous projects, Describe an incident where a faulty deployment caused widespread 500 server errors. What was your immediate mitigation?",Problem Solving
"In an enterprise environment, How do you design an idempotent API endpoint for credit card billing payments?",Technical Knowledge
"From an architectural standpoint, Describe how you design a resilient pipeline for automated test suite execution across parallel runners in modern cloud infrastructure.?",Role-Specific Skills
"In your previous projects, Describe a time when you mentored a newly hired backend developer adjusting to company codebase who was struggling with handling ambiguous technical specifications.?",Leadership
"From your experience, How do you balance delegating important tasks to junior developers while maintaining high delivery quality?",Leadership
"During a technical review, What best practices do you follow for building reusable design system components in Svelte?",Role-Specific Skills
"Hypothetically, How would you troubleshoot sudden memory exhaustion caused by a sudden disk I/O saturation freezing asynchronous write operations?",Problem Solving
"During a technical review, How do you implement OAuth2 Authorization Code Flow with PKCE in a Single Page Application (SPA)?",Role-Specific Skills
"In an enterprise environment, Explain the CAP theorem and how event-driven architecture chooses between consistency and availability.?",Technical Knowledge
Describe a challenging post-incident review where the root cause was traced back to unbounded in-memory queue buffering rather than underlying cloud network packet loss.?,Problem Solving
Tell me about a situation where an automated rollback failed and you had to resolve a silent queue backlog causing millions of dropped events manually.?,Problem Solving
"During a technical review, How do you manage database migrations safely with zero-downtime using tools like Flyway or Liquibase in Cybersecurity Engineering?",Role-Specific Skills
"During a technical review, in Frontend Engineering, how do you implement virtualized list rendering for 100k items to ensure high performance?",Role-Specific Skills
"As a senior engineer, What is the time and space complexity of LRU Cache eviction with O(1) operations and how can it be optimized?",Technical Knowledge
How do you identify whether a performance slowdown is caused by database connection pooling saturation or microservice circuit breaker tripping prematurely?,Problem Solving
"From your experience, How do you investigate intermittent latency regressions when underlying cloud network packet loss is suspected?",Problem Solving
How do you explain the difference between latency and throughput bottlenecks to sales and marketing stakeholders?,Communication
"From your experience, Describe a time when you had to manage an underperforming team member. How did you handle the situation empathetically?",Leadership
"Hypothetically, What are the key trade-offs between Docker Compose and Kubernetes long-running deployments when working on microservice communication?",Role-Specific Skills
"From your experience, in DevOps & Cloud SRE, how do you implement contract testing between microservices with Pact to ensure high performance?",Role-Specific Skills
"In your previous projects, Describe a time when you mentored a career switcher unfamiliar with production pipelines who was struggling with understanding distributed systems trade-offs.?",Leadership
Could you walk me through: How do indexes in MongoDB improve query performance and what are the overhead costs?,Technical Knowledge
"From your experience, How would you troubleshoot sudden memory exhaustion caused by a runaway recursive background job consuming all available CPU?",Problem Solving
Can you explain: How do you handle a situation where two senior engineers on your team strongly disagree on choosing between Go and Rust for a new microservice?,Leadership
"From your experience, Explain the CAP theorem and how circuit breaker pattern chooses between consistency and availability.?",Technical Knowledge
"During a technical review, How do you communicate a critical production outage to the enterprise customer success director during active incident response?",Communication
Could you walk me through: What are the key trade-offs between Docker Compose and Kubernetes Pods when working on end-to-end regression validation?,Role-Specific Skills
How does garbage collection work in C# and how can you minimize stop-the-world pauses?,Technical Knowledge
"As a senior engineer, Describe a time when you mentored a mid-level engineer aiming for senior promotion who was struggling with proactive communication during blockers.?",Leadership
"From your experience, How do you motivate a cross-functional squad to align on moving to container orchestration and GitOps without causing delivery friction?",Leadership
"As a senior engineer, Walk me through how you would isolate an issue when clients receive partial and corrupted payload responses happens right after a major framework upgrade.?",Problem Solving
"In your previous projects, What strategies do you use for optimizing Core Web Vitals (LCP, INP, CLS) in Data Engineering?",Role-Specific Skills
What is the difference between processes and asymmetric encryption?,Technical Knowledge
What are the key trade-offs between Apache Kafka and Kubernetes Pods when working on cloud container orchestration?,Role-Specific Skills
"From an architectural standpoint, How do you motivate a cross-functional squad to align on moving to container orchestration and GitOps without causing delivery friction?",Leadership
"In an enterprise environment, What are the best practices for implementing consistent hashing in a high-scale service?",Technical Knowledge
"Hypothetically, Describe how you present technical trade-offs to client account managers when choosing between a managed cloud proprietary service and an open-source self-hosted cluster.?",Communication
"As a senior engineer, Explain how memory-mapped files impacts latency, throughput, and fault tolerance.?",Technical Knowledge
What are the internal mechanics of async/await event loop scheduling in Rust?,Technical Knowledge
What are the key trade-offs between AWS Lambda serverless and Kubernetes Pods when working on frontend state synchronization?,Role-Specific Skills
What is the difference between optimistic locking and threads?,Technical Knowledge
"From your experience, Tell me about a difficult conversation you had with a cross-functional product manager and how you reached mutual agreement.?",Communication
"In an enterprise environment, Describe a time when you mentored a mid-level engineer aiming for senior promotion who was struggling with understanding distributed systems trade-offs.?",Leadership
"As a senior engineer, How do you deliver constructive, critical code review feedback without offending a legacy system maintainer?",Communication
"As a senior engineer, Describe a challenging post-incident review where the root cause was traced back to DNS query resolution latency rather than application thread lock contention.?",Problem Solving
"Hypothetically, How would you troubleshoot sudden memory exhaustion caused by an unexpected thread deadlock freezing background queue workers?",Problem Solving
"From an architectural standpoint, Describe how you design a resilient pipeline for real-time financial transaction ingestion in modern cloud infrastructure.?",Role-Specific Skills
"From an architectural standpoint, Describe a challenging post-incident review where the root cause was traced back to database connection pooling saturation rather than underlying cloud network packet loss.?",Problem Solving
"As a senior engineer, in QA Automation, how do you implement virtualized list rendering for 100k items to ensure high performance?",Role-Specific Skills
Can you explain: Describe how you present technical trade-offs to product managers without coding background when choosing between faster time-to-market with accumulated tech debt and a resilient scalable architecture with higher initial development cost.?,Communication
"As a senior engineer, Tell me about a time when you resolved a catastrophic database deadlock under peak traffic.?",Problem Solving
How do you handle a situation where two senior engineers on your team strongly disagree on migrating to microservices versus modular monolith?,Leadership
"Hypothetically, in DevOps & Cloud SRE, how do you implement idempotent ELT data pipelines in Snowflake to ensure high performance?",Role-Specific Skills
"From an architectural standpoint, How do you identify whether a performance slowdown is caused by DNS query resolution latency or downstream third-party rate limits?",Problem Solving
Could you walk me through: What strategies do you use for active listening when a colleague expresses frustration with your proposal?,Communication
Could you walk me through: How do you investigate intermittent latency regressions when application thread lock contention is suspected?,Problem Solving
"From your experience, Tell me about a time you had to deliver difficult feedback about proactive communication during blockers while maintaining trust.?",Leadership
What is the difference between TCP and GraphQL?,Technical Knowledge
"In your previous projects, What happens from a networking perspective when a DNS recursive resolution query is executed occurs?",Technical Knowledge
"During a technical review, How do you motivate a cross-functional squad to align on strict test-driven development (TDD) without causing delivery friction?",Leadership
Can you explain the difference between stateful services and eventual consistency in software engineering?,Technical Knowledge
"In your previous projects, What strategies do you use for hardening Linux kernel parameters against DDoS in Data Engineering?",Role-Specific Skills
What best practices do you follow for building reusable design system components in Svelte?,Role-Specific Skills
"From an architectural standpoint, Describe a situation where a third-party dependency failed unexpectedly in production. How did you resolve the outage?",Problem Solving
"From your experience, in Frontend Engineering, how do you implement contract testing between microservices with Pact to ensure high performance?",Role-Specific Skills
Could you walk me through: Describe a time when you had to convince a non-technical client sponsor to prioritize migrating legacy monolithic databases to microservices.?,Communication
What are the key trade-offs between React Server Components and Kubernetes long-running deployments when working on end-to-end regression validation?,Role-Specific Skills
"Hypothetically, Tell me about an initiative you led from conception to delivery across multiple cross-functional teams.?",Leadership
Describe a challenging post-incident review where the root cause was traced back to CPU throttling by Kubernetes CFS quota rather than application thread lock contention.?,Problem Solving
Can you explain: Walk me through your step-by-step debugging process when database replication lag surges past 30 minutes occurs on a mission-critical service.?,Problem Solving
"In your previous projects, How do you ensure requirements and technical architecture are clearly understood across a distributed team?",Communication
"Could you walk me through: in Cybersecurity Engineering, how do you implement virtualized list rendering for 100k items to ensure high performance?",Role-Specific Skills
"From your experience, How do you profile and eliminate bundle bloat, tree-shaking failures, and excessive CSS in modern web applications?",Role-Specific Skills
"In an enterprise environment, Tell me about a situation where an automated rollback failed and you had to resolve a connection pool exhaustion during a flash sale manually.?",Problem Solving
Can you explain: Tell me about a situation where an automated rollback failed and you had to resolve a connection pool exhaustion during a flash sale manually.?,Problem Solving
"During a technical review, What are the internal mechanics of reflection and dynamic type inspection in C++?",Technical Knowledge
Can you explain: How would you design a system that handles low-latency financial transactions under 5ms using database sharding?,Technical Knowledge
"As a senior engineer, How do you explain why upgrading outdated runtime versions is critical for security to client account managers?",Communication
"In an enterprise environment, How do you write reliable, maintainable end-to-end integration tests using Cypress without creating flaky tests?",Role-Specific Skills
What are the best practices for implementing database sharding in a high-scale service?,Technical Knowledge
"From your experience, What is the difference between monolithic architecture and HTTP/3?",Technical Knowledge
"In an enterprise environment, Tell me about a time you had to deliver bad news regarding project delays to an impatient product owner.?",Communication
"In your previous projects, Tell me about a situation where an automated rollback failed and you had to resolve a sudden disk I/O saturation freezing asynchronous write operations manually.?",Problem Solving
What is the difference between optimistic locking and GraphQL?,Technical Knowledge
"During a technical review, What is your approach to writing clear technical documentation, RFCs, and architectural decision records?",Communication
How do you identify whether a performance slowdown is caused by thread lock contention on shared resource caches or microservice circuit breaker tripping prematurely?,Problem Solving
"In your previous projects, How do you explain why refactoring technical debt prevents system crashes to non-technical business executives?",Communication
"In your previous projects, Tell me about an initiative you led from conception to delivery across multiple cross-functional teams.?",Leadership
"In an enterprise environment, Tell me about a time you had to deliver difficult feedback about confidence in contributing to architectural design reviews while maintaining trust.?",Leadership
Describe how you present technical trade-offs to product managers without coding background when choosing between a managed cloud proprietary service and a resilient scalable architecture with higher initial development cost.?,Communication
Could you walk me through: Tell me about a time you had to deliver bad news regarding project delays to an impatient product owner.?,Communication
"Hypothetically, How do you explain the difference between latency and throughput bottlenecks to sales and marketing stakeholders?",Communication
What are the key trade-offs between AWS Lambda serverless and Apache Flink when working on end-to-end regression validation?,Role-Specific Skills
How do you handle a situation where two senior engineers on your team strongly disagree on introducing GraphQL over RESTful API architecture?,Leadership
"From your experience, How do you configure and optimize Next.js SSR caching layers for enterprise production workloads?",Role-Specific Skills
Can you explain: How would you troubleshoot sudden memory exhaustion caused by an unindexed query locking the primary production database?,Problem Solving
Describe a challenging post-incident review where the root cause was traced back to thread lock contention on shared resource caches rather than TCP socket file descriptor leaks.?,Problem Solving
"In your previous projects, How do you approach troubleshooting an intermittent issue that only reproduces under high concurrent traffic?",Problem Solving
"In an enterprise environment, Tell me about a situation where an automated rollback failed and you had to resolve a Redis cluster split-brain event causing state inconsistency manually.?",Problem Solving
"In your previous projects, How do you explain why upgrading outdated runtime versions is critical for security to client account managers?",Communication
"As a senior engineer, What are the key trade-offs between AWS Lambda serverless and Kubernetes long-running deployments when working on end-to-end regression validation?",Role-Specific Skills
"From an architectural standpoint, Explain how you manage state and avoid unnecessary re-renders in Angular applications.?",Role-Specific Skills
"Hypothetically, Walk me through how you would isolate an issue when the API response time degrades from 50ms to 12 seconds happens right after a major framework upgrade.?",Problem Solving
"From an architectural standpoint, Describe a time when you had to convince an impatient product owner to prioritize migrating legacy monolithic databases to microservices.?",Communication
"Hypothetically, How do you explain database sharding and eventual consistency to product managers without coding background?",Communication
"From your experience, How do you motivate a cross-functional squad to align on strict test-driven development (TDD) without causing delivery friction?",Leadership
"In your previous projects, What best practices do you follow for building reusable design system components in Vue 3?",Role-Specific Skills
"Hypothetically, Can you share an example of a time when your initial hypothesis about a severe bug turned out to be wrong?",Problem Solving
How do you balance delegating important tasks to junior developers while maintaining high delivery quality?,Leadership
Could you walk me through: Describe a time when you mentored a junior software engineer who was struggling with understanding distributed systems trade-offs.?,Leadership
"In your previous projects, How do you drive consensus on adopting moving to container orchestration and GitOps when there is substantial resistance from legacy developers?",Leadership
"From your experience, How do you approach troubleshooting an intermittent issue that only reproduces under high concurrent traffic?",Problem Solving
What are the key trade-offs between Cypress and Kubernetes long-running deployments when working on cloud container orchestration?,Role-Specific Skills
"In your previous projects, What strategies do you use for mocking flaky third-party payment endpoints in Frontend Engineering?",Role-Specific Skills
"As a senior engineer, Describe a challenging post-incident review where the root cause was traced back to garbage collection pause times rather than underlying cloud network packet loss.?",Problem Solving
Could you walk me through: Describe a time when you had to convince the VP of Product to prioritize migrating legacy monolithic databases to microservices.?,Communication
"In an enterprise environment, How do you drive consensus on adopting moving to container orchestration and GitOps when there is substantial resistance from legacy developers?",Leadership
Could you walk me through: Describe how you run a blameless post-mortem so the team communicates openly about mistakes.?,Communication
How does WAL (write-ahead log) work under the hood in modern distributed systems?,Technical Knowledge
"In your previous projects, What are the key trade-offs between Docker Compose and Kubernetes long-running deployments when working on frontend state synchronization?",Role-Specific Skills
"From an architectural standpoint, How would you troubleshoot sudden memory exhaustion caused by an unexpected thread deadlock freezing background queue workers?",Problem Solving
"In your previous projects, Tell me about a time you stepped up to resolve an organizational deadlock involving enforcing 90% code coverage requirements on pull requests.?",Leadership
"Could you walk me through: How do you write reliable, maintainable end-to-end integration tests using Playwright without creating flaky tests?",Role-Specific Skills
"From your experience, How do you handle a situation where two senior engineers on your team strongly disagree on migrating to microservices versus modular monolith?",Leadership
"Hypothetically, Tell me about a situation where an automated rollback failed and you had to resolve an unexpected thread deadlock freezing background queue workers manually.?",Problem Solving
"As a senior engineer, Walk me through how you discovered and patched a silent data corruption bug in an asynchronous processing pipeline.?",Problem Solving
"In your previous projects, What happens from a networking perspective when a TLS 1.3 handshake is established occurs?",Technical Knowledge
Describe a time when you had to convince an impatient product owner to prioritize a comprehensive architectural refactor.?,Communication
Explain how content security policies (CSP) protects against common vulnerabilities in modern web applications.?,Technical Knowledge
"In your previous projects, in Cybersecurity Engineering, how do you implement virtualized list rendering for 100k items to ensure high performance?",Role-Specific Skills
"During a technical review, How do you establish engineering standards, code quality benchmarks, and automated testing rigor across a team?",Leadership
"From your experience, Describe a time when you had to convince an impatient product owner to prioritize a comprehensive architectural refactor.?",Communication
"Hypothetically, Describe a challenging post-incident review where the root cause was traced back to unbounded in-memory queue buffering rather than underlying cloud network packet loss.?",Problem Solving
"As a senior engineer, How do you write reliable, maintainable end-to-end integration tests using Playwright without creating flaky tests?",Role-Specific Skills
"As a senior engineer, Tell me about a time when you diagnosed and fixed an avalanche of unhandled exceptions crashing microservice pods in production.?",Problem Solving
Describe a time when you had to convince the Chief Operating Officer to prioritize a comprehensive architectural refactor.?,Communication
"From an architectural standpoint, How do indexes in PostgreSQL improve query performance and what are the overhead costs?",Technical Knowledge
What happens from a networking perspective when a user types a URL into a browser until the page renders occurs?,Technical Knowledge
Could you walk me through: How do you drive consensus on adopting adopting asynchronous event-driven architectures when there is substantial resistance from legacy developers?,Leadership
"From your experience, How do you handle disagreements during an architectural design meeting when consensus cannot be reached?",Communication
What is the difference between SQL databases and threads?,Technical Knowledge
"Hypothetically, Describe a time when you mentored a talented engineer struggling with imposter syndrome who was struggling with handling ambiguous technical specifications.?",Leadership
"In an enterprise environment, How do you configure and optimize Next.js SSR caching layers for enterprise production workloads?",Role-Specific Skills
"From your experience, How do you configure and optimize Apache Airflow DAG schedulers for enterprise production workloads?",Role-Specific Skills
"Hypothetically, Tell me about a difficult conversation you had with an external vendor technical contact and how you reached mutual agreement.?",Communication
"In your previous projects, Describe a time when you mentored a junior software engineer who was struggling with code quality and test design.?",Leadership
"As a senior engineer, How do you approach troubleshooting an intermittent issue that disappears immediately whenever verbose debug logging is enabled?",Problem Solving
"During a technical review, Describe a situation where executive management proposed an unreasonable technical mandate. How did you push back?",Leadership
"During a technical review, How do you explain database sharding and eventual consistency to customer support specialists?",Communication
"In an enterprise environment, Walk me through your step-by-step debugging process when memory consumption steadily climbs linearly until container restarts occurs on a mission-critical service.?",Problem Solving
"From your experience, Describe how you supported a talented engineer struggling with imposter syndrome in transitioning to higher-impact architectural responsibilities.?",Leadership
"From your experience, How do you triage and prioritize five simultaneous critical production alerts during an on-call shift?",Problem Solving
"In your previous projects, Describe a time when you had to manage an underperforming team member. How did you handle the situation empathetically?",Leadership
Can you explain: Describe a challenging post-incident review where the root cause was traced back to unbounded in-memory queue buffering rather than unoptimized disk I/O swapping.?,Problem Solving
Can you explain: How do you explain why distributed consensus algorithms cannot guarantee zero latency to customer support specialists?,Communication
Describe a challenging post-incident review where the root cause was traced back to DNS query resolution latency rather than unoptimized disk I/O swapping.?,Problem Solving
"Hypothetically, How do you handle a situation where two senior engineers on your team strongly disagree on migrating to microservices versus modular monolith?",Leadership
"How would you design a system that handles 100,000 requests per second using circuit breaker pattern?",Technical Knowledge
"From your experience, How do you write reliable, maintainable end-to-end integration tests using Selenium Grid without creating flaky tests?",Role-Specific Skills
"As a senior engineer, in Cybersecurity Engineering, how do you implement zero-trust identity-aware network segmentation to ensure high performance?",Role-Specific Skills
"How do you ensure accessibility, cross-browser compatibility, and WCAG compliance in complex single-page applications?",Role-Specific Skills
"From an architectural standpoint, Describe a time when you had to convince the VP of Product to prioritize allocating 30% of sprint capacity to test automation.?",Communication
"From your experience, Tell me about a situation where an automated rollback failed and you had to resolve a Redis cluster split-brain event causing state inconsistency manually.?",Problem Solving
What is the difference between REST and threads?,Technical Knowledge
"Hypothetically, Describe how you supported a newly hired backend developer adjusting to company codebase in transitioning to higher-impact architectural responsibilities.?",Leadership
"How do you profile and eliminate bundle bloat, tree-shaking failures, and excessive CSS in modern web applications?",Role-Specific Skills
Can you explain: How would you troubleshoot sudden memory exhaustion caused by a Redis cluster split-brain event causing state inconsistency?,Problem Solving
"During a technical review, What are the key trade-offs between React Server Components and Client-Side Hydration when working on cloud container orchestration?",Role-Specific Skills
"As a senior engineer, Tell me about a time you stepped up to resolve an organizational deadlock involving migrating to microservices versus modular monolith.?",Leadership
Can you explain: Describe an incident where a faulty deployment caused widespread 500 server errors. What was your immediate mitigation?,Problem Solving
"Hypothetically, What is the difference between synchronous and asynchronous processing in event-driven architecture?",Technical Knowledge
"From your experience, Tell me about a time you stepped up to resolve an organizational deadlock involving decoupling legacy monolithic database schemas.?",Leadership
How would you design a system that handles real-time analytics over petabytes of data using consistent hashing?,Technical Knowledge
"During a technical review, Tell me about a situation where an automated rollback failed and you had to resolve a runaway recursive background job consuming all available CPU manually.?",Problem Solving
"In your previous projects, How does garbage collection work in Rust and how can you minimize stop-the-world pauses?",Technical Knowledge
"During a technical review, How do you handle a situation where two senior engineers on your team strongly disagree on choosing between Go and Rust for a new microservice?",Leadership
Could you walk me through: Describe an incident where a faulty deployment caused widespread 500 server errors. What was your immediate mitigation?,Problem Solving
"Hypothetically, What strategies do you use for active listening when a colleague expresses frustration with your proposal?",Communication
"From an architectural standpoint, in DevOps & Cloud SRE, how do you implement idempotent ELT data pipelines in Snowflake to ensure high performance?",Role-Specific Skills
Walk me through how you solved a stubborn distributed race condition that only occurred once every thousand requests.?,Problem Solving
"From an architectural standpoint, How do you foster a psychological safety culture where developers feel safe admitting mistakes and proposing bold ideas?",Leadership
Can you explain: How do you investigate intermittent latency regressions when TCP socket file descriptor leaks is suspected?,Problem Solving
Describe how you present technical trade-offs to non-technical business executives when choosing between faster time-to-market with accumulated tech debt and a resilient scalable architecture with higher initial development cost.?,Communication
Tell me about a time you had to deliver bad news regarding project delays to the enterprise customer success director.?,Communication
Can you explain: How do you drive consensus on adopting mandatory peer code reviews and static security scanning when there is substantial resistance from legacy developers?,Leadership
What is the difference between synchronous and asynchronous processing in rate limiting?,Technical Knowledge
How do you identify whether a performance slowdown is caused by database connection pooling saturation or unoptimized disk I/O swapping?,Problem Solving
"During a technical review, Can you share an experience where miscommunication led to a bug or delay, and how you corrected it?",Communication
What are the key trade-offs between Docker Compose and Client-Side Hydration when working on end-to-end regression validation?,Role-Specific Skills
How does memory-mapped files work under the hood in modern distributed systems?,Technical Knowledge
"Hypothetically, Explain the principles of Service Mesh and when you would avoid it.?",Technical Knowledge
Describe how you supported a career switcher unfamiliar with production pipelines in transitioning to higher-impact architectural responsibilities.?,Leadership
"In your previous projects, How do you communicate a critical production outage to the Chief Operating Officer during active incident response?",Communication
"In an enterprise environment, Describe a time when you mentored a talented engineer struggling with imposter syndrome who was struggling with code quality and test design.?",Leadership
Can you explain: Tell me about a time you had to deliver bad news regarding project delays to the VP of Product.?,Communication
"In your previous projects, How do you handle situations where a the VP of Product demands a delivery deadline you believe is unrealistic?",Communication
"In your previous projects, Describe how you present technical trade-offs to client account managers when choosing between a managed cloud proprietary service and purchasing an off-the-shelf third-party integration.?",Communication
Can you explain: What is the difference between synchronous and asynchronous processing in memory-mapped files?,Technical Knowledge
"From your experience, How do you handle a situation where two senior engineers on your team strongly disagree on enforcing 90% code coverage requirements on pull requests?",Leadership
"In an enterprise environment, Describe how you supported a junior software engineer in transitioning to higher-impact architectural responsibilities.?",Leadership
"In your previous projects, How do you communicate the long-term cost of technical debt to executive leadership who only want new features?",Communication
"From an architectural standpoint, How do you handle situations where a a non-technical client sponsor demands a delivery deadline you believe is unrealistic?",Communication
What are the internal mechanics of goroutines vs OS threads in Go?,Technical Knowledge
"As a senior engineer, How do you write reliable, maintainable end-to-end integration tests using Jest and React Testing Library without creating flaky tests?",Role-Specific Skills
How do you explain why upgrading outdated runtime versions is critical for security to product managers without coding background?,Communication
Tell me about a time you noticed an engineer feeling burned out or disengaged. What actions did you take?,Leadership
Describe how you present technical trade-offs to client account managers when choosing between building a customized in-house solution and an open-source self-hosted cluster.?,Communication
"From your experience, How do you identify whether a performance slowdown is caused by garbage collection pause times or application thread lock contention?",Problem Solving
What are the internal mechanics of GIL (Global Interpreter Lock) in Go?,Technical Knowledge
What is the difference between SQL databases and GraphQL?,Technical Knowledge
"From your experience, How do you diagnose memory leaks in long-running containerized microservices without restarting the cluster?",Problem Solving
Can you explain: Tell me about an initiative you led from conception to delivery across multiple cross-functional teams.?,Leadership
"As a senior engineer, Describe how you supported a talented engineer struggling with imposter syndrome in transitioning to higher-impact architectural responsibilities.?",Leadership
What are the best practices for implementing event-driven architecture in a high-scale service?,Technical Knowledge
"From an architectural standpoint, Walk me through your step-by-step debugging process when Kafka consumer lag continuously grows without consumer rebalancing occurs on a mission-critical service.?",Problem Solving
"Hypothetically, How do you explain why upgrading outdated runtime versions is critical for security to product managers without coding background?",Communication
"In your previous projects, Tell me about a time you successfully onboarded multiple new engineers while maintaining ongoing sprint commitments.?",Leadership
Could you walk me through: What is your approach to setting up distributed tracing with OpenTelemetry and Jaeger across microservices?,Role-Specific Skills
"From your experience, Tell me about a time you had to deliver bad news regarding project delays to the enterprise customer success director.?",Communication
"From an architectural standpoint, Explain how you manage state and avoid unnecessary re-renders in Vue 3 applications.?",Role-Specific Skills
"As a senior engineer, in Data Engineering, how do you implement contract testing between microservices with Pact to ensure high performance?",Role-Specific Skills
Walk me through your step-by-step debugging process when the API response time degrades from 50ms to 12 seconds occurs on a mission-critical service.?,Problem Solving
"During a technical review, Describe a challenging post-incident review where the root cause was traced back to DNS query resolution latency rather than downstream third-party rate limits.?",Problem Solving
"From an architectural standpoint, What best practices do you follow for building reusable design system components in React?",Role-Specific Skills
"During a technical review, How do you handle a situation where two senior engineers on your team strongly disagree on enforcing 90% code coverage requirements on pull requests?",Leadership
How would you design a system that handles low-latency financial transactions under 5ms using read-write replicas?,Technical Knowledge
"Could you walk me through: What is your approach to writing clear technical documentation, RFCs, and architectural decision records?",Communication
"As a senior engineer, Describe a time when you mentored a career switcher unfamiliar with production pipelines who was struggling with code quality and test design.?",Leadership
Describe how you design a resilient pipeline for zero-downtime database schema migration in modern cloud infrastructure.?,Role-Specific Skills
Describe a challenging post-incident review where the root cause was traced back to thread lock contention on shared resource caches rather than application thread lock contention.?,Problem Solving
"In an enterprise environment, Describe how you design a resilient pipeline for zero-downtime database schema migration in modern cloud infrastructure.?",Role-Specific Skills
"In your previous projects, Describe how you present technical trade-offs to customer support specialists when choosing between faster time-to-market with accumulated tech debt and purchasing an off-the-shelf third-party integration.?",Communication
"Hypothetically, How do you identify whether a performance slowdown is caused by garbage collection pause times or TCP socket file descriptor leaks?",Problem Solving
"During a technical review, Describe how you present technical trade-offs to customer support specialists when choosing between a managed cloud proprietary service and a resilient scalable architecture with higher initial development cost.?",Communication
"Hypothetically, in QA Automation, how do you implement zero-trust identity-aware network segmentation to ensure high performance?",Role-Specific Skills
Can you explain: How do you balance delegating important tasks to junior developers while maintaining high delivery quality?,Leadership
"In an enterprise environment, in QA Automation, how do you implement zero-trust identity-aware network segmentation to ensure high performance?",Role-Specific Skills
"As a senior engineer, Tell me about a time you stepped up to resolve an organizational deadlock involving authorizing third-party cloud vendor lock-in.?",Leadership
"In your previous projects, Walk me through how you would isolate an issue when Kafka consumer lag continuously grows without consumer rebalancing happens right after a major framework upgrade.?",Problem Solving
What is the difference between monolithic architecture and UDP?,Technical Knowledge
How do you identify whether a performance slowdown is caused by unbounded in-memory queue buffering or underlying cloud network packet loss?,Problem Solving
"As a senior engineer, How do you drive consensus on adopting implementing observability and distributed tracing standards when there is substantial resistance from legacy developers?",Leadership
"In an enterprise environment, Can you explain the difference between stateful services and functional programming in software engineering?",Technical Knowledge
"As a senior engineer, Tell me about a time you stepped up to resolve an organizational deadlock involving decoupling legacy monolithic database schemas.?",Leadership
Describe how you present technical trade-offs to non-technical business executives when choosing between building a customized in-house solution and purchasing an off-the-shelf third-party integration.?,Communication
"From an architectural standpoint, How do you drive consensus on adopting automated CI/CD trunk-based development when there is substantial resistance from legacy developers?",Leadership
What is the difference between Blue-Green deployments and Canary deployments in Kubernetes?,Role-Specific Skills
"During a technical review, Describe a challenging post-incident review where the root cause was traced back to CPU throttling by Kubernetes CFS quota rather than TCP socket file descriptor leaks.?",Problem Solving
Could you walk me through: How do you handle data consistency and isolation levels in MySQL InnoDB?,Technical Knowledge
"In your previous projects, What are the key trade-offs between Docker Compose and Playwright when working on end-to-end regression validation?",Role-Specific Skills
Tell me about a situation where an automated rollback failed and you had to resolve a runaway recursive background job consuming all available CPU manually.?,Problem Solving
How do you handle a situation where two senior engineers on your team strongly disagree on choosing between Go and Rust for a new microservice?,Leadership
"From an architectural standpoint, What is your approach to writing clear technical documentation, RFCs, and architectural decision records?",Communication
"From an architectural standpoint, Describe a complex technical problem where you had very limited log data and monitoring. How did you isolate root cause?",Problem Solving
"From an architectural standpoint, Explain how rate limiting impacts latency, throughput, and fault tolerance.?",Technical Knowledge
Can you explain: How do you configure and optimize Kubernetes ingress controllers for enterprise production workloads?,Role-Specific Skills
"From your experience, How do you drive consensus on adopting adopting asynchronous event-driven architectures when there is substantial resistance from legacy developers?",Leadership
What are the key trade-offs between Docker Compose and Client-Side Hydration when working on cloud container orchestration?,Role-Specific Skills
"As a senior engineer, What is the time and space complexity of Dijkstra's shortest path algorithm and how can it be optimized?",Technical Knowledge
"Hypothetically, How do you debug an application that runs perfectly in local staging but fails intermittently in Kubernetes production?",Problem Solving
"As a senior engineer, What strategies do you use for active listening when a colleague expresses frustration with your proposal?",Communication
"During a technical review, Describe a time when you mentored a newly hired backend developer adjusting to company codebase who was struggling with proactive communication during blockers.?",Leadership
"Hypothetically, What strategies do you use for hardening Linux kernel parameters against DDoS in Data Engineering?",Role-Specific Skills
Can you explain: Describe a time when you had to make a high-stakes engineering trade-off under intense time pressure.?,Problem Solving
Tell me about a time you successfully onboarded multiple new engineers while maintaining ongoing sprint commitments.?,Leadership
Could you walk me through: How do you explain why upgrading outdated runtime versions is critical for security to non-technical business executives?,Communication
"During a technical review, What is the time and space complexity of Topological Sort for DAG dependencies and how can it be optimized?",Technical Knowledge
Can you explain: Describe how you design a resilient pipeline for real-time financial transaction ingestion in modern cloud infrastructure.?,Role-Specific Skills
Can you explain: How do you articulate complex system constraints during cross-functional sprint planning sessions?,Communication
"From your experience, Describe a scenario where you had to lead a project with ambiguous requirements and tight organizational deadlines.?",Leadership
What is the time and space complexity of QuickSort vs MergeSort and how can it be optimized?,Technical Knowledge
"As a senior engineer, in Cybersecurity Engineering, how do you implement contract testing between microservices with Pact to ensure high performance?",Role-Specific Skills
"Hypothetically, How do indexes in Redis improve query performance and what are the overhead costs?",Technical Knowledge
Can you explain: How do you explain why refactoring technical debt prevents system crashes to non-technical business executives?,Communication
"In your previous projects, Describe a time when you mentored a career switcher unfamiliar with production pipelines who was struggling with time management and estimation accuracy.?",Leadership
"As a senior engineer, What is your approach to writing clear technical documentation, RFCs, and architectural decision records?",Communication
"From an architectural standpoint, How do you handle disagreements during an architectural design meeting when consensus cannot be reached?",Communication
Could you walk me through: How do you balance delegating important tasks to junior developers while maintaining high delivery quality?,Leadership
Describe a time when you mentored a talented engineer struggling with imposter syndrome who was struggling with handling ambiguous technical specifications.?,Leadership
"From an architectural standpoint, in QA Automation, how do you implement zero-trust identity-aware network segmentation to ensure high performance?",Role-Specific Skills
"In an enterprise environment, How do you identify whether a performance slowdown is caused by database connection pooling saturation or downstream third-party rate limits?",Problem Solving
Tell me about an initiative you led from conception to delivery across multiple cross-functional teams.?,Leadership
How do you explain why upgrading outdated runtime versions is critical for security to customer support specialists?,Communication
"Hypothetically, What best practices do you follow for building reusable design system components in Svelte?",Role-Specific Skills
"In an enterprise environment, Describe a situation where a third-party dependency failed unexpectedly in production. How did you resolve the outage?",Problem Solving
Could you walk me through: What are the best practices for implementing circuit breaker pattern in a high-scale service?,Technical Knowledge
"From your experience, Explain how you manage state and avoid unnecessary re-renders in React applications.?",Role-Specific Skills
What are the key trade-offs between Cypress and Playwright when working on microservice communication?,Role-Specific Skills
What are the key trade-offs between Cypress and Kubernetes Pods when working on cloud container orchestration?,Role-Specific Skills
"Hypothetically, How do you identify whether a performance slowdown is caused by thread lock contention on shared resource caches or TCP socket file descriptor leaks?",Problem Solving
"Can you explain: What methodology do you apply when decomposing a messy, undocumented legacy system bug?",Problem Solving
"From an architectural standpoint, How do indexes in MongoDB improve query performance and what are the overhead costs?",Technical Knowledge
How do you explain the difference between latency and throughput bottlenecks to customer support specialists?,Communication
"During a technical review, Explain the CAP theorem and how read-write replicas chooses between consistency and availability.?",Technical Knowledge
"As a senior engineer, Tell me about a time you had to deliver difficult feedback about handling ambiguous technical specifications while maintaining trust.?",Leadership
"In your previous projects, Describe a challenging post-incident review where the root cause was traced back to DNS query resolution latency rather than application thread lock contention.?",Problem Solving
"In your previous projects, How do you configure and optimize HashiCorp Vault for secrets for enterprise production workloads?",Role-Specific Skills
"From your experience, How do you handle situations where a the enterprise customer success director demands a delivery deadline you believe is unrealistic?",Communication
"What is your approach to writing clear technical documentation, RFCs, and architectural decision records?",Communication
"How do you deliver constructive, critical code review feedback without offending a legacy system maintainer?",Communication
"From your experience, What strategies do you use for active listening when a colleague expresses frustration with your proposal?",Communication
"As a senior engineer, How do you configure and optimize Next.js SSR caching layers for enterprise production workloads?",Role-Specific Skills
How do you manage database migrations safely with zero-downtime using tools like Flyway or Liquibase in Data Engineering?,Role-Specific Skills
